File Name,Iteration,Elapsed (s),File Size (bytes),Payload Size (bytes),Throughput (kB/s)
100B,0,0.005913439999858383,100,112,16.910630699287527
100B,1,0.004521705999650294,100,112,22.11554665600416
100B,2,0.004812313000002177,100,112,20.780028231736953
100B,3,0.005306162000124459,100,112,18.84601337042752
100B,4,0.005322949999026605,100,112,18.786575116859403
100B,5,0.004359833999842522,100,112,22.936653093583846
100B,6,0.005564353999943705,100,112,17.97153811583729
100B,7,0.005515246999493684,100,112,18.13155421854729
100B,8,0.005003869999200106,100,112,19.984531975448107
100B,9,0.00583150599959481,100,112,17.148228949253983
100B,10,0.005688012000973686,100,112,17.5808349178732
100B,11,0.004767478001667769,100,112,20.97545074461126
100B,12,0.005963801000689273,100,112,16.767829776419838
100B,13,0.005266926000331296,100,112,18.986406870669892
100B,14,0.005256798000118579,100,112,19.022986996598362
100B,15,0.005460158999994746,100,112,18.314484981132644
100B,16,0.005079568998553441,100,112,19.686709645735295
100B,17,0.005390925000028801,100,112,18.549692306879756
100B,18,0.005001200001061079,100,112,19.995201147481307
100B,19,0.00417986000138626,100,112,23.924246258686843
100B,20,0.004471914000532706,100,112,22.361789602413584
100B,21,0.0046136179989844095,100,112,21.674963124821538
100B,22,0.0038120619992696447,100,112,26.232521931479358
100B,23,0.004506870998739032,100,112,22.18834309390679
100B,24,0.003752664000785444,100,112,26.64773610935317
100B,25,0.003966561998822726,100,112,25.210749265908348
100B,26,0.0036733840006490937,100,112,27.222854997552616
100B,27,0.003942125000321539,100,112,25.367029201723312
100B,28,0.004217917999994825,100,112,23.708379347375338
100B,29,0.004133527998419595,100,112,24.192409011922457
100B,30,0.003200219000063953,100,112,31.247861473855885
100B,31,0.0032921099991654046,100,112,30.375655742168817
100B,32,0.0035338010002305964,100,112,28.298141291338858
100B,33,0.004185337998933392,100,112,23.89293290660979
100B,34,0.004386134000014863,100,112,22.79912104820809
100B,35,0.0042690919999586185,100,112,23.424184815171312
100B,36,0.0041815250006038696,100,112,23.91472010464092
100B,37,0.004227847999572987,100,112,23.652695179698988
100B,38,0.004353517000708962,100,112,22.969934419393606
100B,39,0.004108000999622163,100,112,24.34273993828083
100B,40,0.004199331999188871,100,112,23.813311264581046
100B,41,0.0037625219993060455,100,112,26.57791768883846
100B,42,0.004711396999482531,100,112,21.22512707186071
100B,43,0.0050543390007078415,100,112,19.784980783045096
100B,44,0.006379442000252311,100,112,15.675352169679563
100B,45,0.005742244000430219,100,112,17.414794632988052
100B,46,0.005147419000422815,100,112,19.42721196618847
100B,47,0.006281149000642472,100,112,15.920654006101659
100B,48,0.005264699000690598,100,112,18.99443823604777
100B,49,0.0061571490005007945,100,112,16.241283099023015
100B,50,0.004317373999583651,100,112,23.16222778236112
100B,51,0.004512441999395378,100,112,22.160949661712884
100B,52,0.0054367819993785815,100,112,18.3932333522716
100B,53,0.005630067000311101,100,112,17.761777967202576
100B,54,0.00465962799898989,100,112,21.460940663434485
100B,55,0.005113867999170907,100,112,19.554669775640015
100B,56,0.004683572999056196,100,112,21.351220536148656
100B,57,0.004729044998384779,100,112,21.145918474904622
100B,58,0.004846473000725382,100,112,20.633561764407393
100B,59,0.005861576000825153,100,112,17.06025819437003
100B,60,0.005613654000626411,100,112,17.813709214860996
100B,61,0.005546930999116739,100,112,18.027987010460993
100B,62,0.004730616001324961,100,112,21.138896070192928
100B,63,0.004948024001350859,100,112,20.210087900280804
100B,64,0.004902185999526409,100,112,20.3990627874301
100B,65,0.005280887000481016,100,112,18.93621279737502
100B,66,0.0055294550002145115,100,112,18.084964973242492
100B,67,0.00560776100064686,100,112,17.83242901907997
100B,68,0.005847427000844618,100,112,17.101538845299945
100B,69,0.0052701949989568675,100,112,18.974629974752936
100B,70,0.005369086000428069,100,112,18.62514401744117
100B,71,0.005091073999210494,100,112,19.642220878248413
100B,72,0.003788223000810831,100,112,26.397601191533873
100B,73,0.00356396200004383,100,112,28.05866055776414
100B,74,0.004787726000358816,100,112,20.886742472836897
100B,75,0.00421130300128425,100,112,23.745619816361987
100B,76,0.00504261999958544,100,112,19.830960891009262
100B,77,0.005041480000727461,100,112,19.835445144197834
100B,78,0.004887854998742114,100,112,20.45887204627284
100B,79,0.005269927998597268,100,112,18.97559132242749
100B,80,0.004984134000551421,100,112,20.063666022810878
100B,81,0.004966611999407178,100,112,20.134449804401097
100B,82,0.005209591001403169,100,112,19.19536485168714
100B,83,0.004706088000602904,100,112,21.24907141285689
100B,84,0.004577604000587598,100,112,21.845489471602093
100B,85,0.004504141999859712,100,112,22.20178671167886
100B,86,0.005296105000525131,100,112,18.88180086876763
100B,87,0.005054291999840643,100,112,19.785164767518953
100B,88,0.006171777000417933,100,112,16.20278892014866
100B,89,0.006173873000079766,100,112,16.197288152624456
100B,90,0.005542565000723698,100,112,18.042188045957584
100B,91,0.004616684000211535,100,112,21.660568493624
100B,92,0.0043621889999485575,100,112,22.924270360862234
100B,93,0.004390074000184541,100,112,22.778659310935627
100B,94,0.005573663000177476,100,112,17.94152247755485
100B,95,0.0056475600013072835,100,112,17.706761854119698
100B,96,0.005348599999706494,100,112,18.696481323241137
100B,97,0.004908238999632886,100,112,20.373905999173953
100B,98,0.005531541999516776,100,112,18.078141684314392
100B,99,0.004429038001035224,100,112,22.578266426394727
100B,100,0.0047795179998502135,100,112,20.922611862353886
100B,101,0.005656015999193187,100,112,17.680289450076643
100B,102,0.005577547000939376,100,112,17.92902865420191
100B,103,0.004782198999237153,100,112,20.910882214636363
100B,104,0.005303663998347474,100,112,18.854889757563488
100B,105,0.005348087001038948,100,112,18.69827472525661
100B,106,0.004502518999288441,100,112,22.209789679022695
100B,107,0.004961388000083389,100,112,20.15564999115555
100B,108,0.004660046999561018,100,112,21.45901103774707
100B,109,0.005165133999980753,100,112,19.360581932699642
100B,110,0.006032737999703386,100,112,16.576221278781997
100B,111,0.008476619999782997,100,112,11.797154998402668
100B,112,0.005529747000764473,100,112,18.08400998927713
100B,113,0.005176989001483889,100,112,19.316247334374637
100B,114,0.00495806800063292,100,112,20.16914652788839
100B,115,0.005039658000896452,100,112,19.84261630098948
100B,116,0.004808349000086309,100,112,20.79715927404708
100B,117,0.00545919199976197,100,112,18.3177290713278
100B,118,0.005160477001481922,100,112,19.378053612346925
100B,119,0.005742250999901444,100,112,17.41477340536252
100B,120,0.00637330100107647,100,112,15.690456167551115
100B,121,0.00603327899989381,100,112,16.574734899838063
100B,122,0.0052287250000517815,100,112,19.125121324799004
100B,123,0.004582163001032313,100,112,21.823754409756056
100B,124,0.004556247000436997,100,112,21.947888248905038
100B,125,0.005134499999257969,100,112,19.47609309853966
100B,126,0.006329637999442639,100,112,15.798691806514935
100B,127,0.0053524219983955845,100,112,18.683130745291667
100B,128,0.005667270999765606,100,112,17.645177018027887
100B,129,0.0052177620000293246,100,112,19.165304971640712
100B,130,0.004962471999533591,100,112,20.151247202885724
100B,131,0.004974106001100154,100,112,20.104115187308512
100B,132,0.004978667999239406,100,112,20.08569360625715
100B,133,0.005256534999716678,100,112,19.023938774380827
100B,134,0.005470017000334337,100,112,18.281478831580927
100B,135,0.005309601001499686,100,112,18.833806904088497
100B,136,0.005883466001250781,100,112,16.996783864943
100B,137,0.005344843000784749,100,112,18.709623460467903
100B,138,0.005103220999444602,100,112,19.595467257029096
100B,139,0.004648951999115525,100,112,21.51022424387803
100B,140,0.00506786000005377,100,112,19.732194653944465
100B,141,0.0053889659993728856,100,112,18.556435503886462
100B,142,0.005495400000654627,100,112,18.197037520123693
100B,143,0.005460541000502417,100,112,18.313203763289962
100B,144,0.0059511729996302165,100,112,16.803410017859274
100B,145,0.00545974099986779,100,112,18.315887146005924
100B,146,0.0049632099999143975,100,112,20.14825082995173
100B,147,0.0038597330003540264,100,112,25.90852786729748
100B,148,0.004407118000017363,100,112,22.69056558041015
100B,149,0.0054173179996723775,100,112,18.459318800566567
100B,150,0.005479107001519878,100,112,18.251149315437804
100B,151,0.0052817249998042826,100,112,18.933208374859646
100B,152,0.005189922001591185,100,112,19.26811230868997
100B,153,0.005536862001463305,100,112,18.060771601960024
100B,154,0.005024586000217823,100,112,19.902137210043744
100B,155,0.005224503000135883,100,112,19.140576624685472
100B,156,0.005065956000180449,100,112,19.739610844712825
100B,157,0.00512118900041969,100,112,19.5267153764106
100B,158,0.006171443001221633,100,112,16.203665816925646
100B,159,0.005611773000055109,100,112,17.819680161513656
100B,160,0.005098317998999846,100,112,19.614312018123886
100B,161,0.005082880001282319,100,112,19.67388566615222
100B,162,0.004911153999273665,100,112,20.361813132878645
100B,163,0.013957704999484122,100,112,7.164501614247902
100B,164,0.004444592001163983,100,112,22.499253018907304
100B,165,0.004847438000069815,100,112,20.629454156723565
100B,166,0.004542262999166269,100,112,22.01545793767445
100B,167,0.003223337000235915,100,112,31.02374960876912
100B,168,0.003863526000714046,100,112,25.883092279311253
100B,169,0.004532855999059393,100,112,22.061146442938153
100B,170,0.004373677000330645,100,112,22.864056946235426
100B,171,0.003983913000411121,100,112,25.100949742045188
100B,172,0.0032797789990581805,100,112,30.489859234026422
100B,173,0.0032179209993046243,100,112,31.07596489211807
100B,174,0.005240669001068454,100,112,19.08153328890114
100B,175,0.005219028000283288,100,112,19.16065596784919
100B,176,0.005205209001360345,100,112,19.211524450577432
100B,177,0.005695701000149711,100,112,17.557101399348653
100B,178,0.003934473999834154,100,112,25.416358070790455
100B,179,0.0038892020002094796,100,112,25.712215512234597
100B,180,0.004601452999850153,100,112,21.7322658741177
100B,181,0.004200714000035077,100,112,23.80547687825569
100B,182,0.003879141000652453,100,112,25.778903108492443
100B,183,0.004030977999718743,100,112,24.807875410626743
100B,184,0.004796437000550213,100,112,20.848809228293565
100B,185,0.00418824799999129,100,112,23.87633206061531
100B,186,0.004486760999498074,100,112,22.28779291145368
100B,187,0.004269153998393449,100,112,23.42384463939029
100B,188,0.003242336999392137,100,112,30.841951351370227
100B,189,0.0038048530004743952,100,112,26.282224303417724
100B,190,0.004258794000634225,100,112,23.480825788969334
100B,191,0.005190633999518468,100,112,19.265469306692964
100B,192,0.005330379999577417,100,112,18.76038856665525
100B,193,0.004090868000275805,100,112,24.444689976126835
100B,194,0.003821958000116865,100,112,26.164599400867896
100B,195,0.004494120999879669,100,112,22.251292300024303
100B,196,0.0044405630014807684,100,112,22.519666980662944
100B,197,0.00349451600050088,100,112,28.616266168381166
100B,198,0.0028034110000589862,100,112,35.67083099762964
100B,199,0.0030398050002986565,100,112,32.896846998467055
100B,200,0.004210501001580269,100,112,23.75014278881976
100B,201,0.004276087000107509,100,112,23.385866563866873
100B,202,0.004913531000056537,100,112,20.351962773583672
100B,203,0.00515733599968371,100,112,19.38985553900945
100B,204,0.005621394000627333,100,112,17.789181827290573
100B,205,0.005516027998965001,100,112,18.12898702087145
100B,206,0.005576121000558487,100,112,17.933613705653862
100B,207,0.0046990640003059525,100,112,21.280833798707377
100B,208,0.004981736999980058,100,112,20.0733198080108
100B,209,0.003917546999218757,100,112,25.52617748298671
100B,210,0.003706220999447396,100,112,26.9816613782368
100B,211,0.004863430000114022,100,112,20.56162009068816
100B,212,0.004152211000473471,100,112,24.08355451796576
100B,213,0.0035257079998700647,100,112,28.363097568966392
100B,214,0.0034685869995882967,100,112,28.830183591148064
100B,215,0.003938557998480974,100,112,25.390003153074826
100B,216,0.004155143999014399,100,112,24.066554618496983
100B,217,0.0038734600002499064,100,112,25.81671167213505
100B,218,0.003520750000461703,100,112,28.403039121461685
100B,219,0.0038660450009047054,100,112,25.86622762450998
100B,220,0.005399957999543403,100,112,18.51866255412645
100B,221,0.005400419000579859,100,112,18.51708172815159
100B,222,0.005438465999759501,100,112,18.38753795728836
100B,223,0.005639611999868066,100,112,17.731716295791166
100B,224,0.005192206001083832,100,112,19.259636458785685
100B,225,0.005869511000128114,100,112,17.03719440986094
100B,226,0.005856969000888057,100,112,17.073677525839322
100B,227,0.0042720319997897604,100,112,23.40806436022045
100B,228,0.0046957670001575025,100,112,21.295775534996917
100B,229,0.00445461500021338,100,112,22.448629117266005
100B,230,0.0049535420002939645,100,112,20.187574869470286
100B,231,0.003595473999666865,100,112,27.812744580899597
100B,232,0.003930394999770215,100,112,25.44273540085573
100B,233,0.00445100300021295,100,112,22.466846235604805
100B,234,0.004639397000573808,100,112,21.554525294479397
100B,235,0.004136681998716085,100,112,24.173963585075505
100B,236,0.0035324119999131653,100,112,28.309268568462066
100B,237,0.004407411001011496,100,112,22.689057130603455
100B,238,0.004822799999601557,100,112,20.73484283160439
100B,239,0.00443027199980861,100,112,22.571977522897026
100B,240,0.00444030099970405,100,112,22.520995762824434
100B,241,0.0030549200000677956,100,112,32.73408141548085
100B,242,0.0034750729992083507,100,112,28.776373912945367
100B,243,0.003904144999978598,100,112,25.61380276617497
100B,244,0.005097478999232408,100,112,19.617540359667647
100B,245,0.004918439999528346,100,112,20.331649874673577
100B,246,0.004917164000289631,100,112,20.336925917888806
100B,247,0.005268517999866162,100,112,18.98066970683982
100B,248,0.005045630001404788,100,112,19.819130608498504
100B,249,0.005509794000317925,100,112,18.14949887313933
100B,250,0.005490386998644681,100,112,18.21365233902188
100B,251,0.005950814000243554,100,112,16.804423730250555
100B,252,0.006051401998774963,100,112,16.525096171142465
100B,253,0.0051944669994554715,100,112,19.251253306736352
100B,254,0.005849552000654512,100,112,17.095326272646332
100B,255,0.005189440998947248,100,112,19.26989824535753
100B,256,0.005452904999401653,100,112,18.338848744104837
100B,257,0.004196035999484593,100,112,23.832016696778386
100B,258,0.004518756999459583,100,112,22.12997955233251
100B,259,0.004833523000343121,100,112,20.688843312197175
100B,260,0.004535738000413403,100,112,22.04712882245087
100B,261,0.0035791700011031935,100,112,27.939438464553902
100B,262,0.0034353089995420305,100,112,29.109462937200483
100B,263,0.00411287099996116,100,112,24.313915997108673
100B,264,0.004647984998882748,100,112,21.514699385655792
100B,265,0.004345362998719793,100,112,23.013037122436366
100B,266,0.003483297999991919,100,112,28.708425176436812
100B,267,0.00503593499888666,100,112,19.857285692152086
100B,268,0.004438477000803687,100,112,22.530250800419317
100B,269,0.004733499999929336,100,112,21.126016689868564
100B,270,0.0037731939992227126,100,112,26.50274542485763
100B,271,0.0029110349987604422,100,112,34.35204318827542
100B,272,0.00286847399911494,100,112,34.86174182888001
100B,273,0.004332253000029596,100,112,23.082677765891525
100B,274,0.005189531000723946,100,112,19.269564048475647
100B,275,0.00504373599869723,100,112,19.826573005769824
100B,276,0.005594294998445548,100,112,17.875353378358913
100B,277,0.004632788999515469,100,112,21.585269696171945
100B,278,0.0047690139999758685,100,112,20.96869499659804
100B,279,0.004553700000542449,100,112,21.960164259412725
100B,280,0.005560548001085408,100,112,17.983838999408007
100B,281,0.00533844500023406,100,112,18.73204650335736
100B,282,0.005447785000797012,100,112,18.356084167302857
100B,283,0.00530489799893985,100,112,18.85050382118268
100B,284,0.004583761001413222,100,112,21.816146166689087
100B,285,0.00547035199997481,100,112,18.2803592895778
100B,286,0.00590802300030191,100,112,16.926135865566167
100B,287,0.0054825970000820234,100,112,18.239531375095403
100B,288,0.005557346001296537,100,112,17.99420082475877
100B,289,0.0062294600011227885,100,112,16.05275577369084
100B,290,0.005353164000553079,100,112,18.68054107620618
100B,291,0.006036687000232632,100,112,16.565377664296054
100B,292,0.005734229998779483,100,112,17.43913306952891
100B,293,0.005376267999963602,100,112,18.60026323105117
100B,294,0.005670762000590912,100,112,17.63431439894315
100B,295,0.005764190000263625,100,112,17.34849128766167
100B,296,0.005755727001087507,100,112,17.373999840698776
100B,297,0.0048463459988852264,100,112,20.634102481127503
100B,298,0.005346060999727342,100,112,18.70536082642906
100B,299,0.003791564999119146,100,112,26.37433355968629
100B,300,0.004138145000979421,100,112,24.16541710750394
100B,301,0.0035872849985025823,100,112,27.87623510307722
100B,302,0.004618475999450311,100,112,21.65216404976489
100B,303,0.003752974000235554,100,112,26.645534979385296
100B,304,0.0037971839992678724,100,112,26.335305326073428
100B,305,0.0032148129994311603,100,112,31.10600834875756
100B,306,0.003758851000384311,100,112,26.603874425928517
100B,307,0.0038325200002873316,100,112,26.092492666053353
100B,308,0.005285848999847076,100,112,18.91843675498356
100B,309,0.003994077000243124,100,112,25.03707364527847
100B,310,0.0037647080007445766,100,112,26.562485053348677
100B,311,0.004166003000136698,100,112,24.00382332819221
100B,312,0.004850195000472013,100,112,20.617727738836926
100B,313,0.005527809000341222,100,112,18.090350081529078
100B,314,0.005408741000792361,100,112,18.488590965134097
100B,315,0.004788182000993402,100,112,20.88475333211082
100B,316,0.005161240000234102,100,112,19.37518890721304
100B,317,0.005804693999380106,100,112,17.227436969232
100B,318,0.005411799998910283,100,112,18.478140363674925
100B,319,0.005485388999659335,100,112,18.230247664515755
100B,320,0.005261610000161454,100,112,19.005589543301664
100B,321,0.0044416330001695314,100,112,22.514241945740032
100B,322,0.004573128000629367,100,112,21.866870987699823
100B,323,0.005348061000404414,100,112,18.698365630541257
100B,324,0.0050692709992290474,100,112,19.726702323708547
100B,325,0.005814373000248452,100,112,17.198759005610224
100B,326,0.006134657998700277,100,112,16.300827205230767
100B,327,0.00660717499886232,100,112,15.135061507712276
100B,328,0.005212422998738475,100,112,19.184935686187075
100B,329,0.005271015999824158,100,112,18.97167453169105
100B,330,0.005903455001316615,100,112,16.939233038567675
100B,331,0.0058318079991295235,100,112,17.147340930107156
100B,332,0.005906409000090207,100,112,16.930761144118655
100B,333,0.005138924998391303,100,112,19.459322724364366
100B,334,0.005335222000212525,100,112,18.743362506005667
100B,335,0.005969424000795698,100,112,16.75203503498335
100B,336,0.005739795000408776,100,112,17.42222500853745
100B,337,0.005303270001604687,100,112,18.856290547104248
100B,338,0.006958075999136781,100,112,14.371788984829427
100B,339,0.005653910999171785,100,112,17.686871974930014
100B,340,0.007903992000137805,100,112,12.65183466762827
100B,341,0.005292952999297995,100,112,18.89304515140471
100B,342,0.0055871830008982215,100,112,17.89810714700477
100B,343,0.0057992469992314,100,112,17.24361800993361
100B,344,0.006554093000886496,100,112,15.257641291704918
100B,345,0.005136752999533201,100,112,19.46755080672313
100B,346,0.005197438000323018,100,112,19.24024875213231
100B,347,0.005039442999986932,100,112,19.843462858942807
100B,348,0.0042158079995715525,100,112,23.7202453266759
100B,349,0.004495957000472117,100,112,22.242205605947536
100B,350,0.005221568000706611,100,112,19.151335381722014
100B,351,0.004175486999884015,100,112,23.94930220182167
100B,352,0.004553071999907843,100,112,21.9631932027484
100B,353,0.01573516000098607,100,112,6.355194354155492
100B,354,0.010105903000294347,100,112,9.895206791227599
100B,355,0.005110762000185787,100,112,19.566553871294495
100B,356,0.005298478999975487,100,112,18.873340821104065
100B,357,0.005661753999447683,100,112,17.66237106199867
100B,358,0.005784236000181409,100,112,17.288367901459022
100B,359,0.004979810999429901,100,112,20.081083400845575
100B,360,0.004170397000052617,100,112,23.978532499121386
100B,361,0.004201067000394687,100,112,23.80347659073399
100B,362,0.00441575300101249,100,112,22.646194199963393
100B,363,0.004936608000207343,100,112,20.25682411805837
100B,364,0.0048409470000478905,100,112,20.657115229522386
100B,365,0.0041923379994841525,100,112,23.853038569958944
100B,366,0.004854934000832145,100,112,20.597602353164802
100B,367,0.0034657439991860883,100,112,28.85383341166701
100B,368,0.00414232900038769,100,112,24.141008594595156
100B,369,0.005538346000321326,100,112,18.055932221316287
100B,370,0.0053488969988393364,100,112,18.695443195428723
100B,371,0.005108129000291228,100,112,19.576639508183668
100B,372,0.005166904998986865,100,112,19.353945934676204
100B,373,0.005085366999992402,100,112,19.66426415244945
100B,374,0.005580614999416866,100,112,17.919171992773066
100B,375,0.005273155000395491,100,112,18.963978868912427
100B,376,0.005295296999975108,100,112,18.88468201131496
100B,377,0.004648805001124856,100,112,21.510904410015762
100B,378,0.005077642999822274,100,112,19.69417700368068
100B,379,0.004119125000215718,100,112,24.277000575307383
100B,380,0.0040166710004996276,100,112,24.89623869805646
100B,381,0.004047235999678378,100,112,24.708220624630417
100B,382,0.004346899999291054,100,112,23.004900047461234
100B,383,0.003963148999901023,100,112,25.23246034971116
100B,384,0.004561550998914754,100,112,21.92236807695259
100B,385,0.003979860999606899,100,112,25.126505676926218
100B,386,0.004007479999927455,100,112,24.95333725977678
100B,387,0.003827925000223331,100,112,26.123813814054802
100B,388,0.0040490270002919715,100,112,24.69729147096058
100B,389,0.0036961489986424567,100,112,27.055186367413377
100B,390,0.0038041839998186333,100,112,26.28684627367329
100B,391,0.00532773799932329,100,112,18.769691755244278
100B,392,0.005239755999355111,100,112,19.084858152232204
100B,393,0.0060039810014131945,100,112,16.655615661752154
100B,394,0.00587057799930335,100,112,17.034097837021637
100B,395,0.005756062999353162,100,112,17.37298566941284
100B,396,0.00544388100024662,100,112,18.369247967666777
100B,397,0.005556400001296424,100,112,17.99726441160966
100B,398,0.005823612000313005,100,112,17.17147364807704
100B,399,0.005733570998927462,100,112,17.441137472389595
100B,400,0.006571180998435011,100,112,15.217964628248096
100B,401,0.0054283959998429054,100,112,18.4216479422087
100B,402,0.00561602899870195,100,112,17.80617586253798
100B,403,0.005307860999892,100,112,18.83998092678665
100B,404,0.0053615529996022815,100,112,18.651312410306858
100B,405,0.004424025000844267,100,112,22.60385056163026
100B,406,0.005098669000290101,100,112,19.612961734584115
100B,407,0.005775618999905419,100,112,17.314161478040294
100B,408,0.005069973998615751,100,112,19.723967031646094
100B,409,0.005518746998859569,100,112,18.120055153944303
100B,410,0.004786956000316422,100,112,20.890102184643
100B,411,0.0034583729993755696,100,112,28.915331000460508
100B,412,0.003761907000807696,100,112,26.582262660541478
100B,413,0.005219103000854375,100,112,19.160380621656603
100B,414,0.0042250379992765374,100,112,23.668426181521497
100B,415,0.0038261549998424016,100,112,26.135898834239327
100B,416,0.003202424000846804,100,112,31.226346034615467
100B,417,0.003919709000911098,100,112,25.512097958485178
100B,418,0.004451634000361082,100,112,22.46366165589731
100B,419,0.003601689999413793,100,112,27.76474377758105
100B,420,0.0038751720003347145,100,112,25.80530618805116
100B,421,0.00407118899966008,100,112,24.5628488405597
100B,422,0.004678721001255326,100,112,21.373362500813677
100B,423,0.005254889001662377,100,112,19.02989767592905
100B,424,0.005075510000096983,100,112,19.702453546163675
100B,425,0.005158897000001161,100,112,19.383988476602166
100B,426,0.005229127000347944,100,112,19.123651040287612
100B,427,0.005208909999055322,100,112,19.197874414826863
100B,428,0.005400485000791377,100,112,18.51685542786364
100B,429,0.005707350999728078,100,112,17.521263368025625
100B,430,0.004988098999092472,100,112,20.04771758102513
100B,431,0.0058181770000373945,100,112,17.18751423329976
100B,432,0.0052576809994207,100,112,19.019792188042253
100B,433,0.005513693000466446,100,112,18.136664480873385
100B,434,0.005197716000111541,100,112,19.23921968761934
100B,435,0.005304710999553208,100,112,18.851168331021714
100B,436,0.005114301000503474,100,112,19.553014183200318
100B,437,0.005423442000392242,100,112,18.43847504827518
100B,438,0.005699662000552053,100,112,17.544900029214766
100B,439,0.005434258999230224,100,112,18.401772903014976
100B,440,0.005623974999252823,100,112,17.781017876730527
100B,441,0.005159954000191647,100,112,19.380017728120425
100B,442,0.005517072000657208,100,112,18.125556452423993
100B,443,0.0051287860005686525,100,112,19.497791482996664
100B,444,0.005182159000469255,100,112,19.296976412909135
100B,445,0.005778970000392292,100,112,17.304121667565628
100B,446,0.006191792001118301,100,112,16.15041331846079
100B,447,0.005024206999223679,100,112,19.90363852752317
100B,448,0.00354918999983056,100,112,28.17544284886807
100B,449,0.003508505998979672,100,112,28.502160187008815
100B,450,0.003619919998527621,100,112,27.62491989896858
100B,451,0.003343513000800158,100,112,29.908661930152014
100B,452,0.0036781580001843395,100,112,27.18752157873269
100B,453,0.0037040549996163463,100,112,26.997439295679374
100B,454,0.003464383999016718,100,112,28.865160452300493
100B,455,0.004048662000059267,100,112,24.699518013243917
100B,456,0.0032278590006171726,100,112,30.98028754690952
100B,457,0.003497327999866684,100,112,28.593257482229845
100B,458,0.003301945000202977,100,112,30.285180399386665
100B,459,0.0035953429996880004,100,112,27.813757966535565
100B,460,0.003820851999989827,100,112,26.172173117479097
100B,461,0.004477071999644977,100,112,22.336026762118145
100B,462,0.004699298000559793,100,112,21.279774125430595
100B,463,0.004248154000379145,100,112,23.539636272855233
100B,464,0.0042238320002070395,100,112,23.675184049720325
100B,465,0.005248077999567613,100,112,19.05459484562519
100B,466,0.005038194000007934,100,112,19.84838217818578
100B,467,0.005408709999755956,100,112,18.488696935962928
100B,468,0.0050616439984878525,100,112,19.756426969157577
100B,469,0.005355766999855405,100,112,18.67146199651699
100B,470,0.0056089540012180805,100,112,17.82863613755493
100B,471,0.005678199000612949,100,112,17.611217921246723
100B,472,0.005334932000550907,100,112,18.744381369748215
100B,473,0.005667733999871416,100,112,17.643735574440985
100B,474,0.005610033000266412,100,112,17.825207087953164
100B,475,0.00502941299964732,100,112,19.88303605351407
100B,476,0.004935689001285937,100,112,20.26059583048003
100B,477,0.005067719999715337,100,112,19.7327397736294
100B,478,0.004954013000315172,100,112,20.185655547056104
100B,479,0.005183364000913571,100,112,19.292490356142256
100B,480,0.005329759000233025,100,112,18.762574442039096
100B,481,0.005675190001056762,100,112,17.62055543186735
100B,482,0.005651935000059893,100,112,17.693055563968855
100B,483,0.005429224000181421,100,112,18.418838492694064
100B,484,0.005515697999726399,100,112,18.130071661820573
100B,485,0.005063923999841791,100,112,19.747531756622777
100B,486,0.005346214000383043,100,112,18.704825506954126
100B,487,0.007191890001195134,100,112,13.90455081812739
100B,488,0.003517205001116963,100,112,28.43166661262078
100B,489,0.004699888000686769,100,112,21.27710277040379
100B,490,0.004174035999312764,100,112,23.957627585498674
100B,491,0.004231238999636844,100,112,23.633739433906413
100B,492,0.0033761409995349823,100,112,29.619616009453882
100B,493,0.003505090000544442,100,112,28.529937885893688
100B,494,0.004038482999021653,100,112,24.76177317676603
100B,495,0.004824440000447794,100,112,20.727794312027555
100B,496,0.0035970349999843165,100,112,27.800674722496726
100B,497,0.004002285999376909,100,112,24.985720664532316
100B,498,0.0033677339997666422,100,112,29.693556559671645
100B,499,0.005208073000176228,100,112,19.200959740121974
100B,500,0.0043599969994829735,100,112,22.935795600744317
100B,501,0.004596396000124514,100,112,21.756175925070654
100B,502,0.004065094999532448,100,112,24.599671105226722
100B,503,0.0044386530007614056,100,112,22.529357438584636
100B,504,0.005710127001293586,100,112,17.51274533427116
100B,505,0.005920719000641839,100,112,16.889840573274878
100B,506,0.005339196999557316,100,112,18.729408187840082
100B,507,0.007346861999394605,100,112,13.611253349830198
100B,508,0.005101989998365752,100,112,19.60019522422262
100B,509,0.005706527999791433,100,112,17.523790298348644
100B,510,0.004802839999683783,100,112,20.821014234616175
100B,511,0.004240387999743689,100,112,23.58274761791716
100B,512,0.0053181020011834335,100,112,18.80370101546512
100B,513,0.004584214999340475,100,112,21.813985603726458
100B,514,0.004511451999860583,100,112,22.165812692474685
100B,515,0.004197467000267352,100,112,23.82389188375528
100B,516,0.003983472999607329,100,112,25.103722307106764
100B,517,0.005596779001280083,100,112,17.867419810060074
100B,518,0.005249653999271686,100,112,19.04887446179759
100B,519,0.0051260469990666024,100,112,19.508209740997092
100B,520,0.00525313899925095,100,112,19.036237193468338
100B,521,0.004858394000621047,100,112,20.582933370001903
100B,522,0.005736922001233324,100,112,17.430949902840233
100B,523,0.004520479000348132,100,112,22.12154950665599
100B,524,0.004318080000302871,100,112,23.158440786874255
100B,525,0.005702261001715669,100,112,17.536903338853215
100B,526,0.005383096999139525,100,112,18.576666929090216
100B,527,0.00592633999985992,100,112,16.87382094216054
100B,528,0.006613933999688015,100,112,15.119594481093564
100B,529,0.006043315999704646,100,112,16.547206865384382
100B,530,0.004452676999790128,100,112,22.458399745751464
100B,531,0.005097798999486258,100,112,19.61630892274837
100B,532,0.00484516000142321,100,112,20.639153293312535
100B,533,0.005856828000105452,100,112,17.07408856777073
100B,534,0.004849781998927938,100,112,20.619483519487137
100B,535,0.004830568001125357,100,112,20.701499280561503
100B,536,0.00431149499854655,100,112,23.19381097130138
100B,537,0.004689974999564583,100,112,21.322075279566306
100B,538,0.004957944000125281,100,112,20.169650967714265
100B,539,0.005026638000344974,100,112,19.894012656797067
100B,540,0.004012825000245357,100,112,24.920099928077022
100B,541,0.004202765998343239,100,112,23.793853866577567
100B,542,0.004605881000316003,100,112,21.71137291500565
100B,543,0.005155573999218177,100,112,19.39648233449168
100B,544,0.005705821999072214,100,112,17.52595857639098
100B,545,0.005571429999690736,100,112,17.948713347480073
100B,546,0.005564983001022483,100,112,17.969506821786602
100B,547,0.00516840100135596,100,112,19.3483439024496
100B,548,0.005088357998829451,100,112,19.6527052583573
100B,549,0.0045933319997857325,100,112,21.77068846855937
100B,550,0.005929056000240962,100,112,16.866091329873747
100B,551,0.009881714000584907,100,112,10.119701905365902
100B,552,0.02552370599914866,100,112,3.9179263388841528
100B,553,0.016773758999988786,100,112,5.961692903783037
100B,554,0.006567743001141935,100,112,15.225930731853087
100B,555,0.021072069999718224,100,112,4.745618252090905
100B,556,0.007625848000316182,100,112,13.113295727354362
100B,557,0.005154077000042889,100,112,19.402116033417403
100B,558,0.0050169719997938955,100,112,19.932341660289943
100B,559,0.0055100699992181035,100,112,18.148589766407746
100B,560,0.005290999999488122,100,112,18.900018901847382
100B,561,0.006080170998757239,100,112,16.446905855187225
100B,562,0.0050839850009651855,100,112,19.669609564350637
100B,563,0.004610433999914676,100,112,21.689932011140527
100B,564,0.0061485530004574684,100,112,16.263989265858118
100B,565,0.010084068999276496,100,112,9.916631868264162
100B,566,0.006210122000993579,100,112,16.10274322855504
100B,567,0.005838921000759001,100,112,17.12645195696277
100B,568,0.005223565000051167,100,112,19.144013714583902
100B,569,0.004854298998907325,100,112,20.600296772512248
100B,570,0.005812421999507933,100,112,17.204531950444373
100B,571,0.005283509000946651,100,112,18.926815489872904
100B,572,0.004747468999994453,100,112,21.06385528796857
100B,573,0.005033250999986194,100,112,19.867874659990985
100B,574,0.005433438998807105,100,112,18.404550050521355
100B,575,0.005409162000432843,100,112,18.48715198250634
100B,576,0.005480108000483597,100,112,18.247815552389735
100B,577,0.005083922000267194,100,112,19.66985331300212
100B,578,0.005043028999352828,100,112,19.829352560303146
100B,579,0.005061134001152823,100,112,19.758417773017282
100B,580,0.004320695999922464,100,112,23.144419325450006
100B,581,0.00423284499993315,100,112,23.62477246428332
100B,582,0.004902451999441837,100,112,20.397955963951382
100B,583,0.004693181001130142,100,112,21.307509762764205
100B,584,0.00541343999975652,100,112,18.47254241378822
100B,585,0.004855560000578407,100,112,20.594946821393975
100B,586,0.0050095920014427975,100,112,19.961705458488296
100B,587,0.005033212999478565,100,112,19.86802466145579
100B,588,0.005590213999312255,100,112,17.88840284330844
100B,589,0.005434905000583967,100,112,18.399585639354367
100B,590,0.005140679000760429,100,112,19.452683193252803
100B,591,0.0053639329998986796,100,112,18.64303674223539
100B,592,0.004541810998489382,100,112,22.01764891433401
100B,593,0.003942085999369738,100,112,25.36728016993745
100B,594,0.004317568000260508,100,112,23.161187037231684
100B,595,0.004321551999964868,100,112,23.139834948373398
100B,596,0.005078584999864688,100,112,19.690524034285996
100B,597,0.005012997999074287,100,112,19.94814281164011
100B,598,0.005368380001527839,100,112,18.627593421393424
100B,599,0.00555772900042939,100,112,17.992960792488084
100B,600,0.004739887001051102,100,112,21.097549367279075
100B,601,0.004708055999799399,100,112,21.240189157533557
100B,602,0.005503251000845921,100,112,18.171077420351843
100B,603,0.004775694000272779,100,112,20.939365041874165
100B,604,0.005132823000167264,100,112,19.482456339667525
100B,605,0.005727778998334543,100,112,17.45877416518285
100B,606,0.005162751000170829,100,112,19.36951830461921
100B,607,0.005245075000857469,100,112,19.065504303303943
100B,608,0.0053705119989899686,100,112,18.620198599092042
100B,609,0.004766417001519585,100,112,20.980119861128166
100B,610,0.005775346000518766,100,112,17.31497991479949
100B,611,0.005105858999741031,100,112,19.585343035338813
100B,612,0.003935165001166752,100,112,25.411895046421343
100B,613,0.004423680000400054,100,112,22.605613423881593
100B,614,0.004298996000215993,100,112,23.261245182590475
100B,615,0.004749896999783232,100,112,21.053088099502716
100B,616,0.005746287000874872,100,112,17.402541847418167
100B,617,0.0050298969999857945,100,112,19.881122814300657
100B,618,0.004982479998943745,100,112,20.07032642804374
100B,619,0.005306037000991637,100,112,18.84645734308132
100B,620,0.0048888009987422265,100,112,20.454913183360837
100B,621,0.004343268999946304,100,112,23.024132284055238
100B,622,0.004674799998610979,100,112,21.391289473285052
100B,623,0.00651219800056424,100,112,15.355798455657467
100B,624,0.005730274999223184,100,112,17.451169448858277
100B,625,0.005590999999185442,100,112,17.885888036946714
100B,626,0.005193750001126318,100,112,19.253910946486446
100B,627,0.005401266998887877,100,112,18.514174548414296
100B,628,0.005206433999774163,100,112,19.20700425748942
100B,629,0.004745213998830877,100,112,21.07386516701627
100B,630,0.004351449000751018,100,112,22.980850742532194
100B,631,0.004545382998912828,100,112,22.000346290712613
100B,632,0.005131445001097745,100,112,19.48768816164014
100B,633,0.005108937999466434,100,112,19.573539551751022
100B,634,0.005337591999705182,100,112,18.735040071538517
100B,635,0.004518308998740395,100,112,22.13217379065438
100B,636,0.00483824599905347,100,112,20.668647278282975
100B,637,0.005379158999858191,100,112,18.59026662023492
100B,638,0.0049788400010584155,100,112,20.084999714540277
100B,639,0.005064295000920538,100,112,19.74608508821524
100B,640,0.004937576999509474,100,112,20.252848717080166
100B,641,0.004947882000124082,100,112,20.210667917604383
100B,642,0.005100263999338495,100,112,19.60682819810308
100B,643,0.005406270000094082,100,112,18.49704139790646
100B,644,0.004988840999430977,100,112,20.044735843737236
100B,645,0.004981207999662729,100,112,20.07545157856706
100B,646,0.004914607001410332,100,112,20.347506926047856
100B,647,0.004811247999896295,100,112,20.78462802211723
100B,648,0.005071547000625287,100,112,19.717849403282802
100B,649,0.005129236000357196,100,112,19.496080896460228
100B,650,0.006065858999136253,100,112,16.485711259401096
100B,651,0.00589047900029982,100,112,16.976548086311844
100B,652,0.006004625000059605,100,112,16.653829339718527
100B,653,0.005336799998985953,100,112,18.737820420289506
100B,654,0.0046529859992006095,100,112,21.491575521005256
100B,655,0.004124060998947243,100,112,24.247943962401912
100B,656,0.003811508000580943,100,112,26.23633480101791
100B,657,0.004144077998716966,100,112,24.130819938949184
100B,658,0.004107612998268451,100,112,24.34503933115282
100B,659,0.004032458999063238,100,112,24.79876423374188
100B,660,0.004661312001189799,100,112,21.453187423299497
100B,661,0.004262161999577074,100,112,23.462271028159606
100B,662,0.003975375000663917,100,112,25.15485960023879
100B,663,0.004206818999591633,100,112,23.770930009041813
100B,664,0.00520229599896993,100,112,19.22228185781822
100B,665,0.004962779999914346,100,112,20.149996574848355
100B,666,0.0037625850000040373,100,112,26.577472668363026
100B,667,0.003539269999237149,100,112,28.25441405192424
100B,668,0.0045755810006085085,100,112,21.855148009990632
100B,669,0.004105635000087204,100,112,24.35676819733756
100B,670,0.003948132000004989,100,112,25.328433801066844
100B,671,0.00407461500071804,100,112,24.542196006831986
100B,672,0.0038131060009618523,100,112,26.22533965087126
100B,673,0.0040200490002462175,100,112,24.87531868240294
100B,674,0.0052619769994635135,100,112,19.004263988648283
100B,675,0.004414572000314365,100,112,22.652252583688504
100B,676,0.004079160999026499,100,112,24.51484509286719
100B,677,0.004440132999661728,100,112,22.521847883299557
100B,678,0.06792934300028719,100,112,1.4721178740029506
100B,679,0.015115677999347099,100,112,6.615647674177723
100B,680,0.012151545999586233,100,112,8.229405542587344
100B,681,0.004045921999932034,100,112,24.71624514799837
100B,682,0.004330263998781447,100,112,23.09328023144556
100B,683,0.004035164998640539,100,112,24.782134072259833
100B,684,0.0040717500014579855,100,112,24.559464594877547
100B,685,0.004679625999415293,100,112,21.369229082087912
100B,686,0.005290590001095552,100,112,18.90148357353196
100B,687,0.005200720999710029,100,112,19.228103181381115
100B,688,0.005584316000749823,100,112,17.907296074679998
100B,689,0.005446185999971931,100,112,18.36147351568885
100B,690,0.005629287999909138,100,112,17.76423590365497
100B,691,0.005472622000525007,100,112,18.272776740364428
100B,692,0.005613562001599348,100,112,17.81400115853521
100B,693,0.0057237250002799556,100,112,17.471139859987833
100B,694,0.005827971001053811,100,112,17.158630333252866
100B,695,0.0052443599997786805,100,112,19.0681036397616
100B,696,0.006124126999566215,100,112,16.328857975525853
100B,697,0.005670477999956347,100,112,17.635197597234278
100B,698,0.004896896998616285,100,112,20.421095242202764
100B,699,0.005016452001655125,100,112,19.934407817917137
100B,700,0.005145041001014761,100,112,19.436191078025796
100B,701,0.005357285001082346,100,112,18.66617138714792
100B,702,0.005315513000823557,100,112,18.812859640171425
100B,703,0.005614724999759346,100,112,17.810311280478764
100B,704,0.005577563999395352,100,112,17.92897401282006
100B,705,0.005904212001041742,100,112,16.937061200098498
100B,706,0.0063083490003919,100,112,15.85200818689448
100B,707,0.005835432000822038,100,112,17.136691848334962
100B,708,0.005908720999286743,100,112,16.924136376056893
100B,709,0.0056083449999277946,100,112,17.83057212088191
100B,710,0.0053212490001897095,100,112,18.792580463051976
100B,711,0.004874354999628849,100,112,20.515534877458524
100B,712,0.005776580001111142,100,112,17.311281066091823
100B,713,0.005588964999333257,100,112,17.892400473420327
100B,714,0.004929251999783446,100,112,20.287053695853498
100B,715,0.005224559999987832,100,112,19.140367801352248
100B,716,0.005625404000966228,100,112,17.77650102691715
100B,717,0.006426365998777328,100,112,15.56089398254408
100B,718,0.005215261999182985,100,112,19.17449209946995
100B,719,0.004703385999164311,100,112,21.261278580530668
100B,720,0.004928885000481387,100,112,20.288564247336538
100B,721,0.005217063999225502,100,112,19.167869133835712
100B,722,0.005377165000027162,100,112,18.597160399484647
100B,723,0.005382737999752862,100,112,18.57790589186977
100B,724,0.005786703000921989,100,112,17.28099748407117
100B,725,0.005760090998592204,100,112,17.360836838244484
100B,726,0.004530653999609058,100,112,22.071868654862815
100B,727,0.003963035000197124,100,112,25.23318618054747
100B,728,0.004094057001566398,100,112,24.42564916945214
100B,729,0.004767397000250639,100,112,20.97580713222386
100B,730,0.005006718000004184,100,112,19.973164056756627
100B,731,0.005981534999591531,100,112,16.71811667186246
100B,732,0.00488456099992618,100,112,20.47266888498502
100B,733,0.004916936000881833,100,112,20.337868945633094
100B,734,0.004077714998857118,100,112,24.523538312027082
100B,735,0.004486922000069171,100,112,22.28699317671633
100B,736,0.004316619999372051,100,112,23.166273615594434
100B,737,0.005438674999822979,100,112,18.3868313519846
100B,738,0.0054757080015406245,100,112,18.26247856384314
100B,739,0.005325393000020995,100,112,18.77795685681897
100B,740,0.005102293000163627,100,112,19.5990312584544
100B,741,0.004576776000249083,100,112,21.849441614480952
100B,742,0.004842615999223199,100,112,20.649995790713312
100B,743,0.005395579000833095,100,112,18.53369211803954
100B,744,0.005401491000156966,100,112,18.513406760669234
100B,745,0.006036645998392487,100,112,16.56549017892208
100B,746,0.005748479999965639,100,112,17.395902917048986
100B,747,0.005612782000753214,100,112,17.816476746572448
100B,748,0.004528139001195086,100,112,22.084127711982244
100B,749,0.004608429999279906,100,112,21.69936399503206
100B,750,0.0049608640001679305,100,112,20.157778966852327
100B,751,0.0049996249999821885,100,112,20.001500112579695
100B,752,0.005467138998938026,100,112,18.291102534511136
100B,753,0.004260912999598077,100,112,23.469148515689668
100B,754,0.00496177499917394,100,112,20.154077929097646
100B,755,0.006073637001463794,100,112,16.464599378576494
100B,756,0.0053426750000653556,100,112,18.71721562677436
100B,757,0.005274516999634216,100,112,18.959081941898173
100B,758,0.0053248349995556055,100,112,18.77992463772975
100B,759,0.005601480999757769,100,112,17.852421530006872
100B,760,0.005503763000888284,100,112,18.169387014640787
100B,761,0.0056920980005088495,100,112,17.568214741042834
100B,762,0.005442641999252373,100,112,18.373429671423633
100B,763,0.005280954001136706,100,112,18.935972549368042
100B,764,0.005237778999799048,100,112,19.092061731477518
100B,765,0.005395546000727336,100,112,18.533805473351485
100B,766,0.004673575000197161,100,112,21.396896379277397
100B,767,0.004803317999176215,100,112,20.818942243080787
100B,768,0.005956173001322895,100,112,16.78930413501917
100B,769,0.004134034999879077,100,112,24.18944203494287
100B,770,0.005703228000129457,100,112,17.533929907366517
100B,771,0.00497533999987354,100,112,20.099128904264177
100B,772,0.005137211999681313,100,112,19.465811417983822
100B,773,0.004755416000989499,100,112,21.028654481372854
100B,774,0.0049164210013259435,100,112,20.339999355838387
100B,775,0.0051251499990030425,100,112,19.511624053823255
100B,776,0.005215965999013861,100,112,19.17190411496282
100B,777,0.00566095600152039,100,112,17.66486084208083
100B,778,0.0054301479995046975,100,112,18.41570432502417
100B,779,0.0051578629991126945,100,112,19.387874400154285
100B,780,0.005568725999182789,100,112,17.957428685605112
100B,781,0.005229058000622899,100,112,19.12390338529191
100B,782,0.0049062790003517875,100,112,20.382045128870544
100B,783,0.005204549999689334,100,112,19.213957019525054
100B,784,0.0054373780003516,100,112,18.39121723623659
100B,785,0.005111172000397346,100,112,19.564984311274586
100B,786,0.006062246999135823,100,112,16.49553375411049
100B,787,0.0054256870007520774,100,112,18.43084571338866
100B,788,0.006211376001374447,100,112,16.099492282848775
100B,789,0.00520872299966868,100,112,19.198563641483883
100B,790,0.004560567000226001,100,112,21.927098098776852
100B,791,0.004408382999827154,100,112,22.68405444897162
100B,792,0.0045692310013691895,100,112,21.885520773634465
100B,793,0.00547771899982763,100,112,18.255773982408876
100B,794,0.005427034000604181,100,112,18.42627114347675
100B,795,0.005594809999820427,100,112,17.873707954909932
100B,796,0.0062805580000713235,100,112,15.922152139804199
100B,797,0.00477194899940514,100,112,20.955798147144023
100B,798,0.004154296999331564,100,112,24.071461432846576
100B,799,0.004951087999870651,100,112,20.19758081508802
100B,800,0.005302198000208591,100,112,18.860102922611706
100B,801,0.0057042820008064155,100,112,17.530690100149847
100B,802,0.004843962000450119,100,112,20.64425773585912
100B,803,0.0053172450006968575,100,112,18.80673167907335
100B,804,0.005084202999569243,100,112,19.66876617799731
100B,805,0.0047354600010294234,100,112,21.117272657410556
100B,806,0.004001956000138307,100,112,24.9877809742396
100B,807,0.004149602000325103,100,112,24.098696692397354
100B,808,0.003716605000590789,100,112,26.906276019136836
100B,809,0.004041817999677733,100,112,24.74134164575776
100B,810,0.005133778000526945,100,112,19.478832156305888
100B,811,0.004411783998875762,100,112,22.666567543987334
100B,812,0.004698645998360007,100,112,21.282726988775813
100B,813,0.004112541000722558,100,112,24.31586699863427
100B,814,0.004096650998690166,100,112,24.41018286204348
100B,815,0.004671196998970117,100,112,21.407789057504427
100B,816,0.011842116000480019,100,112,8.444436787812796
100B,817,0.0038132579993543914,100,112,26.224294295568416
100B,818,0.004037214999698335,100,112,24.7695502982804
100B,819,0.0038935709999350365,100,112,25.683363678656043
100B,820,0.00498973499998101,100,112,20.041144469672354
100B,821,0.004685452999183326,100,112,21.342653531564608
100B,822,0.0035705110003618756,100,112,28.00719560585722
100B,823,0.0035627239994937554,100,112,28.068410579716385
100B,824,0.0063315910010715015,100,112,15.79381864417283
100B,825,0.00423541700001806,100,112,23.610426080731504
100B,826,0.003982754000389832,100,112,25.108254235690175
100B,827,0.0029204269994806964,100,112,34.24156810554818
100B,828,0.0035356349999347003,100,112,28.28346251857075
100B,829,0.0035154199995304225,100,112,28.4461031721267
100B,830,0.0039736659982736455,100,112,25.16567825364409
100B,831,0.0035165859990229364,100,112,28.436671256663264
100B,832,0.003979766999691492,100,112,25.127099151219635
100B,833,0.00449319999825093,100,112,22.255853298078666
100B,834,0.0036850119995506248,100,112,27.136953695726007
100B,835,0.003915679000783712,100,112,25.538354900895936
100B,836,0.003967540000303416,100,112,25.204534797973693
100B,837,0.004767155000081402,100,112,20.97687194947352
100B,838,0.005071199000667548,100,112,19.719202497641383
100B,839,0.00634953000007954,100,112,15.749197184476223
100B,840,0.008629501999166678,100,112,11.58815421905652
100B,841,0.0058242930008418625,100,112,17.169465888056397
100B,842,0.004410048999488936,100,112,22.675485014245563
100B,843,0.004687481001383276,100,112,21.33341979849945
100B,844,0.00445800699890242,100,112,22.43154845306892
100B,845,0.004864678001467837,100,112,20.556345141410517
100B,846,0.005286849998810794,100,112,18.91485478545706
100B,847,0.005852468000739464,100,112,17.08680850324426
100B,848,0.005325961999915307,100,112,18.775950711174843
100B,849,0.005342803000530694,100,112,18.716767208161546
100B,850,0.005342300999473082,100,112,18.71852597033809
100B,851,0.00515011700008472,100,112,19.417034602972127
100B,852,0.0052887450001435354,100,112,18.908077435627174
100B,853,0.005120522999277455,100,112,19.529255119859975
100B,854,0.004858997999690473,100,112,20.580374802864743
100B,855,0.005539244000829058,100,112,18.053005064415473
100B,856,0.006174922000354854,100,112,16.194536545441917
100B,857,0.004983078000805108,100,112,20.067917857967135
100B,858,0.0055646129985689186,100,112,17.970701650899628
100B,859,0.005361258999982965,100,112,18.65233520714402
100B,860,0.0047700810009700945,100,112,20.964004590207782
100B,861,0.005256648999420577,100,112,19.023526206718895
100B,862,0.005273718999887933,100,112,18.961950760388447
100B,863,0.005517260999113205,100,112,18.124935546111214
100B,864,0.005610355001408607,100,112,17.824184026660117
100B,865,0.006378976000632974,100,112,15.676497292053957
100B,866,0.005297761001202161,100,112,18.87589870084893
100B,867,0.00445855600082723,100,112,22.42878635626563
100B,868,0.004811847000382841,100,112,20.782040657577806
100B,869,0.00552314200103865,100,112,18.105636244948002
100B,870,0.006177250001201173,100,112,16.188433361213306
100B,871,0.0054783079995104345,100,112,18.253811214874453
100B,872,0.005405453999628662,100,112,18.499833687766042
100B,873,0.005910630001380923,100,112,16.918670256239455
100B,874,0.0056042249998427,100,112,17.843680438027885
100B,875,0.004953948000547825,100,112,20.18592039903157
100B,876,0.00550803099940822,100,112,18.15530813293243
100B,877,0.007991188000232796,100,112,12.513783932637656
100B,878,0.005343856999388663,100,112,18.71307559529381
100B,879,0.004730717999336775,100,112,21.13844029891859
100B,880,0.004331568999987212,100,112,23.086322762097346
100B,881,0.0040585200003988575,100,112,24.63952376486314
100B,882,0.0046888069991837256,100,112,21.32738669290696
100B,883,0.004776822001076653,100,112,20.93442041119826
100B,884,0.005624355000691139,100,112,17.779816527888382
100B,885,0.006111360000431887,100,112,16.362969943340442
100B,886,0.005623006998575875,100,112,17.784078879028026
100B,887,0.006580458999451366,100,112,15.196508329941318
100B,888,0.005609244000879698,100,112,17.82771439151461
100B,889,0.0048185980012931395,100,112,20.75292439277225
100B,890,0.005052266998973209,100,112,19.793094866190437
100B,891,0.005276226000205497,100,112,18.952940983973246
100B,892,0.00585230400065484,100,112,17.0872873297099
100B,893,0.005633119000776787,100,112,17.752154709710616
100B,894,0.005516659999557305,100,112,18.126910124608855
100B,895,0.005878093999854173,100,112,17.012317258363147
100B,896,0.00543384199954744,100,112,18.4031850775802
100B,897,0.005035434000092209,100,112,19.859261386043148
100B,898,0.005437969999547931,100,112,18.389215094660912
100B,899,0.005456451999634737,100,112,18.32692746251486
100B,900,0.005947824000031687,100,112,16.812871396239576
100B,901,0.00579127899982268,100,112,17.267342844829585
100B,902,0.005564357999901404,100,112,17.97152519693591
100B,903,0.00545166299889388,100,112,18.343026709517734
100B,904,0.005473762001201976,100,112,18.268971135033116
100B,905,0.0057106509993900545,100,112,17.511138399226436
100B,906,0.004424338998433086,100,112,22.60224635486019
100B,907,0.005429519000244909,100,112,18.417837748701
100B,908,0.005269798999506747,100,112,18.976055824778133
100B,909,0.005201829999350593,100,112,19.224003862579938
100B,910,0.0051310190010553924,100,112,19.48930611627654
100B,911,0.008023238000532729,100,112,12.463795788353803
100B,912,0.005559924999033683,100,112,17.98585412885606
100B,913,0.004107110000404646,100,112,24.348020868724646
100B,914,0.004287439000108861,100,112,23.32394699900358
100B,915,0.004679188001318835,100,112,21.3712293611231
100B,916,0.0053901490009593545,100,112,18.552362834905253
100B,917,0.005068951000794186,100,112,19.727947653140134
100B,918,0.004814541000087047,100,112,20.770411966206538
100B,919,0.005154436999873724,100,112,19.400760937120747
100B,920,0.004995194000002812,100,112,20.019242495875776
100B,921,0.0054323389995261095,100,112,18.40827680465514
100B,922,0.005872656000065035,100,112,17.028070433359723
100B,923,0.006085025001084432,100,112,16.433786218163227
100B,924,0.005057153999587172,100,112,19.773967731289822
100B,925,0.005388896001022658,100,112,18.55667654024551
100B,926,0.004768208000314189,100,112,20.972239464681646
100B,927,0.004571964000206208,100,112,21.872438189690413
100B,928,0.004316806000133511,100,112,23.165275436725018
100B,929,0.004452756000318914,100,112,22.458001290175755
100B,930,0.005459670999698574,100,112,18.316121979789802
100B,931,0.00554719399951864,100,112,18.027132277810644
100B,932,0.005656803999954718,100,112,17.67782656086378
100B,933,0.005321729999195668,100,112,18.790881915300872
100B,934,0.00521035500059952,100,112,19.19255021749836
100B,935,0.0050153339998360025,100,112,19.938851530779388
100B,936,0.005776230000265059,100,112,17.312330013765244
100B,937,0.0062701669994567055,100,112,15.948538533130737
100B,938,0.005455612999867299,100,112,18.32974589701146
100B,939,0.005083871999886469,100,112,19.67004676794246
100B,940,0.005271770000035758,100,112,18.968961088841453
100B,941,0.004703958999016322,100,112,21.2586886962475
100B,942,0.005610401998637826,100,112,17.824034716991658
100B,943,0.005316489001415903,100,112,18.80940597702125
100B,944,0.006201308000527206,100,112,16.125630268888187
100B,945,0.005670948001352372,100,112,17.63373601312384
100B,946,0.005943498999840813,100,112,16.82510588504824
100B,947,0.0056361240003752755,100,112,17.742689833179966
100B,948,0.005702172999008326,100,112,17.537173989177663
100B,949,0.005554919998758123,100,112,18.002059439624034
100B,950,0.0045348370003921445,100,112,22.05150923646266
100B,951,0.005586174000200117,100,112,17.90133998626209
100B,952,0.004600157000822946,100,112,21.738388490242933
100B,953,0.004405761999805691,100,112,22.6975492558178
100B,954,0.00537140499909583,100,112,18.617102977122936
100B,955,0.005271447998893564,100,112,18.970119788906054
100B,956,0.004783459999089246,100,112,20.905369757255137
100B,957,0.005057689000750543,100,112,19.771876045593228
100B,958,0.005686716998752672,100,112,17.58483849678717
100B,959,0.00545440200039593,100,112,18.33381551135048
100B,960,0.005593085999862524,100,112,17.879217305519344
100B,961,0.006573689999640919,100,112,15.212156339204068
100B,962,0.006011028999637347,100,112,16.636086767512374
100B,963,0.003579955000532209,100,112,27.933312006752498
100B,964,0.003999843000201508,100,112,25.000981287256046
100B,965,0.0037609259998134803,100,112,26.589196385400673
100B,966,0.005816370001411997,100,112,17.19285395800538
100B,967,0.004489027000090573,100,112,22.276542332666377
100B,968,0.0036608099999284605,100,112,27.316358948416934
100B,969,0.004492865999054629,100,112,22.257507795923935
100B,970,0.004558675000225776,100,112,21.936198565383
100B,971,0.0043870469999092165,100,112,22.79437626313768
100B,972,0.005066042998805642,100,112,19.739271858445687
100B,973,0.005566912999711349,100,112,17.963276955322478
100B,974,0.004645664001145633,100,112,21.52544824062604
100B,975,0.004650191998734954,100,112,21.504488422672477
100B,976,0.004893041999821435,100,112,20.43718406742664
100B,977,0.0052362219994392944,100,112,19.097738791576866
100B,978,0.006371899000441772,100,112,15.693908518177528
100B,979,0.005614337000224623,100,112,17.811542127948346
100B,980,0.005239129000983667,100,112,19.087142153061055
100B,981,0.00617795899961493,100,112,16.186575535097102
100B,982,0.004422986999998102,100,112,22.609155306141055
100B,983,0.00469234000047436,100,112,21.311328673943226
100B,984,0.00664398099979735,100,112,15.051217034342834
100B,985,0.0049778680004237685,100,112,20.088921600871487
100B,986,0.0055772520008758875,100,112,17.929976982265703
100B,987,0.004174059999058954,100,112,23.957489835446808
100B,988,0.004522781999185099,100,112,22.11028522224102
100B,989,0.004301357999793254,100,112,23.24847176282619
100B,990,0.004400468000312685,100,112,22.724855627377423
100B,991,0.004989346000002115,100,112,20.042707000067264
100B,992,0.004188979000900872,100,112,23.872165503454237
100B,993,0.004044876000989461,100,112,24.722636732383865
100B,994,0.004279513001165469,100,112,23.367144806609144
100B,995,0.004335043000537553,100,112,23.067821931085764
100B,996,0.004778178999913507,100,112,20.92847505332265
100B,997,0.004727230001662974,100,112,21.154037346357462
100B,998,0.0050982640004804125,100,112,19.61451976409557
100B,999,0.005062927000835771,100,112,19.751420469521356
100B,1000,0.004861315999733051,100,112,20.570561552775274
100B,1001,0.004275568000593921,100,112,23.38870531029069
100B,1002,0.0049362010013283,100,112,20.25849433057743
100B,1003,0.0056890289997681975,100,112,17.577692081385866
100B,1004,0.004949930000293534,100,112,20.20230588999641
100B,1005,0.004811930000869324,100,112,20.781682190292457
100B,1006,0.004607704000591184,100,112,21.702782988483996
100B,1007,0.005051561000072979,100,112,19.795861120662565
100B,1008,0.004996498999389587,100,112,20.01401381491657
100B,1009,0.005370767999920645,100,112,18.619311055975146
100B,1010,0.005634309000015492,100,112,17.748405350101503
100B,1011,0.006035894999513403,100,112,16.567551292403486
100B,1012,0.005755780999606941,100,112,17.373836844527084
100B,1013,0.0053280730007827515,100,112,18.76851161485755
100B,1014,0.005383617999541457,100,112,18.574869169491105
100B,1015,0.005112197000926244,100,112,19.561061512668953
100B,1016,0.0054789710011391435,100,112,18.25160235000492
100B,1017,0.005893806999665685,100,112,16.966962102028845
100B,1018,0.005958177998763858,100,112,16.783654335393635
100B,1019,0.0052507839991449146,100,112,19.044775030982976
100B,1020,0.004872607998549938,100,112,20.52289041715637
100B,1021,0.005106001000967808,100,112,19.58479835414166
100B,1022,0.005755926998972427,100,112,17.373396156318943
100B,1023,0.004832614999031648,100,112,20.69273054444392
100B,1024,0.00458188000084192,100,112,21.825102355719704
100B,1025,0.004596769998897798,100,112,21.754405816253097
100B,1026,0.006049515000995598,100,112,16.530250769448877
100B,1027,0.005696926999007701,100,112,17.55332304897327
100B,1028,0.00506504499935545,100,112,19.743161218256787
100B,1029,0.005661299001076259,100,112,17.663790586045568
100B,1030,0.005359464999855845,100,112,18.65857879521365
100B,1031,0.005140179000591161,100,112,19.454575412354167
100B,1032,0.005100508999021258,100,112,19.605886396669256
100B,1033,0.005613883999103564,100,112,17.812979394652295
100B,1034,0.0063746610012458405,100,112,15.687108691812218
100B,1035,0.00536264500078687,100,112,18.647514423447166
100B,1036,0.005208096999922418,100,112,19.20087125902026
100B,1037,0.006586462000996107,100,112,15.182658001348287
100B,1038,0.005152660000021569,100,112,19.40745168506779
100B,1039,0.005163544999959413,100,112,19.366539848260455
100B,1040,0.006092487999922014,100,112,16.41365563646248
100B,1041,0.005869930999324424,100,112,17.035975382250506
100B,1042,0.005582797999522882,100,112,17.91216519181712
100B,1043,0.0057719200012797955,100,112,17.325257449484262
100B,1044,0.005411023999840836,100,112,18.480790327845796
100B,1045,0.005051555999671109,100,112,19.795880716062673
100B,1046,0.004690141000537551,100,112,21.321320614569732
100B,1047,0.004998666001483798,100,112,20.00533741808637
100B,1048,0.005257099999653292,100,112,19.02189420147896
100B,1049,0.005683665000105975,100,112,17.594281154525373
100B,1050,0.005597497998678591,100,112,17.865124743877914
100B,1051,0.005915761001233477,100,112,16.90399594898261
100B,1052,0.0053599139992002165,100,112,18.657015768335384
100B,1053,0.004663140000047861,100,112,21.44477755310234
100B,1054,0.004959341000358108,100,112,20.16396936463516
100B,1055,0.005126800999278203,100,112,19.505340662545496
100B,1056,0.00808121899899561,100,112,12.374370749317485
100B,1057,0.005891179000172997,100,112,16.974530904096355
100B,1058,0.003877782999552437,100,112,25.787930890290077
100B,1059,0.0037732639993919292,100,112,26.502253755929946
100B,1060,0.004164980999121326,100,112,24.00971337470608
100B,1061,0.004276605999621097,100,112,23.38302850645112
100B,1062,0.005299166001350386,100,112,18.87089401889222
100B,1063,0.004776330000822782,100,112,20.936576824208913
100B,1064,0.005683470999429119,100,112,17.59488172105472
100B,1065,0.004870089000178268,100,112,20.53350564976113
100B,1066,0.005353040998670622,100,112,18.680970316654417
100B,1067,0.004646848999982467,100,112,21.519959008863275
100B,1068,0.00527905200033274,100,112,18.942795030944378
100B,1069,0.005501137000464951,100,112,18.178060279456428
100B,1070,0.0054286790000332985,100,112,18.420687610998296
100B,1071,0.005380500999308424,100,112,18.585629853586752
100B,1072,0.004948408999553067,100,112,20.2085155065056
100B,1073,0.004286950999812689,100,112,23.3266020545533
100B,1074,0.004771355999764637,100,112,20.95840260188777
100B,1075,0.0051440030001685955,100,112,19.440113078612605
100B,1076,0.005067650999990292,100,112,19.733008449120028
100B,1077,0.004335419998824364,100,112,23.06581600562737
100B,1078,0.004652378000173485,100,112,21.494384161448416
100B,1079,0.0038717810002708575,100,112,25.827907103476235
100B,1080,0.00469732599958661,100,112,21.288707662359506
100B,1081,0.005342169999494217,100,112,18.71898498353061
100B,1082,0.005408817998613813,100,112,18.488327768770976
100B,1083,0.005140445000506588,100,112,19.45356870662852
100B,1084,0.0052287649996287655,100,112,19.124975019359226
100B,1085,0.004815221000171732,100,112,20.76747879202918
100B,1086,0.0049858920010592556,100,112,20.056591674820663
100B,1087,0.004720547000033548,100,112,21.183985669306825
100B,1088,0.0054755019991716836,100,112,18.263165644926744
100B,1089,0.0065709179998520995,100,112,15.218573721700809
100B,1090,0.005265916001008009,100,112,18.990048451372537
100B,1091,0.005661212999257259,100,112,17.664058923965555
100B,1092,0.004384313000628026,100,112,22.808590533038043
100B,1093,0.004721702000097139,100,112,21.178803744485084
100B,1094,0.004753861001518089,100,112,21.035533005291104
100B,1095,0.0057166880014847266,100,112,17.492646087039944
100B,1096,0.006404580000889837,100,112,15.613826353344988
100B,1097,0.0054274989997793455,100,112,18.424692478813075
100B,1098,0.0037762289994134335,100,112,26.481444852929503
100B,1099,0.003966087999287993,100,112,25.213762281107325
100B,1100,0.003785098999287584,100,112,26.41938824290239
100B,1101,0.00496521499917435,100,112,20.140114781863158
100B,1102,0.005432297999504954,100,112,18.40841574028395
100B,1103,0.005386608001572313,100,112,18.56455861848694
100B,1104,0.005145094999534194,100,112,19.435987092376994
100B,1105,0.004464158999326173,100,112,22.40063582302829
100B,1106,0.003976858000896755,100,112,25.145479164066376
100B,1107,0.004690337000283762,100,112,21.320429639480082
100B,1108,0.004853304999414831,100,112,20.604515894232303
100B,1109,0.0055022910000843694,100,112,18.174247781236332
100B,1110,0.0054005969996069325,100,112,18.51647142108145
100B,1111,0.004804923999472521,100,112,20.81198370899891
100B,1112,0.00594182300119428,100,112,16.82985171047681
100B,1113,0.005098304998682579,100,112,19.614362033232688
100B,1114,0.005886300001293421,100,112,16.98860064523157
100B,1115,0.004413333001139108,100,112,22.658611977430525
100B,1116,0.003653951000160305,100,112,27.36763574432521
100B,1117,0.0043119680012750905,100,112,23.191266718683682
100B,1118,0.0043721389993152115,100,112,22.872099907084966
100B,1119,0.005026210999858449,100,112,19.895702747619676
100B,1120,0.0042620599997462705,100,112,23.46283252839078
100B,1121,0.0034615700005815597,100,112,28.888625676557037
100B,1122,0.004238007999447291,100,112,23.59599132730323
100B,1123,0.004822880000574514,100,112,20.734498886160914
100B,1124,0.004363952999483445,100,112,22.91500389940883
100B,1125,0.003744182000446017,100,112,26.708103395638283
100B,1126,0.005969558000288089,100,112,16.75165899974069
100B,1127,0.0054026199995860225,100,112,18.50953796633162
100B,1128,0.0035278960003779503,100,112,28.345506780609977
100B,1129,0.004619662999175489,100,112,21.64660063252403
100B,1130,0.005133773998750257,100,112,19.478847340055008
100B,1131,0.0047143560004769824,100,112,21.21180496124653
100B,1132,0.0048965819987643044,100,112,20.42240894265344
100B,1133,0.00435827299952507,100,112,22.94486830239804
100B,1134,0.0038957900014793267,100,112,25.668734701312843
100B,1135,0.004848255999604589,100,112,20.625973547633567
100B,1136,0.00604021199978888,100,112,16.555710296839784
100B,1137,0.006369573000483797,100,112,15.699639519384512
100B,1138,0.004693581999163143,100,112,21.3056893472469
100B,1139,0.003536289999829023,100,112,28.278223789574643
100B,1140,0.004034815001432435,100,112,24.784283781164223
100B,1141,0.003285193000920117,100,112,30.43961191077419
100B,1142,0.003709761000209255,100,112,26.955914409138305
100B,1143,0.0035500430003594374,100,112,28.16867288364539
100B,1144,0.00421847899997374,100,112,23.705226457361167
100B,1145,0.004221835000862484,100,112,23.68638281211153
100B,1146,0.005545403999349219,100,112,18.032951253278483
100B,1147,0.004869727999903262,100,112,20.53502782947765
100B,1148,0.004761163001603563,100,112,21.003271672555616
100B,1149,0.004076506000274094,100,112,24.53081143343742
100B,1150,0.0038932589995965827,100,112,25.685421907548907
100B,1151,0.005125895999299246,100,112,19.508784418113606
100B,1152,0.0039052299998729723,100,112,25.60668641879038
100B,1153,0.004887317001703195,100,112,20.461124163861424
100B,1154,0.004634939999959897,100,112,21.575252322762587
100B,1155,0.0046495890001096996,100,112,21.50727730937953
100B,1156,0.004466387999855215,100,112,22.389456536969394
100B,1157,0.004758392999065109,100,112,21.015498303659914
100B,1158,0.004292005000024801,100,112,23.299134087547
100B,1159,0.00451918500039028,100,112,22.1278836762301
100B,1160,0.00462852400050906,100,112,21.605159655432637
100B,1161,0.004577561001497088,100,112,21.845694676115745
100B,1162,0.004919597999105463,100,112,20.32686410925916
100B,1163,0.005495258999872021,100,112,18.19750443106119
100B,1164,0.005795289000161574,100,112,17.25539485558218
100B,1165,0.004511776998697314,100,112,22.16421601264269
100B,1166,0.004326268999648164,100,112,23.114605219447185
100B,1167,0.004493305999858421,100,112,22.255328260116467
100B,1168,0.004561804000331904,100,112,21.921152244314815
100B,1169,0.004788038999322453,100,112,20.88537708530587
100B,1170,0.0038565650011150865,100,112,25.929810588201164
100B,1171,0.0036612599997170037,100,112,27.313001537101837
100B,1172,0.0043452329991851,100,112,23.013725620410664
100B,1173,0.004981287000191514,100,112,20.07513319271813
100B,1174,0.005469276999065187,100,112,18.283952342712222
100B,1175,0.005618441000478924,100,112,17.79853165521821
100B,1176,0.005606909999187337,100,112,17.83513557636808
100B,1177,0.005175365000468446,100,112,19.322308666335328
100B,1178,0.004768312001033337,100,112,20.971782043274242
100B,1179,0.004333165999923949,100,112,23.077814236000904
100B,1180,0.004824568000913132,100,112,20.727244383553778
100B,1181,0.006212910999238375,100,112,16.095514648810962
100B,1182,0.005051010999522987,100,112,19.798016676155314
100B,1183,0.0036449859999265755,100,112,27.43494762449414
100B,1184,0.0038635079999949085,100,112,25.88321287289473
100B,1185,0.0037169880015426315,100,112,26.903503578299905
100B,1186,0.005014051999751246,100,112,19.943949525246477
100B,1187,0.00498485400021309,100,112,20.06076807780634
100B,1188,0.0036334289998194436,100,112,27.522211113790668
100B,1189,0.003969053999753669,100,112,25.194920504031007
100B,1190,0.003361150000273483,100,112,29.751721878483085
100B,1191,0.004095456999493763,100,112,24.417299464348165
100B,1192,0.0039240730002347846,100,112,25.483725708980646
100B,1193,0.004953211999236373,100,112,20.188919839372268
100B,1194,0.003729853000550065,100,112,26.810708085614195
100B,1195,0.0028795019989047432,100,112,34.72822732473751
100B,1196,0.004631871999663417,100,112,21.58954306320785
100B,1197,0.00452950999897439,100,112,22.077443260450433
100B,1198,0.004197496999040595,100,112,23.823721618587598
100B,1199,0.0030112029999145307,100,112,33.20931866859802
100B,1200,0.0038892009997653076,100,112,25.712222126353062
100B,1201,0.005064279001089744,100,112,19.74614747301279
100B,1202,0.004779234001034638,100,112,20.92385515719703
100B,1203,0.003355427001224598,100,112,29.80246626241726
100B,1204,0.0027682759991876082,100,112,36.123565724424324
100B,1205,0.003396599000552669,100,112,29.4412145748523
100B,1206,0.003591177999624051,100,112,27.84601598986981
100B,1207,0.004237508999722195,100,112,23.59876993926287
100B,1208,0.004556690000754315,100,112,21.945754480433383
100B,1209,0.004393967999931192,100,112,22.75847252450768
100B,1210,0.004475564001040766,100,112,22.343552673304547
100B,1211,0.005176577000383986,100,112,19.317784704560996
100B,1212,0.005493516000569798,100,112,18.203278190074954
100B,1213,0.005682438999428996,100,112,17.598077165465142
100B,1214,0.005696504000297864,100,112,17.554626485783405
100B,1215,0.005493242000738974,100,112,18.20418615938413
100B,1216,0.0038115110000944696,100,112,26.236314154024864
100B,1217,0.003974904999267892,100,112,25.157833965445274
100B,1218,0.005201502999625518,100,112,19.22521240633707
100B,1219,0.005627257000014652,100,112,17.77064740418638
100B,1220,0.005395555999712087,100,112,18.533771126708
100B,1221,0.00513585099906777,100,112,19.470969858384017
100B,1222,0.00443687999904796,100,112,22.538360294048392
100B,1223,0.004870187998676556,100,112,20.533088255971716
100B,1224,0.006592831001398736,100,112,15.16799080376609
100B,1225,0.005022393999752239,100,112,19.91082340511977
100B,1226,0.00528447199940274,100,112,18.923366423609053
100B,1227,0.004188312001133454,100,112,23.875967208970508
100B,1228,0.003991145998952561,100,112,25.055460267863932
100B,1229,0.004278231001080712,100,112,23.37414692538558
100B,1230,0.005667077999532921,100,112,17.64577794910216
100B,1231,0.00595809299920802,100,112,16.783893774953246
100B,1232,0.005007270001442521,100,112,19.970962215177426
100B,1233,0.004847408999921754,100,112,20.629577574661884
100B,1234,0.004224755999530316,100,112,23.67000603374903
100B,1235,0.004276039999240311,100,112,23.386123613849772
100B,1236,0.004473459999644547,100,112,22.354061511211864
100B,1237,0.0053047979999973904,100,112,18.850859165617464
100B,1238,0.005058337999798823,100,112,19.769339258067994
100B,1239,0.005057643998952699,100,112,19.772051971373884
100B,1240,0.004792311001438065,100,112,20.866759267082674
100B,1241,0.004024567999294959,100,112,24.847387351268118
100B,1242,0.005031476999647566,100,112,19.874879683839275
100B,1243,0.005857874999492196,100,112,17.071036853580647
100B,1244,0.0049800800006778445,100,112,20.07999871214697
100B,1245,0.004070068000146421,100,112,24.569614069446136
100B,1246,0.0037632590010616696,100,112,26.57271263332887
100B,1247,0.004048298000270734,100,112,24.701738852552953
100B,1248,0.004448243000297225,100,112,22.4807862325233
100B,1249,0.00593436100098188,100,112,16.851013947997824
100B,1250,0.005972205999569269,100,112,16.744231529724903
100B,1251,0.005299252999975579,100,112,18.870584212616542
100B,1252,0.004578754000249319,100,112,21.840002759387133
100B,1253,0.004027819999464555,100,112,24.827325951331908
100B,1254,0.004354042001068592,100,112,22.967164757587884
100B,1255,0.005845010000484763,100,112,17.10861059120624
100B,1256,0.003950683998482418,100,112,25.312072552098105
100B,1257,0.004367187999378075,100,112,22.898029582019564
100B,1258,0.004483708000407205,100,112,22.30296887998017
100B,1259,0.00427486099943053,100,112,23.392573469247626
100B,1260,0.004845518000365701,100,112,20.637628421244706
100B,1261,0.006610960999751114,100,112,15.126393878857362
100B,1262,0.006143949000033899,100,112,16.276176771559832
100B,1263,0.006275072000789805,100,112,15.93607212593156
100B,1264,0.005703453998648911,100,112,17.533235127992434
100B,1265,0.005821902999741724,100,112,17.176514277966547
100B,1266,0.004144415999689954,100,112,24.128851931727183
100B,1267,0.004852140998991672,100,112,20.609458797834005
100B,1268,0.004945569000483374,100,112,20.22012027134312
100B,1269,0.006828333000157727,100,112,14.644862808783653
100B,1270,0.005213405000176863,100,112,19.18132199524256
100B,1271,0.005095820999486023,100,112,19.623923212782838
100B,1272,0.004304616999434074,100,112,23.230870484678878
100B,1273,0.0041374159991391934,100,112,24.169674990575135
100B,1274,0.0056445709997205995,100,112,17.716138215809476
100B,1275,0.006666579000011552,100,112,15.00019725256788
100B,1276,0.005148907001057523,100,112,19.421597628285227
100B,1277,0.004663855999751831,100,112,21.441485330019
100B,1278,0.004721967001387384,100,112,21.17761516982616
100B,1279,0.0044458060001488775,100,112,22.493109235232325
100B,1280,0.0044608690004679374,100,112,22.41715683413034
100B,1281,0.004545065999991493,100,112,22.00188072080519
100B,1282,0.003342656000313582,100,112,29.91633000542646
100B,1283,0.004116101999898092,100,112,24.294830400819958
100B,1284,0.0032585890003247187,100,112,30.688129122769084
100B,1285,0.003915107001375873,100,112,25.542086069386443
100B,1286,0.005396238999310299,100,112,18.53142531544306
100B,1287,0.004188452001471887,100,112,23.87516914718336
100B,1288,0.0036090749999857508,100,112,27.707930702574707
100B,1289,0.003454649999184767,100,112,28.9464924156132
100B,1290,0.003922620000594179,100,112,25.493165278526213
100B,1291,0.005277120999380713,100,112,18.949726567144342
100B,1292,0.004964147001373931,100,112,20.144447771656022
100B,1293,0.004300090000469936,100,112,23.255327211540106
100B,1294,0.004361840999990818,100,112,22.926099323705408
100B,1295,0.00421605500014266,100,112,23.71885565928724
100B,1296,0.00498814599995967,100,112,20.047528681158994
100B,1297,0.005790700000943616,100,112,17.2690693670376
100B,1298,0.005528230998606887,100,112,18.088969152193528
100B,1299,0.005711453000913025,100,112,17.50867948734134
100B,1300,0.004679398000007495,100,112,21.37027027832209
100B,1301,0.00415867100127798,100,112,24.04614358030955
100B,1302,0.004525337000814034,100,112,22.097801772997602
100B,1303,0.004862533000050462,100,112,20.5654131291165
100B,1304,0.004765423998833285,100,112,20.984491626449802
100B,1305,0.004215144999761833,100,112,23.723976282108982
100B,1306,0.004035488000226906,100,112,24.78015050332878
100B,1307,0.004283014999600709,100,112,23.348038708555226
100B,1308,0.0046477409996441565,100,112,21.51582887421142
100B,1309,0.005225427001278149,100,112,19.137192037232523
100B,1310,0.00529141900005925,100,112,18.898522305430784
100B,1311,0.004394409001179156,100,112,22.7561885962747
100B,1312,0.0034195210009784205,100,112,29.243861924341804
100B,1313,0.0038889970001037,100,112,25.713570876329683
100B,1314,0.004405376999784494,100,112,22.699532867423578
100B,1315,0.005013842999687768,100,112,19.944780880898627
100B,1316,0.0041147270003421,100,112,24.302948893495476
100B,1317,0.00552052700004424,100,112,18.114212646582224
100B,1318,0.004579403001116589,100,112,21.836907556643773
100B,1319,0.0037986090010235785,100,112,26.325425958042498
100B,1320,0.004593625999405049,100,112,21.769295108690102
100B,1321,0.00402831400060677,100,112,24.824281320904323
100B,1322,0.004201804000331322,100,112,23.79930144102742
100B,1323,0.004316978000133531,100,112,23.16435246992383
100B,1324,0.004330411999035277,100,112,23.09249097367129
100B,1325,0.005381543000112288,100,112,18.58203121259339
100B,1326,0.005177816001378233,100,112,19.31316214662359
100B,1327,0.004800398999577737,100,112,20.831601708273915
100B,1328,0.004324068000642001,100,112,23.12637081219649
100B,1329,0.0040458639996359125,100,112,24.71659947269582
100B,1330,0.00419072899967432,100,112,23.862196770006232
100B,1331,0.004930582999804756,100,112,20.281577250390036
100B,1332,0.00600455099993269,100,112,16.65403458162334
100B,1333,0.0054543799997190945,100,112,18.33388946225787
100B,1334,0.0051784900006168755,100,112,19.310648468585963
100B,1335,0.004753280998556875,100,112,21.038099794722974
100B,1336,0.004702328000348643,100,112,21.266062255245856
100B,1337,0.005312295999829075,100,112,18.824252263657282
100B,1338,0.006710883000778267,100,112,14.901168741639948
100B,1339,0.006237637000594987,100,112,16.031712007361335
100B,1340,0.006219913999302662,100,112,16.077392711733857
100B,1341,0.005135512999913772,100,112,19.47225136060975
100B,1342,0.0051272820001031505,100,112,19.503510826591594
100B,1343,0.004582268000376644,100,112,21.823254334268622
100B,1344,0.004776298999786377,100,112,20.936712715111128
100B,1345,0.005126878999362816,100,112,19.50504390925323
100B,1346,0.005640256998958648,100,112,17.729688561791217
100B,1347,0.005157470999620273,100,112,19.389347997761433
100B,1348,0.004899407998891547,100,112,20.4106292071663
100B,1349,0.0045780000000377186,100,112,21.84359982507123
100B,1350,0.0035020190007344354,100,112,28.554956434853217
100B,1351,0.003761055999348173,100,112,26.588277339484165
100B,1352,0.00484490199960419,100,112,20.64025237418004
100B,1353,0.0053160980005486635,100,112,18.810789415409424
100B,1354,0.004395189000206301,100,112,22.7521501340002
100B,1355,0.004319086001487449,100,112,23.153046724598912
100B,1356,0.004639903998395312,100,112,21.552170052351194
100B,1357,0.0035355870004423195,100,112,28.28384649776388
100B,1358,0.00460363700040034,100,112,21.72195592122138
100B,1359,0.004498358999626362,100,112,22.230328884001054
100B,1360,0.004887892000624561,100,112,20.458717170351203
100B,1361,0.004264541999873472,100,112,23.449176958033707
100B,1362,0.004327475999161834,100,112,23.10815820107806
100B,1363,0.004408005999721354,100,112,22.685994530479626
100B,1364,0.0060504260000016075,100,112,16.527761846847383
100B,1365,0.005224087999522453,100,112,19.14209714865853
100B,1366,0.005342574999303906,100,112,18.717565970160305
100B,1367,0.005201545000090846,100,112,19.22505717017799
100B,1368,0.004983597000318696,100,112,20.065827953906606
100B,1369,0.004617499000232783,100,112,21.65674534958398
100B,1370,0.004835691001062514,100,112,20.67956781730422
100B,1371,0.006037016999471234,100,112,16.5644721571529
100B,1372,0.006008943000779254,100,112,16.64186196924014
100B,1373,0.005514383999980055,100,112,18.134391801579593
100B,1374,0.005112851000376395,100,112,19.558559401132218
100B,1375,0.005333406999852741,100,112,18.749741019719867
100B,1376,0.005304004000208806,100,112,18.853681105078962
100B,1377,0.0043142790000274545,100,112,23.178844019907764
100B,1378,0.004858366999542341,100,112,20.583047762637122
100B,1379,0.00562880700090318,100,112,17.765753912677116
100B,1380,0.005791738998595974,100,112,17.265971416226087
100B,1381,0.004622256999937235,100,112,21.634452606455653
100B,1382,0.004375575001176912,100,112,22.85413916413333
100B,1383,0.004132087999096257,100,112,24.200839871239758
100B,1384,0.004551904999971157,100,112,21.968824041941485
100B,1385,0.005408103001173004,100,112,18.490772083725155
100B,1386,0.005628528000670485,100,112,17.766634542475
100B,1387,0.006021588998919469,100,112,16.60691223162927
100B,1388,0.005645675000778283,100,112,17.71267385852259
100B,1389,0.005463852001412306,100,112,18.302106274868322
100B,1390,0.0043285579995426815,100,112,23.102381904219637
100B,1391,0.004185208999842871,100,112,23.89366934930953
100B,1392,0.004426911000336986,100,112,22.589114620191772
100B,1393,0.004399907998958952,100,112,22.727747949198182
100B,1394,0.005132001000674791,100,112,19.485576870864076
100B,1395,0.005134693999934825,100,112,19.47535724646285
100B,1396,0.005128540000441717,100,112,19.498726731464917
100B,1397,0.004078103000210831,100,112,24.521205078643227
100B,1398,0.004399930001454777,100,112,22.727634295758424
100B,1399,0.005616159000055632,100,112,17.805763689918578
100B,1400,0.005547995000597439,100,112,18.024529580367584
100B,1401,0.004964018999089603,100,112,20.144967216753184
100B,1402,0.004857083000388229,100,112,20.588489015321944
100B,1403,0.004983595999874524,100,112,20.065831982070332
100B,1404,0.00486470800024108,100,112,20.55621837837837
100B,1405,0.004947907000314444,100,112,20.210565799568364
100B,1406,0.005560620998949162,100,112,17.983602913936746
100B,1407,0.00465379300112545,100,112,21.48784872378649
100B,1408,0.005053961000157869,100,112,19.786460559722624
100B,1409,0.004612033000739757,100,112,21.682412069462707
100B,1410,0.0041352600001118844,100,112,24.18227632538084
100B,1411,0.004491845000302419,100,112,22.262566939257116
100B,1412,0.004965352998624439,100,112,20.139555038222493
100B,1413,0.005341936999684549,100,112,18.719801451403335
100B,1414,0.004836127000089618,100,112,20.67770345943084
100B,1415,0.00409674900038226,100,112,24.40959892604335
100B,1416,0.004854951999732293,100,112,20.597525991094063
100B,1417,0.005480740999701084,100,112,18.24570801748412
100B,1418,0.006525967000925448,100,112,15.323399579835293
100B,1419,0.004853824000747409,100,112,20.602312730045764
100B,1420,0.004514329999437905,100,112,22.151681426136623
100B,1421,0.004957436000040616,100,112,20.17171779911646
100B,1422,0.005264634999548434,100,112,18.994669147733383
100B,1423,0.004238694999003201,100,112,23.59216693428441
100B,1424,0.0047266530000342755,100,112,21.156619705164488
100B,1425,0.00515708799866843,100,112,19.390787984579706
100B,1426,0.0035206909997214098,100,112,28.40351510766294
100B,1427,0.0029094790006638505,100,112,34.37041476401211
100B,1428,0.003905944999132771,100,112,25.601999009766597
100B,1429,0.003968121998696006,100,112,25.200838087352594
100B,1430,0.004092350000064471,100,112,24.435837599038354
100B,1431,0.004037198999867542,100,112,24.769648462530814
100B,1432,0.0031842959997447906,100,112,31.40411570030381
100B,1433,0.0037507260003621923,100,112,26.661504996724208
100B,1434,0.004266789001121651,100,112,23.436828016035488
100B,1435,0.004174394000074244,100,112,23.955572952198917
100B,1436,0.00366750400098681,100,112,27.26650058816382
100B,1437,0.003273796999565093,100,112,30.545571400207308
100B,1438,0.004143858999668737,100,112,24.132095230072757
100B,1439,0.004733542000394664,100,112,21.12582923985092
100B,1440,0.015125130999877001,100,112,6.611512984635518
100B,1441,0.004129605000343872,100,112,24.215391058387667
100B,1442,0.0040392299997620285,100,112,24.75719382305328
100B,1443,0.0074756800004252,100,112,13.37670954271882
100B,1444,0.006362313000863651,100,112,15.717554289835398
100B,1445,0.023420325998813496,100,112,4.269795390767239
100B,1446,0.0035469259983074153,100,112,28.193427223381534
100B,1447,0.00529654799902346,100,112,18.880221611970157
100B,1448,0.0033304869994026376,100,112,30.02563889843623
100B,1449,0.0022330070005409652,100,112,44.7826630081205
100B,1450,0.0024219869992521126,100,112,41.28841320406719
100B,1451,0.0035466709996399004,100,112,28.19545427533402
100B,1452,0.0045103370011929655,100,112,22.171292294467225
100B,1453,0.0041074220007430995,100,112,24.346171389720457
100B,1454,0.005493665999892983,100,112,18.202781166883465
100B,1455,0.005988852999507799,100,112,16.69768818974495
100B,1456,0.0056833670005289605,100,112,17.5952036865986
100B,1457,0.006522138999571325,100,112,15.332393254202742
100B,1458,0.005147422998561524,100,112,19.42719687656242
100B,1459,0.005401405000156956,100,112,18.513701527120105
100B,1460,0.005641334999381797,100,112,17.726300602775485
100B,1461,0.005565767000007327,100,112,17.9669756207668
100B,1462,0.004948935998982051,100,112,20.206363553816225
100B,1463,0.005944102998910239,100,112,16.82339623292757
100B,1464,0.00644673100032378,100,112,15.511737653545278
100B,1465,0.005817971999931615,100,112,17.188119846774
100B,1466,0.005291261000820668,100,112,18.899086623111224
100B,1467,0.005500585999470786,100,112,18.17988119986144
100B,1468,0.005169927999304491,100,112,19.342629145599894
100B,1469,0.005215659999521449,100,112,19.17302891852139
100B,1470,0.0047873729999992065,100,112,20.888282571676903
100B,1471,0.0049437249999755295,100,112,20.22766233973269
100B,1472,0.005068496000603773,100,112,19.729718636078186
100B,1473,0.004710916999101755,100,112,21.22728972280074
100B,1474,0.005669153999406262,100,112,17.63931620317125
100B,1475,0.0049779689998104,100,112,20.088514011197894
100B,1476,0.00435399799971492,100,112,22.967396862963085
100B,1477,0.003937079998650006,100,112,25.399534689233956
100B,1478,0.003754040000785608,100,112,26.637968689484662
100B,1479,0.004543045000900747,100,112,22.011668381046864
100B,1480,0.004449508000107016,100,112,22.47439492132498
100B,1481,0.005282513999190996,100,112,18.93038049976105
100B,1482,0.004983005999747547,100,112,20.068207825771484
100B,1483,0.004718858001069748,100,112,21.191567955070987
100B,1484,0.004594330999680096,100,112,21.765954609487867
100B,1485,0.00485823300004995,100,112,20.583615483030943
100B,1486,0.005365981000068132,100,112,18.635921371829365
100B,1487,0.004349426000771928,100,112,22.991539569187335
100B,1488,0.00514290800128947,100,112,19.444252157520065
100B,1489,0.00454638599876489,100,112,21.995492689614753
100B,1490,0.004251549000400701,100,112,23.520839108422646
100B,1491,0.004738179000923992,100,112,21.105154528881034
100B,1492,0.004896976999589242,100,112,20.420761626690915
100B,1493,0.005384493999372353,100,112,18.571847236092488
100B,1494,0.005384558999139699,100,112,18.571623045819944
100B,1495,0.004442262999873492,100,112,22.511048986259443
100B,1496,0.004105603000425617,100,112,24.356958037499794
100B,1497,0.0046036820003791945,100,112,21.721743593880557
100B,1498,0.004599943000357598,100,112,21.73939981261203
100B,1499,0.005579050000960706,100,112,17.92419856118517
100B,1500,0.005973448998702224,100,112,16.740747267068947
100B,1501,0.005726461999074672,100,112,17.462789417996454
100B,1502,0.004086514001755859,100,112,24.47073470371883
100B,1503,0.004188322000118205,100,112,23.87591020871312
100B,1504,0.003889812000124948,100,112,25.708183325257828
100B,1505,0.004306027998609352,100,112,23.223258193466318
100B,1506,0.0053137169998080935,100,112,18.819218261644632
100B,1507,0.0050804580005205935,100,112,19.683264774505176
100B,1508,0.005038298000727082,100,112,19.847972467203984
100B,1509,0.004332369999247021,100,112,23.082054399181118
100B,1510,0.004538068998954259,100,112,22.03580422048315
100B,1511,0.00565998699858028,100,112,17.667885107348027
100B,1512,0.005615789999865228,100,112,17.806933664257365
100B,1513,0.005623944000035408,100,112,17.78111588582148
100B,1514,0.005209185001149308,100,112,19.19686092506542
100B,1515,0.004072327001267695,100,112,24.555984813810507
100B,1516,0.004234713000187185,100,112,23.61435119583777
100B,1517,0.005034279000028619,100,112,19.863817638917414
100B,1518,0.006289165999987745,100,112,15.900359443556564
100B,1519,0.005186178999792901,100,112,19.28201861215999
100B,1520,0.00670402300056594,100,112,14.916416604113412
100B,1521,0.005556189000344602,100,112,17.997947872867154
100B,1522,0.005079627000668552,100,112,19.686484851513423
100B,1523,0.004891415999736637,100,112,20.44397777767914
100B,1524,0.004872707000686205,100,112,20.522473439490078
100B,1525,0.00576834799903736,100,112,17.335985973226357
100B,1526,0.005831164000483113,100,112,17.149234696831535
100B,1527,0.005324334999386338,100,112,18.7816882317746
100B,1528,0.005745894999563461,100,112,17.403729098355853
100B,1529,0.005377901999963797,100,112,18.594611802274045
100B,1530,0.004648564001399791,100,112,21.512019619367976
100B,1531,0.004508823998548905,100,112,22.1787321998338
100B,1532,0.004825050000363262,100,112,20.72517383083519
100B,1533,0.005470735000926652,100,112,18.27907949901826
100B,1534,0.006401060998541652,100,112,15.622410100885292
100B,1535,0.006450412000049255,100,112,15.502885707027149
100B,1536,0.004877289000432938,100,112,20.503193473079694
100B,1537,0.005324902998836478,100,112,18.779684817141376
100B,1538,0.005119068000567495,100,112,19.53480594297909
100B,1539,0.003961363001508289,100,112,25.243836518371328
100B,1540,0.005430418999821995,100,112,18.414785305383973
100B,1541,0.004960972999469959,100,112,20.157336073121986
100B,1542,0.005419611001343583,100,112,18.4515087845251
100B,1543,0.004902770000626333,100,112,20.396632921231244
100B,1544,0.0042159930017078295,100,112,23.719204457761585
100B,1545,0.004085165999640594,100,112,24.478809431195163
100B,1546,0.004978869999831659,100,112,20.084878698054197
100B,1547,0.006130559999292018,100,112,16.311723563842197
100B,1548,0.005213230999288498,100,112,19.18196220609599
100B,1549,0.005636363001030986,100,112,17.74193748374764
100B,1550,0.0054303390006680274,100,112,18.41505658996579
100B,1551,0.004249239000273519,100,112,23.533625666516546
100B,1552,0.004300345999581623,100,112,23.25394282453759
100B,1553,0.004243790999680641,100,112,23.563837146439425
100B,1554,0.0061465489998226985,100,112,16.26929192346544
100B,1555,0.0059777030000987,100,112,16.728833800934716
100B,1556,0.004399278001073981,100,112,22.731002672617496
100B,1557,0.004718116999356425,100,112,21.194896187110345
100B,1558,0.004449284000656917,100,112,22.475526395985387
100B,1559,0.005467026998303481,100,112,18.29147725647447
100B,1560,0.005822041999635985,100,112,17.176104192696027
100B,1561,0.005533943000045838,100,112,18.070298157962903
100B,1562,0.005532641000172589,100,112,18.07455065255102
100B,1563,0.005515089998880285,100,112,18.132070377872846
100B,1564,0.005517925001186086,100,112,18.122754473557517
100B,1565,0.005622749000394833,100,112,17.784894896247003
100B,1566,0.005282328000248526,100,112,18.931047067750267
100B,1567,0.0034583079996082233,100,112,28.91587447136824
100B,1568,0.0040198789993155515,100,112,24.87637066116333
100B,1569,0.005011131001083413,100,112,19.95557489484507
100B,1570,0.004071298999406281,100,112,24.562185193124613
100B,1571,0.003844561000732938,100,112,26.010772096199208
100B,1572,0.0036068379995413125,100,112,27.72511546476919
100B,1573,0.004779726001288509,100,112,20.921701363852698
100B,1574,0.0045271969993336825,100,112,22.08872289293311
100B,1575,0.004900298999928054,100,112,20.40691802713838
100B,1576,0.00478362899957574,100,112,20.904631192943473
100B,1577,0.004621736001354293,100,112,21.63689141281486
100B,1578,0.004768926999531686,100,112,20.969077532497373
100B,1579,0.005320931999449385,100,112,18.79370005298848
100B,1580,0.005084033999082749,100,112,19.669419995625873
100B,1581,0.00692684300156543,100,112,14.436591096030403
100B,1582,0.005970496998997987,100,112,16.749024414011554
100B,1583,0.004512630999670364,100,112,22.1600215057036
100B,1584,0.004187217999060522,100,112,23.88220532640928
100B,1585,0.0036944189996575005,100,112,27.067855597665215
100B,1586,0.004187562000879552,100,112,23.88024343973799
100B,1587,0.004120531999433297,100,112,24.268710936780288
100B,1588,0.005259886000203551,100,112,19.011818886593762
100B,1589,0.004525452999587287,100,112,22.097235350609058
100B,1590,0.003835457000604947,100,112,26.072512345785004
100B,1591,0.0041241819999413565,100,112,24.247232542458587
100B,1592,0.003975239000283182,100,112,25.155720195157162
100B,1593,0.005327493998265709,100,112,18.770551413582748
100B,1594,0.005527117000383441,100,112,18.092615009427615
100B,1595,0.004284741000446957,100,112,23.338633534575052
100B,1596,0.004997505000574165,100,112,20.009984980207314
100B,1597,0.004019064999738475,100,112,24.88140898604703
100B,1598,0.004957772998750443,100,112,20.170346650644152
100B,1599,0.004387159000543761,100,112,22.793794341077135
100B,1600,0.0036893930009682663,100,112,27.10472968690389
100B,1601,0.003743659999599913,100,112,26.711827465818757
100B,1602,0.003698123999129166,100,112,27.040737418093062
100B,1603,0.004992939999283408,100,112,20.028279934137423
100B,1604,0.005001538000215078,100,112,19.99384989091351
100B,1605,0.004050677998748142,100,112,24.68722520795405
100B,1606,0.003749303999939002,100,112,26.671616919200716
100B,1607,0.004040649000671692,100,112,24.74849955622887
100B,1608,0.004941097000482841,100,112,20.23842073738444
100B,1609,0.005173626001123921,100,112,19.328803430761315
100B,1610,0.00648381799874187,100,112,15.423011568092157
100B,1611,0.007761165999909281,100,112,12.884661918218073
100B,1612,0.004919183998936205,100,112,20.328574824935483
100B,1613,0.003350779999891529,100,112,29.843797564518468
100B,1614,0.004158571999141714,100,112,24.046716041140797
100B,1615,0.004689138000685489,100,112,21.325881214283168
100B,1616,0.0038405909999710275,100,112,26.03765930836019
100B,1617,0.004873384999882546,100,112,20.519618294555038
100B,1618,0.004027611001220066,100,112,24.828614275238458
100B,1619,0.0040439720014546765,100,112,24.728163291938845
100B,1620,0.004347062998931506,100,112,23.00403744426517
100B,1621,0.004424456999913673,100,112,22.60164354675639
100B,1622,0.005286157998853014,100,112,18.917330889787618
100B,1623,0.005243760999292135,100,112,19.070281809849682
100B,1624,0.004406182999446173,100,112,22.69538056239818
100B,1625,0.005271351999908802,100,112,18.970465262371032
100B,1626,0.0041051710013562115,100,112,24.359521190947547
100B,1627,0.004399768000439508,100,112,22.728471135298648
100B,1628,0.004102938000869472,100,112,24.372778720713928
100B,1629,0.004072513000210165,100,112,24.554863298125614
100B,1630,0.004024269001092762,100,112,24.849233481371574
100B,1631,0.004224287999022636,100,112,23.672628386875324
100B,1632,0.004706016999989515,100,112,21.24939200181869
100B,1633,0.004351012999904924,100,112,22.983153578760888
100B,1634,0.005002347001209273,100,112,19.9906163998271
100B,1635,0.005107492001116043,100,112,19.579081078961828
100B,1636,0.004442503999598557,100,112,22.509827792847553
100B,1637,0.0032065969990071608,100,112,31.18570872203847
100B,1638,0.0038303090004774276,100,112,26.107554243674734
100B,1639,0.006086939998567686,100,112,16.428616024395005
100B,1640,0.004562964000797365,100,112,21.91557943094122
100B,1641,0.0039980669989745365,100,112,25.012087097502114
100B,1642,0.004635108000002219,100,112,21.57447032516872
100B,1643,0.00391465699976834,100,112,25.54502220907675
100B,1644,0.003675418000057107,100,112,27.20778969859925
100B,1645,0.003771259000131977,100,112,26.516343745285184
100B,1646,0.005141304998687701,100,112,19.450314662429992
100B,1647,0.005196287000217126,100,112,19.24451055067234
100B,1648,0.004779375998623436,100,112,20.923233499268974
100B,1649,0.005263061000732705,100,112,19.00034979379459
100B,1650,0.004540009000265854,100,112,22.02638805212593
100B,1651,0.004323578999901656,100,112,23.12898642589267
100B,1652,0.005532900000616792,100,112,18.073704565210342
100B,1653,0.004831414998989203,100,112,20.697870090009108
100B,1654,0.005487978000019211,100,112,18.221647389922104
100B,1655,0.004932396001095185,100,112,20.27412234901579
100B,1656,0.005434627999420627,100,112,18.400523460052973
100B,1657,0.004111856000236003,100,112,24.319917816737853
100B,1658,0.00376496699936979,100,112,26.56065777382346
100B,1659,0.003987194000728778,100,112,25.08029455845942
100B,1660,0.006149128999823006,100,112,16.262465790338496
100B,1661,0.0060728650005330564,100,112,16.466692408150408
100B,1662,0.006529332000354771,100,112,15.315502411972084
100B,1663,0.006425634999686736,100,112,15.56266423549972
100B,1664,0.006149479000669089,100,112,16.261540203506602
100B,1665,0.0053487590012082364,100,112,18.695925536635862
100B,1666,0.005162449000636116,100,112,19.370651407438217
100B,1667,0.004808562000107486,100,112,20.796238043257986
100B,1668,0.005113947001518682,100,112,19.5543676870924
100B,1669,0.005257441000139806,100,112,19.02066043106157
100B,1670,0.005135383000379079,100,112,19.472744290468363
100B,1671,0.006263634000788443,100,112,15.965172931147059
100B,1672,0.004077724999660859,100,112,24.523478166947726
100B,1673,0.003619625000283122,100,112,27.62717132083521
100B,1674,0.004608544999427977,100,112,21.698822516089617
100B,1675,0.0044984230007685255,100,112,22.2300126028423
100B,1676,0.0059185329992033076,100,112,16.896078810992687
100B,1677,0.005617410000922973,100,112,17.801798334743133
100B,1678,0.004115024999919115,100,112,24.301188936146342
100B,1679,0.004353926999101532,100,112,22.96777139824251
100B,1680,0.004606870999850798,100,112,21.706707221287218
100B,1681,0.0049477840002509765,100,112,20.21106822669047
100B,1682,0.007046040998829994,100,112,14.19236703513436
100B,1683,0.004092410999874119,100,112,24.435473368407028
100B,1684,0.004036172998894472,100,112,24.775944942744157
100B,1685,0.004249736000929261,100,112,23.530873442052325
100B,1686,0.004095559999768739,100,112,24.416685387504184
100B,1687,0.004251187998306705,100,112,23.52283644944216
100B,1688,0.003565201999663259,100,112,28.048901579614622
100B,1689,0.004436204999365145,100,112,22.541789663532402
100B,1690,0.0044096220008214004,100,112,22.677680758435198
100B,1691,0.004828692999581108,100,112,20.70953775870097
100B,1692,0.005976521999400575,100,112,16.732139530320424
100B,1693,0.0055516460015496705,100,112,18.012675875242458
100B,1694,0.005481389998749364,100,112,18.243547717424963
100B,1695,0.004765956000483129,100,112,20.982149224596895
100B,1696,0.004409211000165669,100,112,22.679794638143342
100B,1697,0.004129797998757567,100,112,24.21425939721134
100B,1698,0.005403762001151335,100,112,18.505626261610672
100B,1699,0.004963022000083583,100,112,20.14901404795624
100B,1700,0.005039724999733153,100,112,19.842352510364133
100B,1701,0.0055866619986773,100,112,17.8997762928339
100B,1702,0.004974701998435194,100,112,20.10170660100952
100B,1703,0.0038275229999271687,100,112,26.12655756788472
100B,1704,0.00460716300040076,100,112,21.705331456972843
100B,1705,0.005184849000215763,100,112,19.286964769048932
100B,1706,0.004974646999471588,100,112,20.10192884251327
100B,1707,0.0050951749999512685,100,112,19.626411261822494
100B,1708,0.004340778999903705,100,112,23.037339611673016
100B,1709,0.0038257790001807734,100,112,26.138467484733138
100B,1710,0.004101293998246547,100,112,24.382548542668157
100B,1711,0.005274201999782235,100,112,18.960214266372216
100B,1712,0.0047458319986617425,100,112,21.071120939004707
100B,1713,0.005085062000944163,100,112,19.665443603525897
100B,1714,0.003491441999358358,100,112,28.641461040560767
100B,1715,0.0039037229998939438,100,112,25.616571668306587
100B,1716,0.005123488999743131,100,112,19.517949585724406
100B,1717,0.0049644470000203,100,112,20.143230454387183
100B,1718,0.005482216000018525,100,112,18.240798976118796
100B,1719,0.006314340000244556,100,112,15.836967916857024
100B,1720,0.005766444999608211,100,112,17.341707066796662
100B,1721,0.005497772001035628,100,112,18.189186452468885
100B,1722,0.004545999001493328,100,112,21.997365148375685
100B,1723,0.00426681200042367,100,112,23.436701685021646
100B,1724,0.0056148909989133244,100,112,17.809784734797784
100B,1725,0.005961390999800642,100,112,16.774608477005476
100B,1726,0.005680254000253626,100,112,17.604846543048065
100B,1727,0.005285036000714172,100,112,18.921346985429597
100B,1728,0.004904440998870996,100,112,20.38968355884392
100B,1729,0.004658331999962684,100,112,21.466911332382722
100B,1730,0.004469785000765114,100,112,22.372440728778347
100B,1731,0.004633649999959744,100,112,21.58125883501533
100B,1732,0.005731082001148025,100,112,17.448712124511296
100B,1733,0.005652136000207975,100,112,17.692426367008938
100B,1734,0.005469464000270818,100,112,18.283327213607866
100B,1735,0.004240972999468795,100,112,23.579494614213658
100B,1736,0.004268855998816434,100,112,23.42547980717213
100B,1737,0.005202631999054574,100,112,19.22104043072277
100B,1738,0.005958969999483088,100,112,16.781423636748382
100B,1739,0.005436505000034231,100,112,18.39417051936315
100B,1740,0.006077808000554796,100,112,16.453300267279218
100B,1741,0.005015229000491672,100,112,19.93926897260253
100B,1742,0.005066258998340345,100,112,19.738430276217418
100B,1743,0.004445628999746987,100,112,22.494004786654777
100B,1744,0.004612627000824432,100,112,21.679619874342023
100B,1745,0.0066639189990382874,100,112,15.006184801230573
100B,1746,0.0053908749996480765,100,112,18.54986435532787
100B,1747,0.005641105999529827,100,112,17.72702019928978
100B,1748,0.005443459000161965,100,112,18.370672029866412
100B,1749,0.005596852999588009,100,112,17.867183577514208
100B,1750,0.005152952000571531,100,112,19.406351929711096
100B,1751,0.0049109920000773855,100,112,20.362484809265467
100B,1752,0.006640907000473817,100,112,15.058184069264211
100B,1753,0.004939280001053703,100,112,20.245865789885745
100B,1754,0.006115043001045706,100,112,16.353114766797134
100B,1755,0.005566969000938116,100,112,17.963096252763133
100B,1756,0.0042428039996593725,100,112,23.569318782585373
100B,1757,0.004465675998289953,100,112,22.393026282760577
100B,1758,0.004660488000808982,100,112,21.456980466990085
100B,1759,0.005204250999668147,100,112,19.215060919693645
100B,1760,0.004914077000648831,100,112,20.349701477367265
100B,1761,0.004961897999237408,100,112,20.15357833139032
100B,1762,0.003449816000284045,100,112,28.987053220161993
100B,1763,0.0032997070011333562,100,112,30.305721073311304
100B,1764,0.003514906000418705,100,112,28.450262962391523
100B,1765,0.003812163000475266,100,112,26.231826914938555
100B,1766,0.006785599000068032,100,112,14.737092480560285
100B,1767,0.0045756740000797436,100,112,21.8547038093748
100B,1768,0.004585386999679031,100,112,21.808410065933327
100B,1769,0.004800142000021879,100,112,20.832717032026178
100B,1770,0.004409874998600571,100,112,22.67637972317446
100B,1771,0.004532071001449367,100,112,22.064967642391252
100B,1772,0.005196163998334669,100,112,19.244966100386602
100B,1773,0.00518307699894649,100,112,19.293558637142755
100B,1774,0.0050666360002651345,100,112,19.73696156478718
100B,1775,0.004519475000051898,100,112,22.126463803616943
100B,1776,0.004682150000007823,100,112,21.357709599186897
100B,1777,0.00465543400059687,100,112,21.48027444641661
100B,1778,0.005268522998449043,100,112,18.980651698671174
100B,1779,0.004102887000044575,100,112,24.373081685874745
100B,1780,0.005105317999550607,100,112,19.587418454404297
100B,1781,0.004484711000259267,100,112,22.29798084965093
100B,1782,0.004272954000043683,100,112,23.403013465386636
100B,1783,0.004672117000154685,100,112,21.40357358274401
100B,1784,0.00680716399983794,100,112,14.690405578943116
100B,1785,0.007426119000228937,100,112,13.465984048588117
100B,1786,0.004340421000961214,100,112,23.03923973684911
100B,1787,0.0037947900000290247,100,112,26.351919341843725
100B,1788,0.003556006000508205,100,112,28.121437361384807
100B,1789,0.004328646999056218,100,112,23.10190690573825
100B,1790,0.004744350000692066,100,112,21.07770294885766
100B,1791,0.005116959000588395,100,112,19.542857386291562
100B,1792,0.0037727439994341694,100,112,26.50590658019676
100B,1793,0.003664752000986482,100,112,27.286976028141027
100B,1794,0.003989259001173195,100,112,25.067311992174776
100B,1795,0.004144759999689995,100,112,24.12684932480516
100B,1796,0.004494102000535349,100,112,22.251386369977304
100B,1797,0.003576257999156951,100,112,27.96218841693566
100B,1798,0.0032095189999381546,100,112,31.15731672002158
100B,1799,0.004029014000479947,100,112,24.819968356547715
100B,1800,0.00446133299919893,100,112,22.414825348826422
100B,1801,0.005841289001182304,100,112,17.119509063797313
100B,1802,0.005635666999296518,100,112,17.74412860314186
100B,1803,0.004610631998730241,100,112,21.6890005594764
100B,1804,0.0038040540002839407,100,112,26.287744598929418
100B,1805,0.0039202279986056965,100,112,25.50872042023242
100B,1806,0.005137775000548572,100,112,19.463678341173516
100B,1807,0.005789725999420625,100,112,17.27197453040212
100B,1808,0.005118793998917681,100,112,19.53585161292758
100B,1809,0.003940571999919484,100,112,25.377026482968272
100B,1810,0.004112025000722497,100,112,24.318918290241346
100B,1811,0.0038633060012216447,100,112,25.884566215665615
100B,1812,0.004736851000416209,100,112,21.11107146735529
100B,1813,0.004914210998322233,100,112,20.349146594263278
100B,1814,0.005577592999543413,100,112,17.92888079287716
100B,1815,0.004815006999706384,100,112,20.768401791751902
100B,1816,0.004725661998236319,100,112,21.16105638476077
100B,1817,0.004696764999607694,100,112,21.291250468855196
100B,1818,0.004848657999900752,100,112,20.62426345641349
100B,1819,0.006256300999666564,100,112,15.983885686658875
100B,1820,0.005166111999642453,100,112,19.356916769694696
100B,1821,0.005831059999763966,100,112,17.149540564502487
100B,1822,0.004286494999178103,100,112,23.329083556419427
100B,1823,0.003725759999724687,100,112,26.840161472394747
100B,1824,0.003933448000680073,100,112,25.422987664438555
100B,1825,0.003996991999883903,100,112,25.01881414896617
100B,1826,0.005223035999733838,100,112,19.145952661458953
100B,1827,0.005716567000490613,100,112,17.493016349046147
100B,1828,0.0052776319989789044,100,112,18.947891785434756
100B,1829,0.004504645999986678,100,112,22.19930267557001
100B,1830,0.004621748999852571,100,112,21.636830559857298
100B,1831,0.004819485000552959,100,112,20.749104933105215
100B,1832,0.005774387998826569,100,112,17.317852562093385
100B,1833,0.004645365999749629,100,112,21.526829103538816
100B,1834,0.005228451000220957,100,112,19.126123587229554
100B,1835,0.003619175000494579,100,112,27.6306064189586
100B,1836,0.004220340000756551,100,112,23.69477340263432
100B,1837,0.004294440999728977,100,112,23.285917772839593
100B,1838,0.005219536998993135,100,112,19.15878745936475
100B,1839,0.004619367999112001,100,112,21.647983018288084
100B,1840,0.00547156399989035,100,112,18.27631002799273
100B,1841,0.003908650998710073,100,112,25.584274480633308
100B,1842,0.004820158001166419,100,112,20.74620789936787
100B,1843,0.004234488998918096,100,112,23.61560037717652
100B,1844,0.0042356730009487364,100,112,23.608999084112792
100B,1845,0.004923129001326743,100,112,20.312285128634823
100B,1846,0.00441718900037813,100,112,22.638832069770974
100B,1847,0.004538373999821488,100,112,22.034323306967075
100B,1848,0.004786699999385746,100,112,20.89121942315844
100B,1849,0.0045496559996536234,100,112,21.979683740399988
100B,1850,0.005207648999203229,100,112,19.20252306084761
100B,1851,0.0046590830006607575,100,112,21.463451066619303
100B,1852,0.005144318000020576,100,112,19.438922710376772
100B,1853,0.005353968999770586,100,112,18.67773235225772
100B,1854,0.005145811999682337,100,112,19.433278947262984
100B,1855,0.004936209999868879,100,112,20.258457400040985
100B,1856,0.003943364999940968,100,112,25.359052484742598
100B,1857,0.004519960000834544,100,112,22.12408958962833
100B,1858,0.005873973999769078,100,112,17.02424968240092
100B,1859,0.006191442998897401,100,112,16.151323692684958
100B,1860,0.003755331999855116,100,112,26.62880405883104
100B,1861,0.0033315939999738475,100,112,30.01566217275724
100B,1862,0.003853991000141832,100,112,25.947128573035034
100B,1863,0.004089248999662232,100,112,24.454368029009707
100B,1864,0.00398756199865602,100,112,25.077979987196265
100B,1865,0.004902464999759104,100,112,20.397901872815773
100B,1866,0.004686316000515944,100,112,21.33872320795064
100B,1867,0.004012364999653073,100,112,24.9229569116086
100B,1868,0.004049043000122765,100,112,24.69719387938534
100B,1869,0.004849172999456641,100,112,20.622073085700425
100B,1870,0.004876716000580927,100,112,20.505602538283497
100B,1871,0.004388573999676737,100,112,22.786444983579177
100B,1872,0.004538451999906101,100,112,22.03394461416998
100B,1873,0.004379692001748481,100,112,22.83265580321117
100B,1874,0.004102078000869369,100,112,24.37788846989419
100B,1875,0.00447247400006745,100,112,22.358989677411625
100B,1876,0.0048601030011923285,100,112,20.575695612925696
100B,1877,0.0046236610014602775,100,112,21.62788317924201
100B,1878,0.00494298100056767,100,112,20.230706933430582
100B,1879,0.004653284000596614,100,112,21.490199177006744
100B,1880,0.003991386000052444,100,112,25.053953688940652
100B,1881,0.004704041999502806,100,112,21.258313597236057
100B,1882,0.004589358999510296,100,112,21.789535316515973
100B,1883,0.0048997439989761915,100,112,20.409229547685584
100B,1884,0.005154331998710404,100,112,19.401156158551615
100B,1885,0.004552155998680973,100,112,21.967612715595834
100B,1886,0.004618413999196491,100,112,21.652454720905908
100B,1887,0.004665467000450008,100,112,21.43408151646009
100B,1888,0.0049925109997275285,100,112,20.0300009364942
100B,1889,0.00630553900009545,100,112,15.859072475562556
100B,1890,0.005131375999553711,100,112,19.487950212320683
100B,1891,0.005074326998510514,100,112,19.707046871309903
100B,1892,0.0038031590011087246,100,112,26.29393090608288
100B,1893,0.003904578999936348,100,112,25.61095575262536
100B,1894,0.004384771000331966,100,112,22.806208121799088
100B,1895,0.004458452000108082,100,112,22.429309544562955
100B,1896,0.005080490000182181,100,112,19.683140798705267
100B,1897,0.004542118998870137,100,112,22.016155900995823
100B,1898,0.004320944999562926,100,112,23.143085600514528
100B,1899,0.004481445001147222,100,112,22.314231229971725
100B,1900,0.0042812009996850975,100,112,23.357931572788914
100B,1901,0.00512801200056856,100,112,19.500734395495304
100B,1902,0.006007772999510053,100,112,16.645102937170766
100B,1903,0.005066753001301549,100,112,19.736505800521943
100B,1904,0.004614626999682514,100,112,21.670223835399913
100B,1905,0.004632958000001963,100,112,21.584482311291755
100B,1906,0.0072397309995722026,100,112,13.812667902427457
100B,1907,0.005159067000931827,100,112,19.383349737837882
100B,1908,0.004975559000740759,100,112,20.098244234489442
100B,1909,0.004746227999930852,100,112,21.06936287120149
100B,1910,0.003652905001217732,100,112,27.37547238886968
100B,1911,0.003441359998760163,100,112,29.058279295402844
100B,1912,0.005602445000477019,100,112,17.84934970204715
100B,1913,0.005142854000951047,100,112,19.444456323571973
100B,1914,0.005022920999181224,100,112,19.908734383101145
100B,1915,0.00573546899977373,100,112,17.43536579204684
100B,1916,0.0037515579988394165,100,112,26.6555921648915
100B,1917,0.003974315999585087,100,112,25.161562394746632
100B,1918,0.00488187500013737,100,112,20.48393291454331
100B,1919,0.004521679000390577,100,112,22.115678709471002
100B,1920,0.004544316998362774,100,112,22.005507106134537
100B,1921,0.0033684940008242847,100,112,29.68685708673656
100B,1922,0.003216803999748663,100,112,31.0867556766944
100B,1923,0.004441704999408103,100,112,22.513876993930463
100B,1924,0.004454953999811551,100,112,22.44692088947049
100B,1925,0.004352257001301041,100,112,22.976584326271755
100B,1926,0.011222555000131251,100,112,8.910626858039945
100B,1927,0.004662493000068935,100,112,21.447753379687974
100B,1928,0.003681809001136571,100,112,27.160561552522168
100B,1929,0.0035145229994668625,100,112,28.45336337681374
100B,1930,0.0038905930014152545,100,112,25.703022640410776
100B,1931,0.005164989001059439,100,112,19.36112545050688
100B,1932,0.0047869150002952665,100,112,20.890281108779202
100B,1933,0.005110779999085935,100,112,19.566484962742486
100B,1934,0.0038277399999060435,100,112,26.125076416489787
100B,1935,0.0032871819985302864,100,112,30.42119360738482
100B,1936,0.003959407998991082,100,112,25.256300948394692
100B,1937,0.004052745000080904,100,112,24.674634105526927
100B,1938,0.0034996159993170295,100,112,28.57456361484105
100B,1939,0.004721100000097067,100,112,21.18150431000063
100B,1940,0.004928660000587115,100,112,20.289490447319906
100B,1941,0.0033771810012694914,100,112,29.61049465883224
100B,1942,0.004907202999675064,100,112,20.37820730192364
100B,1943,0.0049450850001449,100,112,20.22209931620383
100B,1944,0.004852190000747214,100,112,20.609250665081227
100B,1945,0.00461187700057053,100,112,21.68314549317536
100B,1946,0.004110128998945584,100,112,24.33013660292757
100B,1947,0.004444676000275649,100,112,22.498827809675713
100B,1948,0.004191332998743746,100,112,23.858758068130747
100B,1949,0.004271337000318454,100,112,23.411873142424586
100B,1950,0.0036047389985469636,100,112,27.74125950320094
100B,1951,0.0036451809992286144,100,112,27.43347998937825
100B,1952,0.0038360799990186933,100,112,26.068278040494718
100B,1953,0.005400955998993595,100,112,18.515240638626537
100B,1954,0.005039854000642663,100,112,19.841844622333976
100B,1955,0.004432736999660847,100,112,22.5594254763256
100B,1956,0.004405515001053573,100,112,22.698821812225162
100B,1957,0.003963211000154843,100,112,25.232065614496175
100B,1958,0.003948028999730013,100,112,25.329094595515514
100B,1959,0.004009287000371842,100,112,24.94209069860189
100B,1960,0.003552059999492485,100,112,28.152677605189073
100B,1961,0.00342499799990037,100,112,29.197097342220026
100B,1962,0.0033999940005742246,100,112,29.411816604120773
100B,1963,0.004088278999915929,100,112,24.460170160122733
100B,1964,0.004607603001204552,100,112,21.703258716920118
100B,1965,0.006186597000123584,100,112,16.163975122026276
100B,1966,0.004306905000703409,100,112,23.218529311342568
100B,1967,0.004032675999042112,100,112,24.797429801886675
100B,1968,0.0042094380005437415,100,112,23.75614036531309
100B,1969,0.004235620001054485,100,112,23.609294501183854
100B,1970,0.005248727000434883,100,112,19.052238760315504
100B,1971,0.005203738999625784,100,112,19.21695150490662
100B,1972,0.004966472000887734,100,112,20.135017368893948
100B,1973,0.004076694000104908,100,112,24.52968017649268
100B,1974,0.004001851999419159,100,112,24.988430360371723
100B,1975,0.004468159999305499,100,112,22.380577243326858
100B,1976,0.004896243000985123,100,112,20.4238229148104
100B,1977,0.004700710000179242,100,112,21.2733821052962
100B,1978,0.004641433999495348,100,112,21.54506560060377
100B,1979,0.004035919000671129,100,112,24.77750420248055
100B,1980,0.003953542000090238,100,112,25.293774543869155
100B,1981,0.005230749999100226,100,112,19.11771734783762
100B,1982,0.006057807000615867,100,112,16.507623961911218
100B,1983,0.004653412999687134,100,112,21.489603438749874
100B,1984,0.003432125000472297,100,112,29.136467927665493
100B,1985,0.0034346510001341812,100,112,29.115039634621773
100B,1986,0.0038477369998872746,100,112,25.989302284155507
100B,1987,0.004845718998694792,100,112,20.636772381340165
100B,1988,0.005366110000977642,100,112,18.63547336558162
100B,1989,0.003947004001020105,100,112,25.33567231605414
100B,1990,0.004203328999210498,100,112,23.79066687827262
100B,1991,0.003866840999762644,100,112,25.86090299708166
100B,1992,0.004345497998656356,100,112,23.012322185148946
100B,1993,0.004268090999175911,100,112,23.429678518876038
100B,1994,0.00428050099981192,100,112,23.36175134742262
100B,1995,0.0031117600010475144,100,112,32.13615444839477
100B,1996,0.003584578000300098,100,112,27.897286651769907
100B,1997,0.004795773998921504,100,112,20.851691514756215
100B,1998,0.005008527999962098,100,112,19.965946082513014
100B,1999,0.005930962999627809,100,112,16.86066832760133
100B,2000,0.004895958001725376,100,112,20.425011808671396
100B,2001,0.0033804939994297456,100,112,29.581475375157883
100B,2002,0.00384447599935811,100,112,26.01134719444117
100B,2003,0.004325770998548251,100,112,23.117266270812873
100B,2004,0.004876297000009799,100,112,20.507364502161995
100B,2005,0.00524347700047656,100,112,19.071314700324113
100B,2006,0.004687131999162375,100,112,21.33500827752893
100B,2007,0.005069347000244306,100,112,19.72640657567547
100B,2008,0.00511453299986897,100,112,19.552127242616656
100B,2009,0.004589681999277673,100,112,21.788001873711092
100B,2010,0.004413761000250815,100,112,22.65641478872948
100B,2011,0.0036860509990219725,100,112,27.129304512209192
100B,2012,0.0043124309995619114,100,112,23.18877681988622
100B,2013,0.004356724999524886,100,112,22.953020906966884
100B,2014,0.004382667999379919,100,112,22.8171515647885
100B,2015,0.004104058998564142,100,112,24.36612145073604
100B,2016,0.005039143999965745,100,112,19.844640280309466
100B,2017,0.003853115000310936,100,112,25.953027613224695
100B,2018,0.0037513839997700416,100,112,26.656828521455004
100B,2019,0.0038684959999955026,100,112,25.849839317428852
100B,2020,0.004342930998973316,100,112,23.0259242027194
100B,2021,0.005229284000961343,100,112,19.123076884257227
100B,2022,0.005302495999785606,100,112,18.859042987310744
100B,2023,0.005090257000119891,100,112,19.645373504254245
100B,2024,0.004356252000434324,100,112,22.95551313147859
100B,2025,0.004591245999108651,100,112,21.780579829400146
100B,2026,0.004797807001523324,100,112,20.842855906510948
100B,2027,0.005197469999984605,100,112,19.24013029421934
100B,2028,0.0041970309994212585,100,112,23.826366784946146
100B,2029,0.005052717000580742,100,112,19.791332067184122
100B,2030,0.004611125999872456,100,112,21.68667696410074
100B,2031,0.004268745999070234,100,112,23.426083449748656
100B,2032,0.005234456000835053,100,112,19.104181978804867
100B,2033,0.004471673000807641,100,112,22.3629947856068
100B,2034,0.003914893000910524,100,112,25.543482280803598
100B,2035,0.004411837999214185,100,112,22.666290108070946
100B,2036,0.00405597799908719,100,112,24.65496608278085
100B,2037,0.0038423030000558356,100,112,26.02605780922192
100B,2038,0.005391341001086403,100,112,18.548260994778317
100B,2039,0.00510042399946542,100,112,19.606213132571153
100B,2040,0.005550059000597685,100,112,18.01782647521964
100B,2041,0.005064426000899402,100,112,19.74557432219185
100B,2042,0.005065364999609301,100,112,19.741913960339115
100B,2043,0.004197707999992417,100,112,23.822524101290668
100B,2044,0.004349037000793032,100,112,22.993596049370318
100B,2045,0.005886362998353434,100,112,16.988418829754902
100B,2046,0.005151401999683003,100,112,19.412191090144706
100B,2047,0.00501144900044892,100,112,19.954308622325026
100B,2048,0.0049544989997230005,100,112,20.18367548476463
100B,2049,0.004039704999740934,100,112,24.754282801940487
100B,2050,0.004795717999513727,100,112,20.85193499912625
100B,2051,0.004699031000200193,100,112,21.28098324861864
100B,2052,0.005649718999848119,100,112,17.69999534537705
100B,2053,0.005383241999879829,100,112,18.576166555810108
100B,2054,0.0049242010009038495,100,112,20.307863139958084
100B,2055,0.005142088999491534,100,112,19.447349124040507
100B,2056,0.005061473999376176,100,112,19.757090525867554
100B,2057,0.004463753999516484,100,112,22.402668249825606
100B,2058,0.006287664999035769,100,112,15.90415520154704
100B,2059,0.004191965999780223,100,112,23.855155315010382
100B,2060,0.004244147999997949,100,112,23.561855053133943
100B,2061,0.004512420999162714,100,112,22.161052795950365
100B,2062,0.0043565649993979605,100,112,22.95386388446382
100B,2063,0.0035119830008625286,100,112,28.473941922680268
100B,2064,0.004594754000208923,100,112,21.763950800293774
100B,2065,0.004296987999623525,100,112,23.27211526044787
100B,2066,0.004325339999923017,100,112,23.119569791456815
100B,2067,0.003977651000241167,100,112,25.140466067519988
100B,2068,0.003730735999852186,100,112,26.80436246466168
100B,2069,0.004449844998816843,100,112,22.472692875052665
100B,2070,0.004659769998397678,100,112,21.46028667388869
100B,2071,0.004206804998830194,100,112,23.771009121603562
100B,2072,0.0035636480006360216,100,112,28.061132856598775
100B,2073,0.004260228999555693,100,112,23.47291659918497
100B,2074,0.003559521001079702,100,112,28.093667650694353
100B,2075,0.007005641999057843,100,112,14.274209274959889
100B,2076,0.005479777000800823,100,112,18.24891779088562
100B,2077,0.005052905000411556,100,112,19.79059570521414
100B,2078,0.004328908000388765,100,112,23.100514030563673
100B,2079,0.0036761040009878343,100,112,27.20271242955265
100B,2080,0.003970486999605782,100,112,25.185827333001896
100B,2081,0.005559786999583594,100,112,17.9863005556669
100B,2082,0.004576942999847233,100,112,21.848644390663758
100B,2083,0.003487843001494184,100,112,28.671015282843932
100B,2084,0.003818917999524274,100,112,26.185427393952185
100B,2085,0.0035283849992993055,100,112,28.341578376469343
100B,2086,0.00349545600147394,100,112,28.608570657972145
100B,2087,0.004597363998982473,100,112,21.751595049278855
100B,2088,0.004828491999433027,100,112,20.71039985397972
100B,2089,0.005347838001398486,100,112,18.699145331973316
100B,2090,0.0038396480013034306,100,112,26.044054029445768
100B,2091,0.0038525910003954777,100,112,25.956557545229888
100B,2092,0.004457583998373593,100,112,22.43367708527451
100B,2093,0.004870874001426273,100,112,20.530196422801808
100B,2094,0.004796775001523201,100,112,20.84734013336988
100B,2095,0.004752377000841079,100,112,21.0421016645569
100B,2096,0.0038617019999946933,100,112,25.895317660486857
100B,2097,0.004235448999679647,100,112,23.610247699255403
100B,2098,0.005055954999988899,100,112,19.77865704900846
100B,2099,0.004746057999000186,100,112,21.07011756305258
100B,2100,0.005604379999567755,100,112,17.843186937308435
100B,2101,0.00503389799996512,100,112,19.865321069416364
100B,2102,0.004585979000694351,100,112,21.805594832610282
100B,2103,0.004606111999237328,100,112,21.710284078319813
100B,2104,0.004441171000507893,100,112,22.516584024475524
100B,2105,0.004217850000713952,100,112,23.70876156882608
100B,2106,0.005527571000129683,100,112,18.09112899638085
100B,2107,0.004939892000038526,100,112,20.2433575469302
100B,2108,0.0050233969996043015,100,112,19.906847897523747
100B,2109,0.004762225999002112,100,112,20.998583439961532
100B,2110,0.00489544000083697,100,112,20.42717303917586
100B,2111,0.0043980899990856415,100,112,22.737142718950704
100B,2112,0.004736010998385609,100,112,21.11481583004929
100B,2113,0.0044097150002926355,100,112,22.677202493440923
100B,2114,0.004433568001331878,100,112,22.55519707151424
100B,2115,0.0037821549994987436,100,112,26.439952887508102
100B,2116,0.004183040000498295,100,112,23.906058748682234
100B,2117,0.005850501000168151,100,112,17.092553269732942
100B,2118,0.004649337999580894,100,112,21.508438407578524
100B,2119,0.005174163999981829,100,112,19.326793661807237
100B,2120,0.00424361399927875,100,112,23.564819989988752
100B,2121,0.0035698889987543225,100,112,28.012075455257573
100B,2122,0.004587893999996595,100,112,21.796493118645333
100B,2123,0.005308011999659357,100,112,18.83944497608851
100B,2124,0.004613435999999638,100,112,21.675818197111187
100B,2125,0.004659473001083825,100,112,21.461654564097557
100B,2126,0.0048773049984447425,100,112,20.50312622070747
100B,2127,0.004704565000793082,100,112,21.25595033401437
100B,2128,0.003913470000043162,100,112,25.55277030331064
100B,2129,0.004594812999130227,100,112,21.76367134395447
100B,2130,0.004689719000452897,100,112,21.32323919414847
100B,2131,0.0051559009989432525,100,112,19.395252162618306
100B,2132,0.00457359199936036,100,112,21.86465255623709
100B,2133,0.0057741549990169005,100,112,17.318551375400535
100B,2134,0.004024066000056337,100,112,24.850487044347684
100B,2135,0.004716745001132949,100,112,21.201061320037496
100B,2136,0.004895055999440956,100,112,20.428775485187625
100B,2137,0.004457880000700243,100,112,22.432187493672334
100B,2138,0.003492997999273939,100,112,28.62870234130858
100B,2139,0.003633882999565685,100,112,27.51877262200016
100B,2140,0.004267645001164055,100,112,23.43212708009305
100B,2141,0.0042957099994964665,100,112,23.27903885777247
100B,2142,0.004378649999125628,100,112,22.838089370004223
100B,2143,0.003874289999657776,100,112,25.811180889616733
100B,2144,0.004065432000061264,100,112,24.597631936407506
100B,2145,0.005301540999425924,100,112,18.862440186886882
100B,2146,0.005471970000144211,100,112,18.2749539923217
100B,2147,0.004689429999416461,100,112,21.32455330657323
100B,2148,0.0036914869997417554,100,112,27.08935450862909
100B,2149,0.00311067000075127,100,112,32.14741517931783
100B,2150,0.004530353000518517,100,112,22.07333512169021
100B,2151,0.004422239000632544,100,112,22.612979530436117
100B,2152,0.004182396998658078,100,112,23.909734066872417
100B,2153,0.004468215000088094,100,112,22.380301753167302
100B,2154,0.0048393420001957566,100,112,20.66396629871476
100B,2155,0.003721777000464499,100,112,26.868885477963733
100B,2156,0.005039143999965745,100,112,19.844640280309466
100B,2157,0.004538281998975435,100,112,22.034769990621133
100B,2158,0.003981565998401493,100,112,25.1157459251329
100B,2159,0.003910051000275416,100,112,25.575113980087778
100B,2160,0.004383891000543372,100,112,22.81078612301384
100B,2161,0.00415636599973368,100,112,24.05947888285284
100B,2162,0.0049756209991755895,100,112,20.09799380149111
100B,2163,0.005630457999359351,100,112,17.76054452610752
100B,2164,0.004751079999550711,100,112,21.0478459654345
100B,2165,0.004583120999086532,100,112,21.81919264621884
100B,2166,0.005705022000256577,100,112,17.528416191121195
100B,2167,0.005030014999647392,100,112,19.880656420907307
100B,2168,0.004768101000081515,100,112,20.972710099532375
100B,2169,0.004946191000271938,100,112,20.217577524705792
100B,2170,0.005243014000370749,100,112,19.072998850075297
100B,2171,0.004864880000241101,100,112,20.555491604118508
100B,2172,0.004895137999483268,100,112,20.428433276151978
100B,2173,0.005462905000968021,100,112,18.305278964631473
100B,2174,0.004977272999894922,100,112,20.091323100442988
100B,2175,0.004314272999181412,100,112,23.178876260026648
100B,2176,0.004095517000678228,100,112,24.416941739819354
100B,2177,0.0042749460008053575,100,112,23.392108340353538
100B,2178,0.005275358000289998,100,112,18.956059473973667
100B,2179,0.0050072359990736,100,112,19.971097830919337
100B,2180,0.005157146999408724,100,112,19.390566142765596
100B,2181,0.004918836999422638,100,112,20.33000890489719
100B,2182,0.004432399000506848,100,112,22.561145778745306
100B,2183,0.0048222250006801914,100,112,20.737315240556935
100B,2184,0.006111569000495365,100,112,16.362410371525648
100B,2185,0.00501021800118906,100,112,19.959211350936688
100B,2186,0.005918128001212608,100,112,16.897235068168563
100B,2187,0.00551815600010741,100,112,18.121995825789178
100B,2188,0.005784642999060452,100,112,17.287151517603093
100B,2189,0.004647943998861592,100,112,21.514889169166562
100B,2190,0.003953126999476808,100,112,25.296429892901212
100B,2191,0.004542714999843156,100,112,22.013267397019767
100B,2192,0.0051243289999547414,100,112,19.514750126481577
100B,2193,0.005108786001073895,100,112,19.574121910563377
100B,2194,0.005066530999101815,100,112,19.737370602830183
100B,2195,0.004855477000091923,100,112,20.595298875498084
100B,2196,0.004063701999257319,100,112,24.60810364989263
100B,2197,0.003819884001131868,100,112,26.178805421936644
100B,2198,0.003528901999743539,100,112,28.33742620431722
100B,2199,0.003337733000080334,100,112,29.960455194466768
100B,2200,0.004713858999821241,100,112,21.21404140509765
100B,2201,0.003369587999259238,100,112,29.67721870507129
100B,2202,0.002538944001571508,100,112,39.38645355632258
100B,2203,0.00338471400027629,100,112,29.544593721016646
100B,2204,0.003748524000911857,100,112,26.677166793029535
100B,2205,0.0034662440011743456,100,112,28.849671277071238
100B,2206,0.004317577000620076,100,112,23.161138755750812
100B,2207,0.004069643999173422,100,112,24.572173885556282
100B,2208,0.0037536239997280063,100,112,26.640920882657973
100B,2209,0.003682921000290662,100,112,27.15236085490507
100B,2210,0.0029038609991403064,100,112,34.43691004135707
100B,2211,0.0034404660000291187,100,112,29.065830035568915
100B,2212,0.002940663000117638,100,112,34.005936755078565
100B,2213,0.0036230109999451088,100,112,27.60135147299168
100B,2214,0.00347546400007559,100,112,28.773136478416998
100B,2215,0.0036395489987626206,100,112,27.475931780008498
100B,2216,0.0034117940012947656,100,112,29.31009315393904
100B,2217,0.003855818000374711,100,112,25.934834058630862
100B,2218,0.00447345199972915,100,112,22.354101487185872
100B,2219,0.0038424019985541236,100,112,26.02538725454273
100B,2220,0.0036858229996141745,100,112,27.13098268974604
100B,2221,0.0036639540012401994,100,112,27.292919061252224
100B,2222,0.002718966999964323,100,112,36.77867366588567
100B,2223,0.0037221490001684288,100,112,26.86620014284086
100B,2224,0.0038361039987648837,100,112,26.06811495001104
100B,2225,0.0030976470006862655,100,112,32.2825680194824
100B,2226,0.0037445770012709545,100,112,26.70528606196609
100B,2227,0.002434692998576793,100,112,41.072940226326395
100B,2228,0.005023474999688915,100,112,19.906538801565176
100B,2229,0.004855993998717167,100,112,20.59310617484649
100B,2230,0.004418622998855426,100,112,22.63148497301159
100B,2231,0.004635121998944669,100,112,21.574405166200187
100B,2232,0.003532097000061185,100,112,28.311793248675713
100B,2233,0.004151548999288934,100,112,24.087394853614327
100B,2234,0.00406098299936275,100,112,24.62457981619032
100B,2235,0.004478953000216279,100,112,22.326646427227796
100B,2236,0.004332549999162438,100,112,23.08109543325105
100B,2237,0.003391610000107903,100,112,29.484522099185497
100B,2238,0.004235562999383546,100,112,23.609612232082068
100B,2239,0.004376609998871572,100,112,22.848734528729576
100B,2240,0.003908669999873382,100,112,25.584150108154283
100B,2241,0.00354969600084587,100,112,28.171426504176875
100B,2242,0.003963956998632057,100,112,25.227317055787825
100B,2243,0.004171226999460487,100,112,23.97376120094499
100B,2244,0.004305974998715101,100,112,23.22354403586642
100B,2245,0.0033519440003146883,100,112,29.833433968649764
100B,2246,0.003378220000740839,100,112,29.601387706564445
100B,2247,0.004010827000456629,100,112,24.932513915114036
100B,2248,0.00517395000133547,100,112,19.327593033212263
100B,2249,0.00488683199910156,100,112,20.463154865644025
100B,2250,0.0048771330002637114,100,112,20.503849289037824
100B,2251,0.004935676999593852,100,112,20.260645096554903
100B,2252,0.004827528999157948,100,112,20.71453118509339
100B,2253,0.00482936700063874,100,112,20.70664747300709
100B,2254,0.004695980000178679,100,112,21.294809602297086
100B,2255,0.005181963000723044,100,112,19.297706291234984
100B,2256,0.00453083599859383,100,112,22.0709820507817
100B,2257,0.004508381000050576,100,112,22.18091150656481
100B,2258,0.0047638679989177035,100,112,20.991345692768746
100B,2259,0.005173179000848904,100,112,19.330473579899376
100B,2260,0.004330556999775581,100,112,23.09171776406181
100B,2261,0.00482364599884022,100,112,20.731206233633984
100B,2262,0.005136108999067801,100,112,19.469991781356256
100B,2263,0.00474493900037487,100,112,21.075086527371496
100B,2264,0.004081448998476844,100,112,24.501102436247272
100B,2265,0.004557559999739169,100,112,21.941565224752505
100B,2266,0.004012381999928039,100,112,24.922851314205246
100B,2267,0.004626620000635739,100,112,21.614050859214522
100B,2268,0.005189159001020016,100,112,19.270945442285218
100B,2269,0.004993410000679432,100,112,20.02639478560611
100B,2270,0.0036290269999881275,100,112,27.555595480641824
100B,2271,0.004127506999793695,100,112,24.227699675614915
100B,2272,0.0055237779997696634,100,112,18.10355159171312
100B,2273,0.0053361549998953706,100,112,18.740085323975926
100B,2274,0.0051616189994092565,100,112,19.373766256565027
100B,2275,0.003672940998512786,100,112,27.226138410742536
100B,2276,0.0033518279997224454,100,112,29.834466448839468
100B,2277,0.0033128459999716142,100,112,30.18552628189081
100B,2278,0.0048164470008487115,100,112,20.762192542008435
100B,2279,0.004016626999145956,100,112,24.896511431423114
100B,2280,0.0046218320003390545,100,112,21.636441998035426
100B,2281,0.004314957999667968,100,112,23.175196608563724
100B,2282,0.0042521819996181875,100,112,23.517337688974557
100B,2283,0.005400271998951212,100,112,18.517585784460675
100B,2284,0.00499325099917769,100,112,20.02703249175105
100B,2285,0.003468046999842045,100,112,28.83467265713371
100B,2286,0.004333427001256496,100,112,23.076424264445798
100B,2287,0.003735182001037174,100,112,26.77245713120065
100B,2288,0.003421444000196061,100,112,29.227425611604236
100B,2289,0.0039835600000515115,100,112,25.10317404500168
100B,2290,0.0045873800008848775,100,112,21.798935335793114
100B,2291,0.003676547999930335,100,112,27.19942728937439
100B,2292,0.0036518279994197655,100,112,27.38354599830246
100B,2293,0.0038908140013518278,100,112,25.701562697485905
100B,2294,0.005023413999879267,100,112,19.906780528621255
100B,2295,0.0036758530004590284,100,112,27.20456992907832
100B,2296,0.003987310999946203,100,112,25.07955863020196
100B,2297,0.00393534999966505,100,112,25.410700448120576
100B,2298,0.0034336230000917567,100,112,29.12375645122592
100B,2299,0.004109284000151092,100,112,24.335139648737627
100B,2300,0.004017747000034433,100,112,24.889571194787273
100B,2301,0.003562628000508994,100,112,28.069166914343278
100B,2302,0.0038015169993741438,100,112,26.30528813009736
100B,2303,0.003626846000770456,100,112,27.572166002845684
100B,2304,0.004611563001162722,100,112,21.684621889538715
100B,2305,0.01086784200015245,100,112,9.201458762337293
100B,2306,0.004601148999427096,100,112,21.733701736772993
100B,2307,0.004111543001272366,100,112,24.321769216338925
100B,2308,0.003493630001685233,100,112,28.623523370180212
100B,2309,0.0035485040007188218,100,112,28.180889743887274
100B,2310,0.0037469750004675006,100,112,26.688195140753077
100B,2311,0.004243824998411583,100,112,23.563648368495144
100B,2312,0.003984016000686097,100,112,25.100300797682227
100B,2313,0.0033735489996615797,100,112,29.64237365754331
100B,2314,0.0038117090007290244,100,112,26.234951298977464
100B,2315,0.0034373140006209724,100,112,29.092483253474768
100B,2316,0.004532021999693825,100,112,22.065206216288406
100B,2317,0.004322545000832179,100,112,23.13451912721509
100B,2318,0.0031880189999355935,100,112,31.367441662681518
100B,2319,0.0035076970016234554,100,112,28.508733779946596
100B,2320,0.003076741999393562,100,112,32.50191274397086
100B,2321,0.0035821599994960707,100,112,27.916117653613394
100B,2322,0.0034939399993163534,100,112,28.62098376605398
100B,2323,0.002881098000216298,100,112,34.708989417400076
100B,2324,0.0035735140008910093,100,112,27.983659774403094
100B,2325,0.003094899000643636,100,112,32.311232120726174
100B,2326,0.003981743999247556,100,112,25.11462314475701
100B,2327,0.003972298000007868,100,112,25.17434492573365
100B,2328,0.002880411000660388,100,112,34.717267770840046
100B,2329,0.003748967999854358,100,112,26.674007354526594
100B,2330,0.003723491001437651,100,112,26.856517166656158
100B,2331,0.004596655000568717,100,112,21.754950064259248
100B,2332,0.00464458900023601,100,112,21.530430355607052
100B,2333,0.005021888999181101,100,112,19.91282563519556
100B,2334,0.004183647000900237,100,112,23.90259024685448
100B,2335,0.004366755001683487,100,112,22.900300099604316
100B,2336,0.0039054520002537174,100,112,25.605230839734688
100B,2337,0.003955082000175025,100,112,25.28392584416067
100B,2338,0.0035693579993676394,100,112,28.0162427018294
100B,2339,0.0030283269989013206,100,112,33.021533023441684
100B,2340,0.002838329999576672,100,112,35.231985010521925
100B,2341,0.0034412180011713644,100,112,29.059478349224246
100B,2342,0.0032811210003274027,100,112,30.477388669915438
100B,2343,0.003148804000375094,100,112,31.7580897344159
100B,2344,0.002787460000035935,100,112,35.87495425897083
100B,2345,0.003549781999026891,100,112,28.170744013974154
100B,2346,0.0032632290003675735,100,112,30.644493533471266
100B,2347,0.0027509560004546074,100,112,36.35099942837129
100B,2348,0.0027645820009638555,100,112,36.17183355933576
100B,2349,0.003028144999916549,100,112,33.0235176990388
100B,2350,0.003038077000383055,100,112,32.91555809394941
100B,2351,0.0022852359998069005,100,112,43.75915660721688
100B,2352,0.003362659999766038,100,112,29.738361894142628
100B,2353,0.0030742749986529816,100,112,32.52799441943736
100B,2354,0.004964989999280078,100,112,20.141027477296017
100B,2355,0.004133562000788515,100,112,24.192210006992532
100B,2356,0.004815899001187063,100,112,20.76455506549269
100B,2357,0.0047154410003713565,100,112,21.20692422874651
100B,2358,0.004735546999654616,100,112,21.116884703560842
100B,2359,0.0056930890004878165,100,112,17.565156629631367
100B,2360,0.00425304700002016,100,112,23.512554646004613
100B,2361,0.005724213999201311,100,112,17.469647363629804
100B,2362,0.005855207000422524,100,112,17.078815487272063
100B,2363,0.004994855000404641,100,112,20.02060119701149
100B,2364,0.004928356000164058,100,112,20.290741983061114
100B,2365,0.005396910999479587,100,112,18.5291178619849
100B,2366,0.00556221900114906,100,112,17.978436300214305
100B,2367,0.005740718999732053,100,112,17.419420808555074
100B,2368,0.0044666060002782615,100,112,22.388363780859603
100B,2369,0.0052893320007569855,100,112,18.905979050981948
100B,2370,0.005218319000050542,100,112,19.163259279287345
100B,2371,0.005125371999383788,100,112,19.510778927270604
100B,2372,0.005175010999664664,100,112,19.323630424453185
100B,2373,0.005475931999171735,100,112,18.261731521707276
100B,2374,0.004755042000397225,100,112,21.030308458189484
100B,2375,0.005437880001409212,100,112,18.389519440312267
100B,2376,0.006196760001330404,100,112,16.137465381672143
100B,2377,0.005374334999942221,100,112,18.60695323255344
100B,2378,0.005024379001042689,100,112,19.902957157341714
100B,2379,0.004612605000147596,100,112,21.679723279318335
100B,2380,0.0050016059994959505,100,112,19.993578064741154
100B,2381,0.0054526420008187415,100,112,18.339733286172923
100B,2382,0.004828535998967709,100,112,20.710211132603952
100B,2383,0.004951245999109233,100,112,20.19693628997444
100B,2384,0.004784368000400718,100,112,20.901402231522415
100B,2385,0.004825125000934349,100,112,20.724851683766897
100B,2386,0.004283629999918048,100,112,23.344686633045605
100B,2387,0.0044183130012243055,100,112,22.633072843026333
100B,2388,0.004696796000644099,100,112,21.291109936707155
100B,2389,0.004812266999579151,100,112,20.780226867866087
100B,2390,0.004843566999625182,100,112,20.645941308902813
100B,2391,0.004848176000450621,100,112,20.62631389427804
100B,2392,0.005209846000070684,100,112,19.194425324403692
100B,2393,0.005162129000382265,100,112,19.37185219365785
100B,2394,0.0054043340005591745,100,112,18.503667610042832
100B,2395,0.005779979999715579,100,112,17.301097928525845
100B,2396,0.004781512001500232,100,112,20.913886646864906
100B,2397,0.004228400001011323,100,112,23.64960741086052
100B,2398,0.004828746999919531,100,112,20.709306161964264
100B,2399,0.0048208300013357075,100,112,20.74331597925938
100B,2400,0.0035846150003635557,100,112,27.896998698565366
100B,2401,0.004675692000091658,100,112,21.387208566783205
100B,2402,0.004564549999486189,100,112,21.907964643011148
100B,2403,0.004495760000281734,100,112,22.24318023954422
100B,2404,0.0048066679992189165,100,112,20.804432512553394
100B,2405,0.004381026999908499,100,112,22.825698175813244
100B,2406,0.004299483000067994,100,112,23.258610395347198
100B,2407,0.0035878589987987652,100,112,27.87177534944393
100B,2408,0.004114646999369143,100,112,24.30342141508907
100B,2409,0.004168901999946684,100,112,23.987131384062018
100B,2410,0.004642095000235713,100,112,21.54199773915059
100B,2411,0.004990762001398252,100,112,20.037020393275252
100B,2412,0.005129220999151585,100,112,19.49613791578503
100B,2413,0.005343668999557849,100,112,18.713733954755487
100B,2414,0.004356051000286243,100,112,22.95657236185454
100B,2415,0.004287804000341566,100,112,23.32196154302622
100B,2416,0.004747892999148462,100,112,21.061974231082097
100B,2417,0.005245341999398079,100,112,19.064533830487193
100B,2418,0.006429952998587396,100,112,15.552213215550582
100B,2419,0.005438648000563262,100,112,18.386922630338155
100B,2420,0.0047711860006529605,100,112,20.959149357479358
100B,2421,0.004686820000642911,100,112,21.33642853497309
100B,2422,0.004401019999932032,100,112,22.722005353655373
100B,2423,0.0048632620000717,100,112,20.56233038617407
100B,2424,0.005765218998931232,100,112,17.345394861589508
100B,2425,0.005115608000778593,100,112,19.548018531674053
100B,2426,0.0044260730010137195,100,112,22.59339147300477
100B,2427,0.004734074998850701,100,112,21.123450732038922
100B,2428,0.004449414000191609,100,112,22.474869723449785
100B,2429,0.005302437000864302,100,112,18.859252827275444
100B,2430,0.0038827159987704363,100,112,25.755167267363262
100B,2431,0.003398285000002943,100,112,29.426607833043253
100B,2432,0.0037302210002962966,100,112,26.808063112629753
100B,2433,0.004244419000315247,100,112,23.56035066108522
100B,2434,0.005839584999193903,100,112,17.124504569041125
100B,2435,0.006664315000307397,100,112,15.005293116454943
100B,2436,0.005516761999388109,100,112,18.126574974793453
100B,2437,0.004128661999857286,100,112,24.220921936321417
100B,2438,0.003387728000234347,100,112,29.518308433582177
100B,2439,0.004479960998651222,100,112,22.32162289584818
100B,2440,0.005282522000925383,100,112,18.93035182484468
100B,2441,0.0038726689999748487,100,112,25.821984786370706
100B,2442,0.0034158649996243184,100,112,29.275161638705903
100B,2443,0.00368060099935974,100,112,27.169475859348932
100B,2444,0.004200707999189035,100,112,23.80551088514256
100B,2445,0.005146767998667201,100,112,19.42966926542946
100B,2446,0.004045296000185772,100,112,24.720069926998598
100B,2447,0.004732553999929223,100,112,21.13023961300717
100B,2448,0.004168464000031236,100,112,23.989651823609528
100B,2449,0.004230784999890602,100,112,23.636275538129627
100B,2450,0.0036869920004392043,100,112,27.12238051725844
100B,2451,0.0037397490013972856,100,112,26.739762471394982
100B,2452,0.0046857399993314175,100,112,21.341346300534912
100B,2453,0.003982154999903287,100,112,25.112031049125076
100B,2454,0.0052893169995513745,100,112,18.90603267084989
100B,2455,0.006494074001238914,100,112,15.398654216278162
100B,2456,0.005498477001310675,100,112,18.18685428277011
100B,2457,0.003763562999665737,100,112,26.57056624504002
100B,2458,0.004638129999875673,100,112,21.560413356822803
100B,2459,0.0037467249985638773,100,112,26.68997592252703
100B,2460,0.0048059539985843,100,112,20.80752334072636
100B,2461,0.004781608000484994,100,112,20.913466764707
100B,2462,0.005107216000396875,100,112,19.580139158443494
100B,2463,0.005184120000194525,100,112,19.289676935766856
100B,2464,0.005633441998725175,100,112,17.75113687557795
100B,2465,0.0047401709998666774,100,112,21.096285345573527
100B,2466,0.0045543109990831,100,112,21.95721812149688
100B,2467,0.003927060000933125,100,112,25.464342275452523
100B,2468,0.004638194999643019,100,112,21.56011120871299
100B,2469,0.005373234998842236,100,112,18.610762421808626
100B,2470,0.0057806749991868855,100,112,17.29901785069496
100B,2471,0.0055694009988656035,100,112,17.955252283031584
100B,2472,0.0063406359986402094,100,112,15.771288561817087
100B,2473,0.004910843999823555,100,112,20.363098482377563
100B,2474,0.0049331600002915366,100,112,20.270982492781556
100B,2475,0.005044378000093275,100,112,19.824049664428582
100B,2476,0.004517064999163267,100,112,22.138268990710518
100B,2477,0.004906475000097998,100,112,20.3812309240346
100B,2478,0.005451214999993681,100,112,18.344534200194985
100B,2479,0.005835863999891444,100,112,17.135423306961943
100B,2480,0.005177361999813002,100,112,19.314855712930996
100B,2481,0.004550001000097836,100,112,21.978017147215958
100B,2482,0.004851514000620227,100,112,20.612122316294627
100B,2483,0.004448269999556942,100,112,22.480649782940386
100B,2484,0.004319627998484066,100,112,23.15014164069084
100B,2485,0.00481736700021429,100,112,20.7582274706394
100B,2486,0.00504255300074874,100,112,19.83122437883183
100B,2487,0.005388475001382176,100,112,18.558126366801257
100B,2488,0.004681061998780933,100,112,21.362673689441095
100B,2489,0.004781981000633095,100,112,20.91183548967694
100B,2490,0.004387955999845872,100,112,22.78965422705071
100B,2491,0.005066535000878503,100,112,19.737355013369232
100B,2492,0.0042664240008889465,100,112,23.438833078747948
100B,2493,0.0050333059989498,100,112,19.867657563610283
100B,2494,0.0038973179998720298,100,112,25.6586709124797
100B,2495,0.004971364000084577,100,112,20.115203794833512
100B,2496,0.005260654999801773,100,112,19.00903974956885
100B,2497,0.006250923001061892,100,112,15.99763746618095
100B,2498,0.0063731549998919945,100,112,15.690815616707061
100B,2499,0.006904393001605058,100,112,14.483532437500745
100B,2500,0.006045250000170199,100,112,16.54191307178108
100B,2501,0.005800253000415978,100,112,17.24062726105711
100B,2502,0.00451784399956523,100,112,22.134451745041087
100B,2503,0.005199461000302108,100,112,19.232762779486112
100B,2504,0.005821631000799243,100,112,17.177316801128608
100B,2505,0.005998956999974325,100,112,16.669564392681593
100B,2506,0.0055940109996299725,100,112,17.876260880898286
100B,2507,0.007363473001532839,100,112,13.580548197729959
100B,2508,0.0038567659994441783,100,112,25.92845923616097
100B,2509,0.004698830000052112,100,112,21.28189357752695
100B,2510,0.0037792580005771015,100,112,26.46022049426892
100B,2511,0.004076180999618373,100,112,24.532767315622728
100B,2512,0.0048460019988851855,100,112,20.635567220773915
100B,2513,0.004539292000117712,100,112,22.029867212201115
100B,2514,0.00479600099970412,100,112,20.850704577870044
100B,2515,0.005385776999901282,100,112,18.567423048119693
100B,2516,0.005272999000226264,100,112,18.964539912810338
100B,2517,0.00531881099959719,100,112,18.801194478911416
100B,2518,0.005224988000918529,100,112,19.138799932635337
100B,2519,0.005773890001364634,100,112,17.319346225225182
100B,2520,0.005443959998956416,100,112,18.368981406764483
100B,2521,0.005467327000587829,100,112,18.290473569488036
100B,2522,0.005155700000614161,100,112,19.396008299181048
100B,2523,0.005108694998853025,100,112,19.574470588369717
100B,2524,0.005344442999557941,100,112,18.71102376959982
100B,2525,0.005635716999677243,100,112,17.743971176289904
100B,2526,0.005317714998454903,100,112,18.805069476091827
100B,2527,0.007142210999518284,100,112,14.001266555516862
100B,2528,0.005284970000502653,100,112,18.921583280603105
100B,2529,0.004569300999719417,100,112,21.885185503458978
100B,2530,0.004616219999661553,100,112,21.66274571128146
100B,2531,0.005808781999803614,100,112,17.21531295259158
100B,2532,0.0054773559986642795,100,112,18.256983848482047
100B,2533,0.005392062999817426,100,112,18.545777377487237
100B,2534,0.0052050260001124116,100,112,19.21219990021958
100B,2535,0.005414228000518051,100,112,18.469853872136834
100B,2536,0.005278685999655863,100,112,18.9441084403428
100B,2537,0.005388541001593694,100,112,18.557899062181097
100B,2538,0.005329368999809958,100,112,18.763947477377894
100B,2539,0.005489461998877232,100,112,18.216721423784907
100B,2540,0.004886024000370526,100,112,20.466538844757334
100B,2541,0.00543232500058366,100,112,18.40832424224541
100B,2542,0.005123457000081544,100,112,19.518071489310522
100B,2543,0.005220466000537272,100,112,19.15537808113459
100B,2544,0.005925770999965607,100,112,16.875441187413486
100B,2545,0.006048928000382148,100,112,16.53185489952639
100B,2546,0.006653660999290878,100,112,15.029319950423927
100B,2547,0.005900236999877961,100,112,16.948471731231876
100B,2548,0.006316455999694881,100,112,15.831662565975373
100B,2549,0.005545592000999022,100,112,18.032339916457122
100B,2550,0.00529323199953069,100,112,18.892049320503283
100B,2551,0.004385979000289808,100,112,22.799926765128696
100B,2552,0.004515440999966813,100,112,22.14623112133122
100B,2553,0.006090487999244942,100,112,16.419045569484304
100B,2554,0.005093101999591454,100,112,19.634399626793567
100B,2555,0.00383748599961109,100,112,26.058726992133522
100B,2556,0.0037188509995758068,100,112,26.890025981521326
100B,2557,0.004734214000563952,100,112,21.12283052436745
100B,2558,0.004275414999938221,100,112,23.389542302079445
100B,2559,0.004503785999986576,100,112,22.203541642586497
100B,2560,0.003978983999331831,100,112,25.132043762124315
100B,2561,0.004007038000054308,100,112,24.956089759728926
100B,2562,0.004158376999839675,100,112,24.0478436668574
100B,2563,0.00449127300089458,100,112,22.26540225456832
100B,2564,0.005474773000969435,100,112,18.265597492771423
100B,2565,0.004181315998721402,100,112,23.915915475075035
100B,2566,0.0037122789999557426,100,112,26.937630496304884
100B,2567,0.003286543998910929,100,112,30.427099114795748
100B,2568,0.004236248001689091,100,112,23.605794552190442
100B,2569,0.003612894999605487,100,112,27.678634449913318
100B,2570,0.004604206000294653,100,112,21.7192714647434
100B,2571,0.003780520999498549,100,112,26.451380646546884
100B,2572,0.0053877070004091365,100,112,18.5607717703294
100B,2573,0.005527814999368275,100,112,18.090330449088494
100B,2574,0.0050582080002641305,100,112,19.769847344114392
100B,2575,0.0051093960009893635,100,112,19.571784997803338
100B,2576,0.0056705409988353495,100,112,17.63500167277489
100B,2577,0.005405094001616817,100,112,18.501065840869217
100B,2578,0.00566307900044194,100,112,17.658238564603483
100B,2579,0.005339119999916875,100,112,18.729678299337138
100B,2580,0.004437195999344112,100,112,22.536755197377257
100B,2581,0.004787271000168403,100,112,20.888727627176795
100B,2582,0.005149670001628692,100,112,19.418720028346065
100B,2583,0.004862755000431207,100,112,20.564474251968782
100B,2584,0.004126649999307119,100,112,24.232731154033026
100B,2585,0.004797776999112102,100,112,20.842986245193647
100B,2586,0.004850272000112454,100,112,20.617400425724885
100B,2587,0.005084809001346002,100,112,19.6664220767248
100B,2588,0.004966608999893651,100,112,20.134461964318366
100B,2589,0.0053294849985832116,100,112,18.76353907114552
100B,2590,0.005327569000655785,100,112,18.7702871586817
100B,2591,0.005124280998643371,100,112,19.514932929414783
100B,2592,0.00592218900055741,100,112,16.885648193697936
100B,2593,0.0055768729998817435,100,112,17.93119549290803
100B,2594,0.0053061290000187,100,112,18.846130578364676
100B,2595,0.004613494000295759,100,112,21.675545691311026
100B,2596,0.004971229998773197,100,112,20.11574600746255
100B,2597,0.006279817998802173,100,112,15.924028374560255
100B,2598,0.005494858998645213,100,112,18.198829128218854
100B,2599,0.00476275000073656,100,112,20.996273158266753
100B,2600,0.004605062000337057,100,112,21.71523423412773
100B,2601,0.00418307099971571,100,112,23.905881589577657
100B,2602,0.0045945120000396855,100,112,21.765097141793564
100B,2603,0.0038154300000314834,100,112,26.20936565450679
100B,2604,0.005790084000182105,100,112,17.27090660461141
100B,2605,0.004211286999634467,100,112,23.74571004272087
100B,2606,0.004393479999635019,100,112,22.761000393380037
100B,2607,0.004580222001095535,100,112,21.833002849224595
100B,2608,0.004358045000117272,100,112,22.94606870679607
100B,2609,0.004012834000604926,100,112,24.920044034945185
100B,2610,0.004138644999329699,100,112,24.16249763296831
100B,2611,0.004058623999299016,100,112,24.638892397342417
100B,2612,0.0040819749992806464,100,112,24.497945239160625
100B,2613,0.004445431999556604,100,112,22.49500161288581
100B,2614,0.0053126860002521425,100,112,18.822870388962187
100B,2615,0.005800285000077565,100,112,17.240532146034674
100B,2616,0.005647567999403691,100,112,17.706736777770303
100B,2617,0.005154165000931243,100,112,19.401784766675537
100B,2618,0.005623074999675737,100,112,17.78386381219647
100B,2619,0.0049272340002062265,100,112,20.295362468235638
100B,2620,0.0053296160003810655,100,112,18.763077863930544
100B,2621,0.005142120999153121,100,112,19.447228102269364
100B,2622,0.005070582999906037,100,112,19.7215980887904
100B,2623,0.005531598999368725,100,112,18.07795539976997
100B,2624,0.00506041200060281,100,112,19.761236829745826
100B,2625,0.005299275999277597,100,112,18.87050231269934
100B,2626,0.005213855998590589,100,112,19.17966281136879
100B,2627,0.005264748999252333,100,112,18.99425784860805
100B,2628,0.005038936000346439,100,112,19.84545943689794
100B,2629,0.005281849000311922,100,112,18.93276388516492
100B,2630,0.006019986998580862,100,112,16.61133155662525
100B,2631,0.005531536000489723,100,112,18.078161290308284
100B,2632,0.005540193000342697,100,112,18.049912700480714
100B,2633,0.006072513999242801,100,112,16.46764421003711
100B,2634,0.005138315000294824,100,112,19.461632849341125
100B,2635,0.004831220998312347,100,112,20.698701225825157
100B,2636,0.004603231000146479,100,112,21.723871775459
100B,2637,0.00546331000077771,100,112,18.303921978757355
100B,2638,0.006230087001313223,100,112,16.051140213438636
100B,2639,0.005956245999186649,100,112,16.78909837062731
100B,2640,0.005078714999399381,100,112,19.690020017233927
100B,2641,0.004950028998791822,100,112,20.2019018523745
100B,2642,0.0044325380004011095,100,112,22.560438284105135
100B,2643,0.004897883000012371,100,112,20.416984235790732
100B,2644,0.004923614998915582,100,112,20.310280154322555
100B,2645,0.005658363001202815,100,112,17.672955937740774
100B,2646,0.0061250479993759654,100,112,16.32640266822207
100B,2647,0.005580994999036193,100,112,17.91795190951962
100B,2648,0.005537793998882989,100,112,18.05773201750926
100B,2649,0.004460193998966133,100,112,22.420549425244698
100B,2650,0.00440798999989056,100,112,22.686076874603337
100B,2651,0.004561666000881814,100,112,21.92181540267723
100B,2652,0.005467958000735962,100,112,18.288362856214416
100B,2653,0.006121475998952519,100,112,16.33592944203515
100B,2654,0.005911365000429214,100,112,16.91656664623808
100B,2655,0.004473904000406037,100,112,22.351843041541418
100B,2656,0.004356647999884444,100,112,22.953426579942285
100B,2657,0.0041767239999899175,100,112,23.94220925305129
100B,2658,0.0035486029992171098,100,112,28.180103556825582
100B,2659,0.004569382001136546,100,112,21.88479754485988
100B,2660,0.0039854269998613745,100,112,25.091414296003492
100B,2661,0.003446496999458759,100,112,29.014967956073683
100B,2662,0.0031285850000131177,100,112,31.96333166577885
100B,2663,0.004193587999907322,100,112,23.845928594370736
100B,2664,0.0049878610006999224,100,112,20.048674168339392
100B,2665,0.003689309998662793,100,112,27.105339490648777
100B,2666,0.0029271040002640802,100,112,34.16345985348594
100B,2667,0.0036579019997589057,100,112,27.338075215407915
100B,2668,0.003937383999073063,100,112,25.39757362338597
100B,2669,0.004223276000629994,100,112,23.678300917364343
100B,2670,0.0035740499988605734,100,112,27.979463083023614
100B,2671,0.0032443380005133804,100,112,30.822929048753892
100B,2672,0.004077972998857149,100,112,24.521986788050086
100B,2673,0.0034476599994377466,100,112,29.005180329936323
100B,2674,0.004375866999907885,100,112,22.852614122436783
100B,2675,0.006640914998570224,100,112,15.05816593368983
100B,2676,0.003654846999779693,100,112,27.360926464508037
100B,2677,0.0034140429997933097,100,112,29.290785150056436
100B,2678,0.0033777440003177617,100,112,29.605559210701724
100B,2679,0.0037756490000901977,100,112,26.485512821136464
100B,2680,0.004791925999597879,100,112,20.868435783105088
100B,2681,0.0042038910014525754,100,112,23.787486394258764
100B,2682,0.002999749998707557,100,112,33.336111356974754
100B,2683,0.004001297998911468,100,112,24.99189013845119
100B,2684,0.0048342930003855145,100,112,20.685548019539862
100B,2685,0.005054060000475147,100,112,19.78607297709143
100B,2686,0.0044825650002167094,100,112,22.308655868942335
100B,2687,0.005028442999901017,100,112,19.886871542934554
100B,2688,0.004156969000177924,100,112,24.055988869707683
100B,2689,0.004907213000478805,100,112,20.378165771537294
100B,2690,0.005160120999789797,100,112,19.3793905228334
100B,2691,0.00524976099950436,100,112,19.048486209075268
100B,2692,0.00571114499871328,100,112,17.509623730885835
100B,2693,0.0044312809986877255,100,112,22.566837902993264
100B,2694,0.004464558998733992,100,112,22.398628851888137
100B,2695,0.004747803999634925,100,112,21.06236904634002
100B,2696,0.004754956000397215,100,112,21.030688820600297
100B,2697,0.0047797820006962866,100,112,20.921456247467493
100B,2698,0.005535477999728755,100,112,18.065287226306403
100B,2699,0.005493968999871868,100,112,18.201777258359527
100B,2700,0.005756466000093496,100,112,17.371769415189075
100B,2701,0.004884306001258665,100,112,20.473737717135336
100B,2702,0.004711849000159418,100,112,21.223090976942736
100B,2703,0.004958939000061946,100,112,20.16560397269473
100B,2704,0.004565152999930433,100,112,21.905070870904844
100B,2705,0.005766086000221549,100,112,17.342786770117154
100B,2706,0.005168163999769604,100,112,19.349231178510973
100B,2707,0.007151887999498285,100,112,13.982321871793173
100B,2708,0.005762742999650072,100,112,17.35284742111044
100B,2709,0.00534533000063675,100,112,18.707918872752053
100B,2710,0.004928198999550659,100,112,20.291388397489172
100B,2711,0.004239877000145498,100,112,23.585589864179635
100B,2712,0.004011265000372077,100,112,24.92979147244677
100B,2713,0.0037597450009343447,100,112,26.59754849734456
100B,2714,0.005022814000767539,100,112,19.909158488592038
100B,2715,0.004794053998921299,100,112,20.85917263812648
100B,2716,0.0037151720007386757,100,112,26.916654189931805
100B,2717,0.004312557999583078,100,112,23.188093936282744
100B,2718,0.004175614998530364,100,112,23.948568063673417
100B,2719,0.004339941999205621,100,112,23.041782590252108
100B,2720,0.004443587000423577,100,112,22.504341647967664
100B,2721,0.003771225001401035,100,112,26.51658279812245
100B,2722,0.0038495000007969793,100,112,25.977399656915587
100B,2723,0.004105969999727677,100,112,24.35478096689269
100B,2724,0.004488965998461936,100,112,22.276845053908456
100B,2725,0.003972096999859787,100,112,25.175618823893263
100B,2726,0.0038567579995287815,100,112,25.928513018503622
100B,2727,0.0038578660005441634,100,112,25.921066202375798
100B,2728,0.0039933219995873515,100,112,25.0418072998705
100B,2729,0.004437560000951635,100,112,22.534906565444746
100B,2730,0.005311185999744339,100,112,18.8281863984454
100B,2731,0.0048106780013768,100,112,20.787090711824888
100B,2732,0.0037491740004043095,100,112,26.672541735650583
100B,2733,0.00370593200022995,100,112,26.98376548565788
100B,2734,0.003897982998751104,100,112,25.6542935236094
100B,2735,0.00571870300154842,100,112,17.48648250712156
100B,2736,0.00491629499992996,100,112,20.340520656597022
100B,2737,0.005758211000284064,100,112,17.36650497785976
100B,2738,0.004701003001173376,100,112,21.272056192059413
100B,2739,0.005295512000884628,100,112,18.883915282090715
100B,2740,0.005465645001095254,100,112,18.296102286182347
100B,2741,0.005956269000307657,100,112,16.78903353673831
100B,2742,0.006233485999473487,100,112,16.04238784019833
100B,2743,0.005844281000463525,100,112,17.110744673650828
100B,2744,0.004804576999958954,100,112,20.81348680661259
100B,2745,0.005762861001130659,100,112,17.352492100777763
100B,2746,0.004934033999234089,100,112,20.267391756020128
100B,2747,0.004995649998818408,100,112,20.017415155916133
100B,2748,0.006658324000454741,100,112,15.018794518435923
100B,2749,0.004252994000125909,100,112,23.512847654391123
100B,2750,0.004491626999879372,100,112,22.263647449506742
100B,2751,0.004288998999982141,100,112,23.315463584956863
100B,2752,0.004329171999415848,100,112,23.099105328569387
100B,2753,0.005082907000542036,100,112,19.67378116289283
100B,2754,0.005649263999657705,100,112,17.701420929533317
100B,2755,0.00536080299934838,100,112,18.653921812115698
100B,2756,0.005895772999792825,100,112,16.961304311328462
100B,2757,0.005197611999392393,100,112,19.239604651461114
100B,2758,0.0045190130003902595,100,112,22.128725894650902
100B,2759,0.004652781000913819,100,112,21.4925224248379
100B,2760,0.004570098999465699,100,112,21.881364060535937
100B,2761,0.005298760999721708,100,112,18.872336383024642
100B,2762,0.004830547000892693,100,112,20.70158927788506
100B,2763,0.0037469120015884982,100,112,26.68864386396188
100B,2764,0.0038191980002011405,100,112,26.1835076355647
100B,2765,0.0037731290012743557,100,112,26.50320197539641
100B,2766,0.0050735000004351605,100,112,19.710259188217773
100B,2767,0.004501420000451617,100,112,22.21521208640101
100B,2768,0.004156234001129633,100,112,24.060242992290803
100B,2769,0.0042390650014567655,100,112,23.59010771612012
100B,2770,0.0045095229997969,100,112,22.175294372487688
100B,2771,0.005475486999785062,100,112,18.263215674500817
100B,2772,0.004573002999677556,100,112,21.867468708647475
100B,2773,0.0036317100002634106,100,112,27.53523821911632
100B,2774,0.004124469000089448,100,112,24.245545304821366
100B,2775,0.004456125001524924,100,112,22.441022180881177
100B,2776,0.00447847599934903,100,112,22.329024430305207
100B,2777,0.005095237998830271,100,112,19.626168595648977
100B,2778,0.005205135999858612,100,112,19.21179389024923
100B,2779,0.004738810999697307,100,112,21.102339807683304
100B,2780,0.004513513998972485,100,112,22.155686239760264
100B,2781,0.004655075001210207,100,112,21.481931005193776
100B,2782,0.005134262999490602,100,112,19.476992123294334
100B,2783,0.00524093900094158,100,112,19.080550256744857
100B,2784,0.005079128999568638,100,112,19.688415082289275
100B,2785,0.004927292000502348,100,112,20.29512356682023
100B,2786,0.005101835999084869,100,112,19.600786857503312
100B,2787,0.005150180999407894,100,112,19.416793314933358
100B,2788,0.004715532000773237,100,112,21.20651497722894
100B,2789,0.00566031200105499,100,112,17.666870656840405
100B,2790,0.004895980000583222,100,112,20.424920034004987
100B,2791,0.005527289000383462,100,112,18.092051997473337
100B,2792,0.006116288001067005,100,112,16.349786011148378
100B,2793,0.004970407999280724,100,112,20.11907272289743
100B,2794,0.005020487000365392,100,112,19.91838640210043
100B,2795,0.005890399001145852,100,112,16.976778649552795
100B,2796,0.005206755000472185,100,112,19.205820129991
100B,2797,0.0056613099986861926,100,112,17.663756272524694
100B,2798,0.005829599998833146,100,112,17.153835601073148
100B,2799,0.005732838999392698,100,112,17.443364450073236
100B,2800,0.005222589001277811,100,112,19.14759135278173
100B,2801,0.004950547001499217,100,112,20.199788017307206
100B,2802,0.005125517000124091,100,112,19.51022696785104
100B,2803,0.005605160999039072,100,112,17.84070074296593
100B,2804,0.005707876998712891,100,112,17.519648727985853
100B,2805,0.0064073200010170694,100,112,15.607149320484453
100B,2806,0.004204304999802844,100,112,23.78514403800138
100B,2807,0.004052139000123134,100,112,24.67832421270871
100B,2808,0.004197284000838408,100,112,23.824930593218134
100B,2809,0.004803743999218568,100,112,20.817096001840884
100B,2810,0.005299574000673601,100,112,18.869441201743673
100B,2811,0.006300210001427331,100,112,15.87248678652691
100B,2812,0.005653136999171693,100,112,17.689293575346248
100B,2813,0.005493107999427593,100,112,18.204630240370378
100B,2814,0.005481529000462615,100,112,18.24308509387809
100B,2815,0.005193254999539931,100,112,19.255746157055444
100B,2816,0.00485593799930939,100,112,20.593343657645953
100B,2817,0.0052836529994237935,100,112,18.926299666330372
100B,2818,0.00513361800040002,100,112,19.479439255551902
100B,2819,0.005225639999480336,100,112,19.136412001198803
100B,2820,0.005411345999164041,100,112,18.479690638049803
100B,2821,0.0045446150015777675,100,112,22.00406414300941
100B,2822,0.006296696001300006,100,112,15.88134475276465
100B,2823,0.0043207039998378605,100,112,23.144376472850865
100B,2824,0.0041879359996528365,100,112,23.878110842259673
100B,2825,0.04175126799964346,100,112,2.3951368375411723
100B,2826,0.018317519999982323,100,112,5.45925430954062
100B,2827,0.016247761999693466,100,112,6.154693797329541
100B,2828,0.00496968100014783,100,112,20.122015879293937
100B,2829,0.004683627999838791,100,112,21.35096980448532
100B,2830,0.003775392000534339,100,112,26.487315750482807
100B,2831,0.004331402999014244,100,112,23.087207545166855
100B,2832,0.004348675000073854,100,112,22.99551012625724
100B,2833,0.004353289999926346,100,112,22.971132178580316
100B,2834,0.004553214999759803,100,112,21.96250341907319
100B,2835,0.005079239999759011,100,112,19.687984817560224
100B,2836,0.005161247998330509,100,112,19.375158882570002
100B,2837,0.004869733000305132,100,112,20.535006743436263
100B,2838,0.00501482700019551,100,112,19.940867351177094
100B,2839,0.00489291099984257,100,112,20.437731240812987
100B,2840,0.005077211999378051,100,112,19.69584882653114
100B,2841,0.0056090540001605405,100,112,17.8283182863167
100B,2842,0.00531074300124601,100,112,18.82975696179196
100B,2843,0.005906558999413392,100,112,16.93033118096873
100B,2844,0.006610383999941405,100,112,15.127714214618456
100B,2845,0.006513878000987461,100,112,15.351838027184522
100B,2846,0.005574831999183516,100,112,17.937760279528764
100B,2847,0.004869988999416819,100,112,20.533927286483603
100B,2848,0.004761129999678815,100,112,21.00341725740444
100B,2849,0.004686717998993117,100,112,21.33689290063617
100B,2850,0.00470961199971498,100,112,21.23317165109395
100B,2851,0.0055411989997082856,100,112,18.046635756135895
100B,2852,0.006205602001500665,100,112,16.114472048935394
100B,2853,0.005609275000097114,100,112,17.827615868052234
100B,2854,0.005469538999022916,100,112,18.283076511176553
100B,2855,0.005914921999647049,100,112,16.906393694788726
100B,2856,0.005142238000189536,100,112,19.446785620641077
100B,2857,0.005234783999185311,100,112,19.102984958990284
100B,2858,0.005650126000546152,100,112,17.69872034541067
100B,2859,0.004970642999978736,100,112,20.11812153888899
100B,2860,0.004748012999698403,100,112,21.06144191398635
100B,2861,0.004124970000702888,100,112,24.242600548115544
100B,2862,0.004929489999994985,100,112,20.286074218651773
100B,2863,0.005035180000049877,100,112,19.860263188011043
100B,2864,0.004963246999977855,100,112,20.148100628569598
100B,2865,0.006054650999431033,100,112,16.516228600029496
100B,2866,0.005975612000838737,100,112,16.734687591156188
100B,2867,0.00534753399915644,100,112,18.700208360671432
100B,2868,0.0058922459993482335,100,112,16.97145706595777
100B,2869,0.0058130790002906,100,112,17.20258747472741
100B,2870,0.0054031729996495415,100,112,18.507643565454256
100B,2871,0.005035090000092168,100,112,19.860618181237967
100B,2872,0.005407722999734688,100,112,18.492071432820463
100B,2873,0.005216559000473353,100,112,19.169724715262678
100B,2874,0.005709699000362889,100,112,17.51405809546954
100B,2875,0.004740771000797395,100,112,21.093615359860255
100B,2876,0.005240108999714721,100,112,19.083572499244603
100B,2877,0.004312311999456142,100,112,23.189416724163685
100B,2878,0.0038522240010934183,100,112,25.959030412461978
100B,2879,0.003730987000380992,100,112,26.802559212827177
100B,2880,0.003969777000747854,100,112,25.190331845129162
100B,2881,0.004197821999696316,100,112,23.821877156114365
100B,2882,0.004080035998413223,100,112,24.50958767003312
100B,2883,0.003295274998890818,100,112,30.34648095641783
100B,2884,0.0035771240000030957,100,112,27.955418934292872
100B,2885,0.00497208100023272,100,112,20.112303076985164
100B,2886,0.0056740479994914494,100,112,17.624101877348014
100B,2887,0.005255912999928114,100,112,19.026190121748158
100B,2888,0.0056951520000438904,100,112,17.558793865243516
100B,2889,0.0058072329993592575,100,112,17.219904903253155
100B,2890,0.00585860199862509,100,112,17.068918493433795
100B,2891,0.006003935000990168,100,112,16.655743272288593
100B,2892,0.004275712999515235,100,112,23.38791214736294
100B,2893,0.005457993000163697,100,112,18.32175306875637
100B,2894,0.005213421000007656,100,112,19.181263128347613
100B,2895,0.004677557999457349,100,112,21.378676653843986
100B,2896,0.005032138999013114,100,112,19.8722650585788
100B,2897,0.004797104000317631,100,112,20.845910364540497
100B,2898,0.005192607999561005,100,112,19.258145426817165
100B,2899,0.00520524500097963,100,112,19.211391583139687
100B,2900,0.004955919999702019,100,112,20.177888264139177
100B,2901,0.0051032789997407235,100,112,19.595244548667747
100B,2902,0.005980405001537292,100,112,16.721275561486976
100B,2903,0.0053589090002788,100,112,18.660514667220035
100B,2904,0.005479858000398963,100,112,18.248648047580698
100B,2905,0.005505581999386777,100,112,18.163384000299732
100B,2906,0.005055785999502405,100,112,19.7793181930252
100B,2907,0.005909671999688726,100,112,16.921412898256822
100B,2908,0.00688635799997428,100,112,14.521464030823477
100B,2909,0.0058372169987706,100,112,17.13145151551868
100B,2910,0.006292557000051602,100,112,15.891790888692777
100B,2911,0.005528114001208451,100,112,18.08935198842497
100B,2912,0.005878545000086888,100,112,17.011012078417693
100B,2913,0.004367928000647225,100,112,22.894150266483862
100B,2914,0.0045016650001343805,100,112,22.2140030404339
100B,2915,0.0057188460014003795,100,112,17.486045257297175
100B,2916,0.006819845000791247,100,112,14.66308984858129
100B,2917,0.006385405000401079,100,112,15.660713767367742
100B,2918,0.006409603000065545,100,112,15.601590301143052
100B,2919,0.0068064990009588655,100,112,14.691840840043096
100B,2920,0.006393772999217617,100,112,15.6402174447289
100B,2921,0.005791379999209312,100,112,17.26704170916998
100B,2922,0.004730241998913698,100,112,21.140567443053662
100B,2923,0.005068634998679045,100,112,19.729177584509706
100B,2924,0.005706653999368427,100,112,17.523403383325377
100B,2925,0.008575054000175442,100,112,11.661734141610543
100B,2926,0.006430991999877733,100,112,15.54970057526136
100B,2927,0.006481541000539437,100,112,15.428429750221024
100B,2928,0.007066038000630215,100,112,14.152202406933146
100B,2929,0.006856447998870863,100,112,14.584811263276299
100B,2930,0.0069628710007236805,100,112,14.361891810089054
100B,2931,0.005697196000255644,100,112,17.55249424374952
100B,2932,0.005393538000134868,100,112,18.540705562378438
100B,2933,0.005879519998416072,100,112,17.008191149437327
100B,2934,0.006021430999680888,100,112,16.607347988426604
100B,2935,0.006183412000609678,100,112,16.172300986921154
100B,2936,0.006057708998923772,100,112,16.507891022458534
100B,2937,0.006475600999692688,100,112,15.442582086936131
100B,2938,0.0063819070001045475,100,112,15.669297593706993
100B,2939,0.006313739999313839,100,112,15.838472919516443
100B,2940,0.005887778999749571,100,112,16.984333142302617
100B,2941,0.005214763999902061,100,112,19.176323224191563
100B,2942,0.004023606999908225,100,112,24.853321907999693
100B,2943,0.0045659719999093795,100,112,21.901141750756395
100B,2944,0.004708034999566735,100,112,21.240283899589247
100B,2945,0.005254357000012533,100,112,19.03182444583828
100B,2946,0.00503467100134003,100,112,19.86227103486682
100B,2947,0.004803918998732115,100,112,20.816337666474542
100B,2948,0.004099713001778582,100,112,24.391951328450773
100B,2949,0.004457761999219656,100,112,22.432781296423023
100B,2950,0.004585714999848278,100,112,21.806850186570376
100B,2951,0.0045828390011593,100,112,21.820535256574242
100B,2952,0.005719517001125496,100,112,17.48399383729812
100B,2953,0.005475670999658178,100,112,18.26260197266099
100B,2954,0.005811478000396164,100,112,17.207326603177894
100B,2955,0.004677418000937905,100,112,21.37931653317027
100B,2956,0.004424556998856133,100,112,22.601132729412843
100B,2957,0.00493301400092605,100,112,20.2715824405176
100B,2958,0.005510286999196978,100,112,18.147875058880444
100B,2959,0.005915118999837432,100,112,16.905830635486513
100B,2960,0.00594740999986243,100,112,16.81404174292896
100B,2961,0.0057916179994208505,100,112,17.26633213896355
100B,2962,0.0049706659992807545,100,112,20.11802845221743
100B,2963,0.006224328999451245,100,112,16.065988801172992
100B,2964,0.005076360999737517,100,112,19.699150632740796
100B,2965,0.005296193001413485,100,112,18.881487131097998
100B,2966,0.005489348999617505,100,112,18.21709641834905
100B,2967,0.005238497000391362,100,112,19.08944492905677
100B,2968,0.0058027920003951294,100,112,17.23308365924381
100B,2969,0.005820051999762654,100,112,17.181977068946818
100B,2970,0.006141963998743449,100,112,16.281437015986818
100B,2971,0.005869713000720367,100,112,17.036608091013544
100B,2972,0.004588559000694659,100,112,21.793334243901207
100B,2973,0.0052978000003349734,100,112,18.87575974813642
100B,2974,0.005517843001143774,100,112,18.12302379376712
100B,2975,0.0054005959991627606,100,112,18.516474851202112
100B,2976,0.006059475001165993,100,112,16.503079884108363
100B,2977,0.007038204999844311,100,112,14.208168134092722
100B,2978,0.005650740999044501,100,112,17.696794104863287
100B,2979,0.00510187000145379,100,112,19.600656224385325
100B,2980,0.0052742510015377775,100,112,18.960038111732583
100B,2981,0.005255779000435723,100,112,19.026675206798007
100B,2982,0.005298062000292703,100,112,18.874826303368152
100B,2983,0.005450307000501198,100,112,18.34759032671081
100B,2984,0.005189761001020088,100,112,19.2687100581981
100B,2985,0.005988033999528852,100,112,16.699971978761003
100B,2986,0.00490593200083822,100,112,20.38348676315003
100B,2987,0.004353198000899283,100,112,22.971617642786295
100B,2988,0.0038918969985388685,100,112,25.694410730176806
100B,2989,0.004649754999263678,100,112,21.506509486163406
100B,2990,0.004655967000871897,100,112,21.47781545300333
100B,2991,0.006034231000739965,100,112,16.57211995824111
100B,2992,0.005207566000535735,100,112,19.20282911243225
100B,2993,0.005499013001099229,100,112,18.185081573731583
100B,2994,0.004845671999646584,100,112,20.636972541124006
100B,2995,0.005029886999182054,100,112,19.88116234346054
100B,2996,0.005937517000347725,100,112,16.842057040702972
100B,2997,0.004384027999549289,100,112,22.810073295672552
100B,2998,0.006389100000887993,100,112,15.651656725689291
100B,2999,0.005205954999837559,100,112,19.208771494014123
100B,3000,0.00521881900021981,100,112,19.16142330205131
100B,3001,0.0053987299997970695,100,112,18.52287482496047
100B,3002,0.004178026998488349,100,112,23.934742412191444
100B,3003,0.004490622999583138,100,112,22.268625090390117
100B,3004,0.0053902830004517455,100,112,18.55190163329444
100B,3005,0.004697981999925105,100,112,21.285735024441177
100B,3006,0.006436416000724421,100,112,15.536596762661855
100B,3007,0.0058500340001046425,100,112,17.0939177444458
100B,3008,0.00516455999968457,100,112,19.362733709378453
100B,3009,0.004016451001007226,100,112,24.89760237954415
100B,3010,0.004055198000060045,100,112,24.659708354196095
100B,3011,0.004858002001128625,100,112,20.584594237871396
100B,3012,0.005747553999754018,100,112,17.39870560664237
100B,3013,0.005072435998954461,100,112,19.71439364057273
100B,3014,0.004334301000199048,100,112,23.071770971930103
100B,3015,0.0038521039987244876,100,112,25.95983909912923
100B,3016,0.003835784998955205,100,112,26.070282882705392
100B,3017,0.005341403999409522,100,112,18.72166943579904
100B,3018,0.0041926430003513815,100,112,23.851303340546547
100B,3019,0.004737872000987409,100,112,21.106522079777427
100B,3020,0.009312163998401957,100,112,10.738642491386623
100B,3021,0.004347899001004407,100,112,22.999614291155115
100B,3022,0.003938825999284745,100,112,25.388275597388432
100B,3023,0.0038439159998233663,100,112,26.01513664830219
100B,3024,0.003992328000094858,100,112,25.048042144238647
100B,3025,0.0045294640003703535,100,112,22.077667466133622
100B,3026,0.004245958998581045,100,112,23.551805383287718
100B,3027,0.0036618670001189457,100,112,27.30847406439168
100B,3028,0.004103461000340758,100,112,24.36967233067302
100B,3029,0.004295193999496405,100,112,23.281835468135924
100B,3030,0.004922522999549983,100,112,20.314785732670423
100B,3031,0.0042010910001408774,100,112,23.80334060762946
100B,3032,0.004322495000451454,100,112,23.13478673533589
100B,3033,0.005431667999800993,100,112,18.410550866449096
100B,3034,0.003845840999929351,100,112,26.002115012512746
100B,3035,0.004195045999949798,100,112,23.83764087478342
100B,3036,0.005164898999282741,100,112,19.3614628309067
100B,3037,0.004279830000086804,100,112,23.36541404634572
100B,3038,0.004032078999443911,100,112,24.801101370729995
100B,3039,0.0044339680007396964,100,112,22.55316231044462
100B,3040,0.004018682000605622,100,112,24.88378030033972
100B,3041,0.005011354998714523,100,112,19.95468292021844
100B,3042,0.004686081001636921,100,112,21.339793308111496
100B,3043,0.004242426999553572,100,112,23.571413252490363
100B,3044,0.004699013999925228,100,112,21.28106023978461
100B,3045,0.004787169998962781,100,112,20.889168344066878
100B,3046,0.005690813999535749,100,112,17.57217860365106
100B,3047,0.00507810400085873,100,112,19.692389124580664
100B,3048,0.005274440998618957,100,112,18.959355129042812
100B,3049,0.004803777001143317,100,112,20.816952988492105
100B,3050,0.005272521000733832,100,112,18.966259211880228
100B,3051,0.005741717999626417,100,112,17.41639000844459
100B,3052,0.004793914999027038,100,112,20.85977745126807
100B,3053,0.0053131439999560826,100,112,18.821247833829947
100B,3054,0.006068848000722937,100,112,16.477591791405505
100B,3055,0.005632087999401847,100,112,17.75540439187393
100B,3056,0.005950671999016777,100,112,16.804824735176616
100B,3057,0.004915303999950993,100,112,20.344621614654358
100B,3058,0.00424430099883466,100,112,23.561005693860206
100B,3059,0.004281350999008282,100,112,23.357113215703095
100B,3060,0.004572752999592922,100,112,21.86866423987962
100B,3061,0.004173069999524159,100,112,23.963173397858807
100B,3062,0.00430087899985665,100,112,23.251061004816233
100B,3063,0.004470616000617156,100,112,22.36828213073887
100B,3064,0.00402640999891446,100,112,24.83602018347871
100B,3065,0.0057992849997390294,100,112,17.243505019067015
100B,3066,0.005711320000045816,100,112,17.509087216124783
100B,3067,0.004884980000497308,100,112,20.470912877804956
100B,3068,0.005486068001118838,100,112,18.227991337257546
100B,3069,0.005626538000797154,100,112,17.772918264451825
100B,3070,0.005094549998830189,100,112,19.628819036610103
100B,3071,0.004700524001236772,100,112,21.274223889440545
100B,3072,0.005867834999662591,100,112,17.042060658786443
100B,3073,0.005325693000486353,100,112,18.77689907977568
100B,3074,0.006375726999976905,100,112,15.684485863394439
100B,3075,0.005890172000363236,100,112,16.977432916022345
100B,3076,0.005039602998294868,100,112,19.84283286477817
100B,3077,0.006119698999100365,100,112,16.34067296687315
100B,3078,0.004955360000167275,100,112,20.180168544086477
100B,3079,0.004419513999891933,100,112,22.626922327306854
100B,3080,0.003917427000487805,100,112,25.526959401553064
100B,3081,0.00476586100012355,100,112,20.98256747257371
100B,3082,0.0037126709994481644,100,112,26.93478630744916
100B,3083,0.003209214000889915,100,112,31.16027786625323
100B,3084,0.0039062399991962593,100,112,25.600065541435193
100B,3085,0.005345300000044517,100,112,18.708023871282656
100B,3086,0.005859357001099852,100,112,17.066719092424158
100B,3087,0.0048274689997924725,100,112,20.714788640651836
100B,3088,0.004561060999549227,100,112,21.924723218979768
100B,3089,0.004734725998787326,100,112,21.120546368599225
100B,3090,0.004332170999987284,100,112,23.083114678597298
100B,3091,0.006931689000339247,100,112,14.42649836066013
100B,3092,0.004944952999721863,100,112,20.2226391243
100B,3093,0.004678536999563221,100,112,21.374203091551014
100B,3094,0.003997167999841622,100,112,25.017712541469926
100B,3095,0.004242111999701592,100,112,23.57316355792455
100B,3096,0.005331305999789038,100,112,18.757130054804026
100B,3097,0.005945209999481449,100,112,16.820263709561505
100B,3098,0.00508746999912546,100,112,19.656135567814665
100B,3099,0.005817637998916325,100,112,17.189106647513544
100B,3100,0.005184925999856205,100,112,19.286678344642397
100B,3101,0.005229018999671098,100,112,19.124046022072196
100B,3102,0.005380896000133362,100,112,18.584265519631224
100B,3103,0.006058922999727656,100,112,16.504583406076446
100B,3104,0.006764425001165364,100,112,14.783222518214359
100B,3105,0.006746790999386576,100,112,14.821861238786274
100B,3106,0.005192421998799546,100,112,19.258835284019547
100B,3107,0.004790638999111252,100,112,20.874042067989627
100B,3108,0.0051926389987784205,100,112,19.258030458794693
100B,3109,0.0050883479998447,100,112,19.652743877394403
100B,3110,0.0049501100002089515,100,112,20.20157127736128
100B,3111,0.006075010000131442,100,112,16.46087825334219
100B,3112,0.006153872998766019,100,112,16.249929112942713
100B,3113,0.005948496000200976,100,112,16.810972050182333
100B,3114,0.0054218710010900395,100,112,18.44381763784043
100B,3115,0.004336205000072368,100,112,23.06164030490511
100B,3116,0.005265873000098509,100,112,18.990203523352974
100B,3117,0.005334989000402857,100,112,18.744181101863337
100B,3118,0.005604145000688732,100,112,17.843935156515457
100B,3119,0.0053706659982708516,100,112,18.61966468072976
100B,3120,0.00564202799978375,100,112,17.724123312367976
100B,3121,0.005181343000003835,100,112,19.3000154592981
100B,3122,0.004789399999935995,100,112,20.879442101586083
100B,3123,0.0048766939999040915,100,112,20.505695047088597
100B,3124,0.004999171000235947,100,112,20.00331654893987
100B,3125,0.006057181999494787,100,112,16.509327276007344
100B,3126,0.00641723500120861,100,112,15.583035369776265
100B,3127,0.006637466000029235,100,112,15.065990545120615
100B,3128,0.005767671998910373,100,112,17.33801783785416
100B,3129,0.00476554600027157,100,112,20.983954408225497
100B,3130,0.005122340999150765,100,112,19.522323878199252
100B,3131,0.004761242000313359,100,112,21.002923185466848
100B,3132,0.005475055000715656,100,112,18.26465669969138
100B,3133,0.005549830999370897,100,112,18.018566693532748
100B,3134,0.005131796000569011,100,112,19.486355262156184
100B,3135,0.00574988799962739,100,112,17.3916431079145
100B,3136,0.005270027000733535,100,112,18.97523484909679
100B,3137,0.005232727999100462,100,112,19.11049074539908
100B,3138,0.005306077999193803,100,112,18.846311723120888
100B,3139,0.004602713999702246,100,112,21.72631191216076
100B,3140,0.006280315999902086,100,112,15.92276567000117
100B,3141,0.006210736000866746,100,112,16.101151294475308
100B,3142,0.006041855998773826,100,112,16.551205460754883
100B,3143,0.004942810999637004,100,112,20.231402739725215
100B,3144,0.0052144250003038906,100,112,19.177569913110673
100B,3145,0.004702121999798692,100,112,21.266993924079646
100B,3146,0.005634855999232968,100,112,17.74668243760129
100B,3147,0.005526828999791178,100,112,18.093557807520067
100B,3148,0.005555092000577133,100,112,18.001502043460437
100B,3149,0.005017860999942059,100,112,19.928810304062768
100B,3150,0.005084853999505867,100,112,19.666248039711217
100B,3151,0.005150787999809836,100,112,19.41450512109835
100B,3152,0.005559209999773884,100,112,17.988167384226788
100B,3153,0.00561891599863884,100,112,17.797027046537906
100B,3154,0.006144449000203167,100,112,16.274852309245873
100B,3155,0.005741996999859111,100,112,17.41554375637146
100B,3156,0.005368463000195334,100,112,18.62730543106313
100B,3157,0.0051686769984371495,100,112,19.34731073933174
100B,3158,0.004997953999918536,100,112,20.00818735058985
100B,3159,0.005059626000729622,100,112,19.764306687011953
100B,3160,0.005851767999047297,100,112,17.088852465832648
100B,3161,0.0059279140004946385,100,112,16.869340545705587
100B,3162,0.006131575999461347,100,112,16.309020716498484
100B,3163,0.006837311999333906,100,112,14.625630658618773
100B,3164,0.005906780999794137,100,112,16.929694871620462
100B,3165,0.005890737998925033,100,112,16.97580167684396
100B,3166,0.004942571000356111,100,112,20.232385127658265
100B,3167,0.00475362699944526,100,112,21.036568500572265
100B,3168,0.0055238519998965785,100,112,18.1033090679968
100B,3169,0.005395549000240862,100,112,18.533795169969896
100B,3170,0.005430807999800891,100,112,18.413466284145247
100B,3171,0.005777174999821,100,112,17.30949815491108
100B,3172,0.004832261000046856,100,112,20.694246440544156
100B,3173,0.004886787000941695,100,112,20.46334329299185
100B,3174,0.00534315900040383,100,112,18.71552016184473
100B,3175,0.004940073000398115,100,112,20.242615846353104
100B,3176,0.005138116001035087,100,112,19.462386598483715
100B,3177,0.006060783000066294,100,112,16.499518296382856
100B,3178,0.005518130999917048,100,112,18.122077928469487
100B,3179,0.0043786960013676435,100,112,22.83784943480113
100B,3180,0.005144206001205021,100,112,19.43934593143727
100B,3181,0.005011093000575784,100,112,19.955726223502502
100B,3182,0.0057422400004725205,100,112,17.41480676387109
100B,3183,0.006386154998835991,100,112,15.658874552563642
100B,3184,0.005522561999896425,100,112,18.107537769947264
100B,3185,0.005627078000543406,100,112,17.771212695175546
100B,3186,0.00490818400066928,100,112,20.374134300255246
100B,3187,0.005323477000274579,100,112,18.784715327001905
100B,3188,0.004505284001425025,100,112,22.196158992056866
100B,3189,0.0040605829999549314,100,112,24.627005531252507
100B,3190,0.004680068999732612,100,112,21.36720633941793
100B,3191,0.0054421770000772085,100,112,18.374999563333073
100B,3192,0.004481795998799498,100,112,22.312483662082386
100B,3193,0.004157018000114476,100,112,24.055705315022976
100B,3194,0.004043793000164442,100,112,24.729257901166918
100B,3195,0.0037647280005330686,100,112,26.562343942468207
100B,3196,0.003991667001173482,100,112,25.05218996740001
100B,3197,0.003563935000784113,100,112,28.058873121422998
100B,3198,0.003529098001308739,100,112,28.335852380102722
100B,3199,0.003820833000645507,100,112,26.172303260337628
100B,3200,0.004410740999446716,100,112,22.671927463558617
100B,3201,0.004951892999088159,100,112,20.194297416849274
100B,3202,0.0054828100001032,100,112,18.23882279307832
100B,3203,0.00458079199961503,100,112,21.83028611829657
100B,3204,0.004311407001296175,100,112,23.194284364694905
100B,3205,0.004224467998938053,100,112,23.671619722326692
100B,3206,0.005395647000113968,100,112,18.5334585449878
100B,3207,0.005358230000638287,100,112,18.662879344128143
100B,3208,0.0050061439997080015,100,112,19.975454163090955
100B,3209,0.004361530000096536,100,112,22.927734074461632
100B,3210,0.0037279629996191943,100,112,26.824300565808954
100B,3211,0.0034540690012363484,100,112,28.95136141293241
100B,3212,0.004168777000813861,100,112,23.987850628728093
100B,3213,0.004133053000259679,100,112,24.195189365758683
100B,3214,0.005177566999918781,100,112,19.314090962332052
100B,3215,0.003580562000934151,100,112,27.928576568122683
100B,3216,0.0043027240008086665,100,112,23.24109098822181
100B,3217,0.00418717899992771,100,112,23.88242776383013
100B,3218,0.005321500999343698,100,112,18.791690542261108
100B,3219,0.005693176000931999,100,112,17.564888207150023
100B,3220,0.005093552999824169,100,112,19.632661131326607
100B,3221,0.005410342000686796,100,112,18.483119918723414
100B,3222,0.004588750000038999,100,112,21.792427131386567
100B,3223,0.004521033999481006,100,112,22.11883387992206
100B,3224,0.004999154001779971,100,112,20.003384565547403
100B,3225,0.005556457999773556,100,112,17.997076555617863
100B,3226,0.005662982999638189,100,112,17.658537913037893
100B,3227,0.0056921979994513094,100,112,17.567906107559743
100B,3228,0.00487213199994585,100,112,20.524895466935504
100B,3229,0.004648600999644259,100,112,21.511848405069102
100B,3230,0.004611610998836113,100,112,21.684396195871287
100B,3231,0.005384840000260738,100,112,18.570653908966268
100B,3232,0.006028031999449013,100,112,16.589162102845574
100B,3233,0.005570919998717727,100,112,17.95035649821165
100B,3234,0.006309432999842102,100,112,15.84928471425286
100B,3235,0.004703930000687251,100,112,21.25881974973902
100B,3236,0.004570770999634988,100,112,21.87814703645967
100B,3237,0.004831627000385197,100,112,20.69696191200761
100B,3238,0.005261133999738377,100,112,19.007309071575207
100B,3239,0.005231028000707738,100,112,19.11670134177649
100B,3240,0.005507164998562075,100,112,18.15816305233456
100B,3241,0.004089848000148777,100,112,24.450786434205448
100B,3242,0.0034830099993996555,100,112,28.71079899777387
100B,3243,0.0037516129996220116,100,112,26.655201378733725
100B,3244,0.003902058000676334,100,112,25.627502200804614
100B,3245,0.0064857699999265606,100,112,15.418369754267005
100B,3246,0.00477441600014572,100,112,20.944970022919637
100B,3247,0.004335569999966538,100,112,23.065017979359535
100B,3248,0.004317208999054856,100,112,23.163113025543236
100B,3249,0.0040324989986402215,100,112,24.79851824730037
100B,3250,0.0058154130001639714,100,112,17.195683263971176
100B,3251,0.004445975999260554,100,112,22.492249174676562
100B,3252,0.00438025899893546,100,112,22.82970025843292
100B,3253,0.003528004999679979,100,112,28.34463103342282
100B,3254,0.003991423000115901,100,112,25.053721441474945
100B,3255,0.004284984999685548,100,112,23.337304566372683
100B,3256,0.004919039000014891,100,112,20.329174052024648
100B,3257,0.0054302429998642765,100,112,18.41538214818368
100B,3258,0.0034030500009976095,100,112,29.38540426108486
100B,3259,0.003269292999902973,100,112,30.58765305005328
100B,3260,0.004034384999613394,100,112,24.786925394969188
100B,3261,0.004761228999996092,100,112,21.002980532984672
100B,3262,0.0052271620006649755,100,112,19.1308400212732
100B,3263,0.003128757000013138,100,112,31.961574516518887
100B,3264,0.0035217740005464293,100,112,28.394780580606326
100B,3265,0.0040365200002270285,100,112,24.773815067031908
100B,3266,0.004259261000697734,100,112,23.478251270259893
100B,3267,0.004938267999023083,100,112,20.25001478651677
100B,3268,0.004874455000390299,100,112,20.515113995717055
100B,3269,0.003557052001269767,100,112,28.113167860436906
100B,3270,0.0037347110010159668,100,112,26.775833517719747
100B,3271,0.0043736650004575495,100,112,22.86411967755613
100B,3272,0.0044481109998741886,100,112,22.48145336364772
100B,3273,0.004905850000795908,100,112,20.38382746797728
100B,3274,0.003683269998873584,100,112,27.14978810420685
100B,3275,0.0036985259994253283,100,112,27.037798305470304
100B,3276,0.0035520270012057154,100,112,28.152939143214724
100B,3277,0.00450207500034594,100,112,22.211980029723183
100B,3278,0.005643247000989504,100,112,17.720294713746483
100B,3279,0.005410711999502382,100,112,18.481855994034962
100B,3280,0.004509211999902618,100,112,22.17682380029141
100B,3281,0.004658974001358729,100,112,21.463953216059224
100B,3282,0.004630618999726721,100,112,21.59538498112273
100B,3283,0.005239186000835616,100,112,19.08693449403221
100B,3284,0.005510539000169956,100,112,18.1470451433001
100B,3285,0.004846656998779508,100,112,20.63277843370846
100B,3286,0.003539635999914026,100,112,28.25149252703637
100B,3287,0.004101794998859987,100,112,24.37957041436567
100B,3288,0.004007724999610218,100,112,24.951811815862058
100B,3289,0.005602712000836618,100,112,17.84849908134982
100B,3290,0.005514022001079866,100,112,18.13558233543791
100B,3291,0.005861876999915694,100,112,17.059382174248658
100B,3292,0.004484084000068833,100,112,22.30109873018992
100B,3293,0.004550757999822963,100,112,21.974361195187765
100B,3294,0.004190188001302886,100,112,23.865277636446447
100B,3295,0.005039817999204388,100,112,19.841986360576218
100B,3296,0.005827868999404018,100,112,17.158930650333154
100B,3297,0.007033240999589907,100,112,14.218196135441794
100B,3298,0.004886132001047372,100,112,20.46608646237236
100B,3299,0.0046932120003475575,100,112,21.30736902415541
100B,3300,0.004891313999905833,100,112,20.444404101213944
100B,3301,0.004659707999962848,100,112,21.460572207699993
100B,3302,0.005505447001269204,100,112,18.16382938151006
100B,3303,0.0061512619995482964,100,112,16.256826649123912
100B,3304,0.005575622999458574,100,112,17.935215492458976
100B,3305,0.005628700000670506,100,112,17.766091635384324
100B,3306,0.005341750000297907,100,112,18.72045677810138
100B,3307,0.003931440000087605,100,112,25.435972569280388
100B,3308,0.0044815740002377424,100,112,22.31358892984811
100B,3309,0.005114117999255541,100,112,19.55371385927289
100B,3310,0.005863527998371865,100,112,17.054578749818738
100B,3311,0.0055802450006012805,100,112,17.920360125626175
100B,3312,0.006308881998847937,100,112,15.850668948676004
100B,3313,0.006891656999869156,100,112,14.510298466957742
100B,3314,0.003889777999575017,100,112,25.70840804049116
100B,3315,0.004178520999630564,100,112,23.931912753062942
100B,3316,0.004469919000257505,100,112,22.371770046445842
100B,3317,0.005617618000542279,100,112,17.801139199985972
100B,3318,0.0052427020000322955,100,112,19.074133910221104
100B,3319,0.006030573000316508,100,112,16.582172207309586
100B,3320,0.005170118998648832,100,112,19.341914572205045
100B,3321,0.0044201450000400655,100,112,22.623692208987165
100B,3322,0.004655939001168008,100,112,21.477944615449985
100B,3323,0.005109349000122165,100,112,19.571965038522322
100B,3324,0.005910315001528943,100,112,16.9195719642914
100B,3325,0.0037782119998155395,100,112,26.467546025707986
100B,3326,0.00487400699967111,100,112,20.51699966921423
100B,3327,0.005275135999909253,100,112,18.956857226376776
100B,3328,0.004257190001226263,100,112,23.489672758602616
100B,3329,0.00445644699902914,100,112,22.439400720301514
100B,3330,0.004440249000253971,100,112,22.521259504653965
100B,3331,0.005897335000554449,100,112,16.956811846469346
100B,3332,0.006500139999843668,100,112,15.38428403117549
100B,3333,0.0058569169996189885,100,112,17.073829116326102
100B,3334,0.007408656001643976,100,112,13.497724820508612
100B,3335,0.005192324999370612,100,112,19.25919506427689
100B,3336,0.005754048999733641,100,112,17.379066463394572
100B,3337,0.004507653999098693,100,112,22.184488876030642
100B,3338,0.004436666999026784,100,112,22.539442338569863
100B,3339,0.005278269998598262,100,112,18.945601499460388
100B,3340,0.008338910000020405,100,112,11.991974970320499
100B,3341,0.004339184000855312,100,112,23.04580768648867
100B,3342,0.004931923000185634,100,112,20.27606675859215
100B,3343,0.004694086001109099,100,112,21.30340176476793
100B,3344,0.0040229269998235395,100,112,24.857522894247488
100B,3345,0.003519829000651953,100,112,28.4104710715997
100B,3346,0.003708361000462901,100,112,26.966090946247515
100B,3347,0.004438917998413672,100,112,22.528012465140563
100B,3348,0.006192541999553214,100,112,16.148457290594866
100B,3349,0.003729598000063561,100,112,26.812541190309457
100B,3350,0.003637678999439231,100,112,27.490056163673476
100B,3351,0.0039503830012108665,100,112,25.31400119161816
100B,3352,0.0040668140009074705,100,112,24.589273071668867
100B,3353,0.005427185000371537,100,112,18.425758472053957
100B,3354,0.005204103999858489,100,112,19.215603685614127
100B,3355,0.0033243399993807543,100,112,30.081158972496084
100B,3356,0.003911290999894845,100,112,25.567005881865732
100B,3357,0.004671034999773838,100,112,21.40853151493016
100B,3358,0.005391702999986592,100,112,18.547015664670084
100B,3359,0.006300026001554215,100,112,15.872950361685811
100B,3360,0.006610688000364462,100,112,15.12701854852124
100B,3361,0.00548730000082287,100,112,18.223898818180906
100B,3362,0.004370079999716836,100,112,22.882876287500366
100B,3363,0.003960345000450616,100,112,25.250325410695737
100B,3364,0.004462396000235458,100,112,22.409485844538114
100B,3365,0.0048279610000463435,100,112,20.712677670561156
100B,3366,0.005416713998783962,100,112,18.461377141648928
100B,3367,0.0050017760004266165,100,112,19.992898520739576
100B,3368,0.00404686500041862,100,112,24.7104857685284
100B,3369,0.0038521350015798816,100,112,25.959630168461608
100B,3370,0.0040573000005679205,100,112,24.64693268577687
100B,3371,0.004394932000650442,100,112,22.753480596559896
100B,3372,0.0056317199996556155,100,112,17.756564603019164
100B,3373,0.0051624759998958325,100,112,19.370550100769048
100B,3374,0.0034377720003249124,100,112,29.088607385989746
100B,3375,0.0041519400001561735,100,112,24.085126470093147
100B,3376,0.003929199998310651,100,112,25.45047338974721
100B,3377,0.0045832649993826635,100,112,21.81850711522667
100B,3378,0.005457578999994439,100,112,18.323142917418494
100B,3379,0.0044729370001732605,100,112,22.35667526641365
100B,3380,0.003742225000678445,100,112,26.72207042117204
100B,3381,0.0036773129995708587,100,112,27.19376893173629
100B,3382,0.004205801000352949,100,112,23.776683678473624
100B,3383,0.004665103999286657,100,112,21.43574934562896
100B,3384,0.005114728999615181,100,112,19.55137799236748
100B,3385,0.005207858001085697,100,112,19.201752424730614
100B,3386,0.004446519000339322,100,112,22.48950246077186
100B,3387,0.0040591719989606645,100,112,24.635566077417913
100B,3388,0.004394293000586913,100,112,22.756789314377478
100B,3389,0.006278009999732603,100,112,15.928614322732724
100B,3390,0.005097030998513219,100,112,19.619264632522256
100B,3391,0.004482304999328335,100,112,22.309949906350596
100B,3392,0.0042979360005119815,100,112,23.2669821021271
100B,3393,0.00457541000105266,100,112,21.855964815610644
100B,3394,0.005167319999600295,100,112,19.352391570046994
100B,3395,0.005453161000332329,100,112,18.337987819157686
100B,3396,0.005565481000303407,100,112,17.96789891018376
100B,3397,0.00629264199960744,100,112,15.891576226049153
100B,3398,0.004934233000312815,100,112,20.266574357891145
100B,3399,0.003222380999432062,100,112,31.032953588549834
100B,3400,0.0037937029992463067,100,112,26.35946989520976
100B,3401,0.0037704829992435407,100,112,26.521801058395614
100B,3402,0.004256647000147495,100,112,23.49266922921608
100B,3403,0.0041305519989691675,100,112,24.209839272077023
100B,3404,0.0035350660000403877,100,112,28.28801499006172
100B,3405,0.00405460399997537,100,112,24.66332100511109
100B,3406,0.003926745999706327,100,112,25.46637852498705
100B,3407,0.005152632000317681,100,112,19.40755714629622
100B,3408,0.0053961739995429525,100,112,18.53164853625362
100B,3409,0.004177779001111048,100,112,23.93616320379938
100B,3410,0.0036877619986626087,100,112,27.116717411878984
100B,3411,0.003573296999093145,100,112,27.985359186593968
100B,3412,0.004798778001713799,100,112,20.8386384959435
100B,3413,0.005036156000642222,100,112,19.856414294403862
100B,3414,0.004725206999864895,100,112,21.16309401955496
100B,3415,0.003521808999721543,100,112,28.39449839781392
100B,3416,0.003014141000676318,100,112,33.1769482507825
100B,3417,0.004737487000966212,100,112,21.10823733755997
100B,3418,0.005243583000265062,100,112,19.07092917093999
100B,3419,0.005192991000512848,100,112,19.25672507233774
100B,3420,0.0028979929993511178,100,112,34.50663960278398
100B,3421,0.00443454199921689,100,112,22.55024307305226
100B,3422,0.004206814001008752,100,112,23.770958253923517
100B,3423,0.004220475999318296,100,112,23.69400987380388
100B,3424,0.00491458699980285,100,112,20.347589737247812
100B,3425,0.004797715999302454,100,112,20.843251250082147
100B,3426,0.0037807239987159846,100,112,26.44996038694233
100B,3427,0.0037650699996447656,100,112,26.55993115916437
100B,3428,0.0031029399997350993,100,112,32.22750037336754
100B,3429,0.004578685000524274,100,112,21.840331883182547
100B,3430,0.004257579999830341,100,112,23.487521080986117
100B,3431,0.0034923230014101136,100,112,28.634235710620832
100B,3432,0.004182566999588744,100,112,23.908762252901774
100B,3433,0.004070869999850402,100,112,24.564773624231393
100B,3434,0.004719288999694982,100,112,21.189632592211076
100B,3435,0.004839199000343797,100,112,20.664576925415876
100B,3436,0.005324530000507366,100,112,18.781000386977095
100B,3437,0.0037211130002106074,100,112,26.87367999690958
100B,3438,0.0034723720000329195,100,112,28.79875773651324
100B,3439,0.0037573909994534915,100,112,26.614211833302654
100B,3440,0.0039046059991960647,100,112,25.61077866002086
100B,3441,0.00463161600055173,100,112,21.590736362446222
100B,3442,0.0046250550003605895,100,112,21.621364501006706
100B,3443,0.0035871109994332073,100,112,27.877587288433734
100B,3444,0.002885113999582245,100,112,34.66067545839772
100B,3445,0.003138751000733464,100,112,31.859806648132324
100B,3446,0.004596695000145701,100,112,21.754760756767705
100B,3447,0.0038749409995944006,100,112,25.806844545624628
100B,3448,0.0038866760005475953,100,112,25.72892620478552
100B,3449,0.003611832000387949,100,112,27.686780556033323
100B,3450,0.004430986999068409,100,112,22.56833523118539
100B,3451,0.005127470001752954,100,112,19.50279571909977
100B,3452,0.0051907820015912876,100,112,19.264920000366796
100B,3453,0.003114369999821065,100,112,32.10922273389015
100B,3454,0.003566744999261573,100,112,28.03676742259486
100B,3455,0.0033623800009081606,100,112,29.74083832671814
100B,3456,0.004285670000172104,100,112,23.333574445998924
100B,3457,0.004875030999755836,100,112,20.512690074177673
100B,3458,0.003054434000659967,100,112,32.739289825346745
100B,3459,0.0026563449991954258,100,112,37.645712447098845
100B,3460,0.0038881309992575552,100,112,25.719298042965928
100B,3461,0.005205473999012611,100,112,19.21054643995307
100B,3462,0.005770560001110425,100,112,17.32934064991215
100B,3463,0.004161790000580368,100,112,24.028122511240323
100B,3464,0.003986757999882684,100,112,25.083037396035234
100B,3465,0.004785466999237542,100,112,20.896602153130047
100B,3466,0.004545768999378197,100,112,21.998478148291017
100B,3467,0.005525634998775786,100,112,18.09746753489059
100B,3468,0.006143647000499186,100,112,16.27697684972375
100B,3469,0.005495134000739199,100,112,18.197918374064788
100B,3470,0.003144722999422811,100,112,31.799303155907282
100B,3471,0.0039895810004964005,100,112,25.065288807911802
100B,3472,0.003990235998571734,100,112,25.061174335501466
100B,3473,0.004359276999821304,100,112,22.939583789719993
100B,3474,0.005165602000488434,100,112,19.35882787534628
100B,3475,0.003805975000432227,100,112,26.27447631386004
100B,3476,0.00407289699978719,100,112,24.552548224329026
100B,3477,0.0035133959991071606,100,112,28.462490429604983
100B,3478,0.004356340999947861,100,112,22.955044153154418
100B,3479,0.005654163000144763,100,112,17.686083686911697
100B,3480,0.004893100998742739,100,112,20.436937644592778
100B,3481,0.004373895999378874,100,112,22.86291215296403
100B,3482,0.0037973960006638663,100,112,26.33383507606735
100B,3483,0.0038526680000359192,100,112,25.956038776003453
100B,3484,0.00450102100148797,100,112,22.21718138327759
100B,3485,0.005376818000513595,100,112,18.598360589934043
100B,3486,0.004715992001365521,100,112,21.204446481470896
100B,3487,0.004151855000600335,100,112,24.08561955693071
100B,3488,0.0038058270001783967,100,112,26.275498070540923
100B,3489,0.004048827000588062,100,112,24.69851144182642
100B,3490,0.005276324000078603,100,112,18.952588961274984
100B,3491,0.004116833000807674,100,112,24.290516516064944
100B,3492,0.00387885800046206,100,112,25.780783928694408
100B,3493,0.003231496000807965,100,112,30.945419698801167
100B,3494,0.003909086999556166,100,112,25.58142093316263
100B,3495,0.005291403998853639,100,112,18.89857588301037
100B,3496,0.003884929999912856,100,112,25.740489533207324
100B,3497,0.004069565999088809,100,112,24.572644852642853
100B,3498,0.003943343999708304,100,112,25.35918753408203
100B,3499,0.003284008998889476,100,112,30.45058647336719
100B,3500,0.0046763770005782135,100,112,21.384075746595162
100B,3501,0.005356976998882601,100,112,18.66724460845338
100B,3502,0.0038292790013656486,100,112,26.114576651201613
100B,3503,0.0037872839984629536,100,112,26.404146095350757
100B,3504,0.004001347999292193,100,112,24.991577842689317
100B,3505,0.0053321730010793544,100,112,18.754080180773897
100B,3506,0.005773198001406854,100,112,17.321422195398682
100B,3507,0.005344094999600202,100,112,18.712242205178075
100B,3508,0.0049906040003406815,100,112,20.037654759458686
100B,3509,0.0041951780003728345,100,112,23.836890828258724
100B,3510,0.003738928000529995,100,112,26.74563403890766
100B,3511,0.003698946999065811,100,112,27.034720969307088
100B,3512,0.028467239999372396,100,112,3.512809812338838
100B,3513,0.007971302000441938,100,112,12.54500205793933
100B,3514,0.014298244999736198,100,112,6.993865331153929
100B,3515,0.0057098300003417535,100,112,17.513656272430993
100B,3516,0.00401748800140922,100,112,24.89117577076095
100B,3517,0.0038616719994024606,100,112,25.895518836264085
100B,3518,0.0029703839991270797,100,112,33.66568094542236
100B,3519,0.002707038998778444,100,112,36.94073119933816
100B,3520,0.0025227600017387886,100,112,39.63912537501623
100B,3521,0.0033475839991297107,100,112,29.87228999361854
100B,3522,0.005476967000504374,100,112,18.25828053935527
100B,3523,0.004382208000606624,100,112,22.819546672854667
100B,3524,0.004417606000060914,100,112,22.63669507842508
100B,3525,0.00453303099857294,100,112,22.060294763367242
100B,3526,0.00451382199935324,100,112,22.154174447802422
100B,3527,0.0055188970000017434,100,112,18.119562658982115
100B,3528,0.004960133999702521,100,112,20.1607456584837
100B,3529,0.004651502000342589,100,112,21.49843211776215
100B,3530,0.004373357000076794,100,112,22.865729918285666
100B,3531,0.004505195000092499,100,112,22.19659748311601
100B,3532,0.004817278999325936,100,112,20.758606676921275
100B,3533,0.005225974000495626,100,112,19.135188960089756
100B,3534,0.00471051400018041,100,112,21.229105782547308
100B,3535,0.0050845559999288525,100,112,19.66740065433428
100B,3536,0.005070085999250296,100,112,19.72353131974227
100B,3537,0.004847189000429353,100,112,20.63051388983228
100B,3538,0.004644096999982139,100,112,21.532711310806942
100B,3539,0.004552002999844262,100,112,21.968351076091402
100B,3540,0.005578825999691617,100,112,17.92491825440115
100B,3541,0.005234076999840909,100,112,19.105565318018733
100B,3542,0.004429419999723905,100,112,22.57631924862244
100B,3543,0.004364540000096895,100,112,22.91192198897936
100B,3544,0.004062784000780084,100,112,24.613663926213963
100B,3545,0.004293112999221194,100,112,23.29312087013336
100B,3546,0.00594924699908006,100,112,16.808849929320992
100B,3547,0.005761524000263307,100,112,17.356518864701407
100B,3548,0.0040300750006281305,100,112,24.81343398929646
100B,3549,0.004044250999868382,100,112,24.726457384384513
100B,3550,0.004118818000279134,100,112,24.278810084160785
100B,3551,0.0041708509997988585,100,112,23.975922420825523
100B,3552,0.005258801000309177,100,112,19.01574141978766
100B,3553,0.004511009001362254,100,112,22.167989460850457
100B,3554,0.003951250000682194,100,112,25.30844668971458
100B,3555,0.004077879999385914,100,112,24.522546032511734
100B,3556,0.004341911000665277,100,112,23.031333434673762
100B,3557,0.004384537000078126,100,112,22.80742527619636
100B,3558,0.005069407001428772,100,112,19.726173095160007
100B,3559,0.00474829800077714,100,112,21.06017776972576
100B,3560,0.003978689001087332,100,112,25.13390716707717
100B,3561,0.004150749000473297,100,112,24.092037362075448
100B,3562,0.004098071000044001,100,112,24.40172461602698
100B,3563,0.005193580000195652,100,112,19.25454118281278
100B,3564,0.0056668599991098745,100,112,17.646456770717393
100B,3565,0.004507372999796644,100,112,22.185871904657468
100B,3566,0.004139110998949036,100,112,24.159777310971137
100B,3567,0.0044223570002941415,100,112,22.612376158991406
100B,3568,0.004206536999845412,100,112,23.772523575490943
100B,3569,0.004533986000751611,100,112,22.05564816111535
100B,3570,0.005310202999680769,100,112,18.831671784677848
100B,3571,0.004494139000598807,100,112,22.251203175219064
100B,3572,0.0033796999996411614,100,112,29.58842501127836
100B,3573,0.003638935000708443,100,112,27.480567798141927
100B,3574,0.0040877869996620575,100,112,24.46311415156101
100B,3575,0.004778976001034607,100,112,20.92498476208101
100B,3576,0.004245238000294194,100,112,23.555805350152344
100B,3577,0.003351028999531991,100,112,29.84158000839925
100B,3578,0.003939979000278981,100,112,25.380845936721798
100B,3579,0.004164783000305761,100,112,24.010854825487527
100B,3580,0.004765136000060011,100,112,20.985759902496095
100B,3581,0.005490516999998363,100,112,18.21322108647142
100B,3582,0.005003319000024931,100,112,19.98673280666328
100B,3583,0.004032942999401712,100,112,24.795788091930635
100B,3584,0.003964467001424055,100,112,25.224071726181485
100B,3585,0.004059404998770333,100,112,24.634152056838822
100B,3586,0.00443128799997794,100,112,22.56680224812692
100B,3587,0.005162943998584524,100,112,19.368794243636202
100B,3588,0.005031352000514744,100,112,19.875373456233888
100B,3589,0.0038026369984436315,100,112,26.297540375515375
100B,3590,0.004224049998811097,100,112,23.673962199345663
100B,3591,0.004423571999723208,100,112,22.606165335673793
100B,3592,0.004983050001101219,100,112,20.06803061937984
100B,3593,0.005604030000540661,100,112,17.844301331426184
100B,3594,0.0033968070001719752,100,112,29.439411775510692
100B,3595,0.0025021080000442453,100,112,39.96630041478293
100B,3596,0.00407302099847584,100,112,24.551800748736838
100B,3597,0.00510858300003747,100,112,19.57489973232627
100B,3598,0.004360918001111713,100,112,22.930951688270074
100B,3599,0.0030714210006408393,100,112,32.55821978788821
100B,3600,0.0033495759998913854,100,112,29.854524872175656
100B,3601,0.00314870200054429,100,112,31.759118513823736
100B,3602,0.005311664999680943,100,112,18.82648849391043
100B,3603,0.004644286998882308,100,112,21.531830402398896
100B,3604,0.003969866000261391,100,112,25.189767108868573
100B,3605,0.004498895001233905,100,112,22.22768034652357
100B,3606,0.005466081000122358,100,112,18.29464290737029
100B,3607,0.0054926630000409205,100,112,18.206105125920704
100B,3608,0.006400147000022116,100,112,15.624641121470248
100B,3609,0.007318613999814261,100,112,13.66378934625298
100B,3610,0.006747616000211565,100,112,14.820049036113584
100B,3611,0.005382741999710561,100,112,18.577892086482535
100B,3612,0.005028368999774102,100,112,19.887164208611672
100B,3613,0.004737326999020297,100,112,21.108950262601777
100B,3614,0.00483278299907397,100,112,20.692011211585836
100B,3615,0.005397873999754665,100,112,18.525812200237542
100B,3616,0.005417451000539586,100,112,18.458865615958477
100B,3617,0.005558372000450618,100,112,17.99087934234934
100B,3618,0.005191464000745327,100,112,19.26238918070957
100B,3619,0.004956108001351822,100,112,20.17712284976924
100B,3620,0.005748997999035055,100,112,17.394335502775366
100B,3621,0.005285389999698964,100,112,18.920079692453278
100B,3622,0.005445389999295003,100,112,18.36415757419518
100B,3623,0.005901922999328235,100,112,16.943630069620045
100B,3624,0.00488024800142739,100,112,20.490761938891566
100B,3625,0.006511919000331545,100,112,15.356456367916836
100B,3626,0.006393843999831006,100,112,15.640043767511855
100B,3627,0.006474881000031019,100,112,15.444299285117507
100B,3628,0.005561220999879879,100,112,17.981662660440932
100B,3629,0.004205421000733622,100,112,23.778832127046336
100B,3630,0.004833069999222062,100,112,20.690782466650834
100B,3631,0.004881332000877592,100,112,20.48621154677073
100B,3632,0.00579424199895584,100,112,17.258512850864815
100B,3633,0.005653726000673487,100,112,17.68745071623346
100B,3634,0.0052679039999929955,100,112,18.98288199635623
100B,3635,0.006615055999645847,100,112,15.11703000025302
100B,3636,0.006203396998898825,100,112,16.120199951373603
100B,3637,0.00417046999973536,100,112,23.97811278017719
100B,3638,0.004411861998960376,100,112,22.666166807475914
100B,3639,0.005574494000029517,100,112,17.938847902512855
100B,3640,0.006030370001099072,100,112,16.5827304098711
100B,3641,0.006374231999870972,100,112,15.688164472523782
100B,3642,0.008981480999864289,100,112,11.134021215600301
100B,3643,0.006586211999092484,100,112,15.183234310371278
100B,3644,0.005169025998839061,100,112,19.346004454699887
100B,3645,0.004919109000184108,100,112,20.328884762719692
100B,3646,0.004442461999133229,100,112,22.510040608003187
100B,3647,0.0035679510001500603,100,112,28.027290732354288
100B,3648,0.0057686680011102,100,112,17.3350243038349
100B,3649,0.004980892999810749,100,112,20.076721183088964
100B,3650,0.006065818999559269,100,112,16.485819970438584
100B,3651,0.005708246999347466,100,112,17.518513128712094
100B,3652,0.004189392000625958,100,112,23.869812131464066
100B,3653,0.004247839000527165,100,112,23.541381862069116
100B,3654,0.0041137059997709,100,112,24.308980759823182
100B,3655,0.005375610999180935,100,112,18.60253653310046
100B,3656,0.005701235000742599,100,112,17.54005930065587
100B,3657,0.005884346999664558,100,112,16.994239123848505
100B,3658,0.005338204000508995,100,112,18.73289218442477
100B,3659,0.004441037001015502,100,112,22.51726341778591
100B,3660,0.004131552001126693,100,112,24.203979514896474
100B,3661,0.003986581999924965,100,112,25.08414476408166
100B,3662,0.005288043001201004,100,112,18.9105875230758
100B,3663,0.004657946999941487,100,112,21.468685668011293
100B,3664,0.005539623000004212,100,112,18.051769948952114
100B,3665,0.004011064998849179,100,112,24.931034532896167
100B,3666,0.004477496999243158,100,112,22.333906648492057
100B,3667,0.004120269000850385,100,112,24.270260019275664
100B,3668,0.004145382001297548,100,112,24.12322916650358
100B,3669,0.005860097999175196,100,112,17.064561038753094
100B,3670,0.005062068999905023,100,112,19.754768258171957
100B,3671,0.003998324000349385,100,112,25.010479388679286
100B,3672,0.0040876519997254945,100,112,24.46392207720116
100B,3673,0.004354540000349516,100,112,22.96453815832982
100B,3674,0.004196160998617415,100,112,23.831306766577544
100B,3675,0.005366735000279732,100,112,18.63330311535555
100B,3676,0.005132320999109652,100,112,19.484361951902045
100B,3677,0.003930648001187365,100,112,25.441097745153506
100B,3678,0.004313236999223591,100,112,23.18444361346261
100B,3679,0.004342546999396291,100,112,23.02796032234129
100B,3680,0.005313477999152383,100,112,18.820064751552977
100B,3681,0.006359664999763481,100,112,15.724098675593613
100B,3682,0.006525131999296718,100,112,15.325360469455338
100B,3683,0.005088392999823554,100,112,19.652570075359275
100B,3684,0.004071146999194752,100,112,24.56310224606957
100B,3685,0.004303208999772323,100,112,23.238471569772898
100B,3686,0.004693753999163164,100,112,21.304908612131936
100B,3687,0.00583536100020865,100,112,17.13690035568055
100B,3688,0.005307085999447736,100,112,18.842732152900133
100B,3689,0.00502870200034522,100,112,19.88584728089575
100B,3690,0.004295108999940567,100,112,23.282296212129598
100B,3691,0.004505071001403849,100,112,22.19720842775585
100B,3692,0.01723517299978994,100,112,5.802088554679364
100B,3693,0.00599130599948694,100,112,16.690851712224916
100B,3694,0.004973475999577204,100,112,20.106661821329997
100B,3695,0.004577355000947136,100,112,21.846677825798572
100B,3696,0.005591721999735455,100,112,17.883578619382547
100B,3697,0.006006668001646176,100,112,16.64816500139415
100B,3698,0.00667450800028746,100,112,14.982377726671862
100B,3699,0.007247286001074826,100,112,13.798268756768982
100B,3700,0.007128065000870265,100,112,14.029052763659001
100B,3701,0.00715020600000571,100,112,13.98561104392239
100B,3702,0.00781778700002178,100,112,12.791343637236649
100B,3703,0.007302503001483274,100,112,13.693934802859808
100B,3704,0.005795920998934889,100,112,17.253513292948075
100B,3705,0.0061909329997433815,100,112,16.152654212886016
100B,3706,0.0055464449997089105,100,112,18.029566687355274
100B,3707,0.004649623999284813,100,112,21.50711541737173
100B,3708,0.005567625999901793,100,112,17.96097654579598
100B,3709,0.006220946999746957,100,112,16.074723029157393
100B,3710,0.006501033998574712,100,112,15.38216843996263
100B,3711,0.005904732000999502,100,112,16.935569638566637
100B,3712,0.006534762000228511,100,112,15.302776137295151
100B,3713,0.006150835999505944,100,112,16.25795257880918
100B,3714,0.0053865659992879955,100,112,18.564703377479855
100B,3715,0.005392883000240545,100,112,18.542957448833878
100B,3716,0.005332541000825586,100,112,18.752785957860983
100B,3717,0.005416625999714597,100,112,18.46167706710211
100B,3718,0.013886608001485001,100,112,7.2011826062423765
100B,3719,0.005828625000503962,100,112,17.1567050533108
100B,3720,0.004967374999978347,100,112,20.131357105198603
100B,3721,0.006888777999847662,100,112,14.516362699191555
100B,3722,0.006726934001562768,100,112,14.865613365133134
100B,3723,0.00834544399913284,100,112,11.982585948739313
100B,3724,0.0065284009997412795,100,112,15.317686521395208
100B,3725,0.007263120000061463,100,112,13.768187775935655
100B,3726,0.00708947699968121,100,112,14.105412854078892
100B,3727,0.006733706999511924,100,112,14.850661011423316
100B,3728,0.0069944089991622604,100,112,14.297133612286222
100B,3729,0.006362067999361898,100,112,15.718159568560065
100B,3730,0.007327534998694318,100,112,13.647154195485774
100B,3731,0.0061939020015415736,100,112,16.14491155577073
100B,3732,0.00813514000037685,100,112,12.292351452509438
100B,3733,0.008444926999800373,100,112,11.841428588117324
100B,3734,0.007506187999752001,100,112,13.322341513868814
100B,3735,0.01490439600092941,100,112,6.709429888588856
100B,3736,0.014051710999410716,100,112,7.116571071252012
100B,3737,0.008772896000664332,100,112,11.398744495822982
100B,3738,0.003945063999708509,100,112,25.348131236245788
100B,3739,0.005917632001001039,100,112,16.898651349574255
100B,3740,0.004626672000085819,100,112,21.613807937572652
100B,3741,0.004684420999183203,100,112,21.34735541861768
100B,3742,0.00470552300066629,100,112,21.251622824038957
100B,3743,0.004756379999889759,100,112,21.024392500666
100B,3744,0.006951915000172448,100,112,14.384525702273319
100B,3745,0.00627814700055751,100,112,15.928266730791718
100B,3746,0.006651449999480974,100,112,15.034315827045711
100B,3747,0.0057483399996272055,100,112,17.396326592805096
100B,3748,0.00642709699968691,100,112,15.559124127871636
100B,3749,0.007331827000598423,100,112,13.639165243784122
100B,3750,0.007538496000051964,100,112,13.26524548123534
100B,3751,0.005771455000285641,100,112,17.32665333006162
100B,3752,0.005792996000309358,100,112,17.262224934154933
100B,3753,0.005884092999622226,100,112,16.99497271821167
100B,3754,0.007557034999990719,100,112,13.232703037649397
100B,3755,0.006319795000308659,100,112,15.82329806506635
100B,3756,0.006668351999906008,100,112,14.996208958586697
100B,3757,0.005660210999849369,100,112,17.667185905730587
100B,3758,0.0050651450001169,100,112,19.742771430569526
100B,3759,0.006179971998790279,100,112,16.18130308997757
100B,3760,0.006089303000408108,100,112,16.422240770954893
100B,3761,0.0068793309983448125,100,112,14.53629721030436
100B,3762,0.005891794000490336,100,112,16.972759059749485
100B,3763,0.006825693000791944,100,112,14.650527058336436
100B,3764,0.005160780001460807,100,112,19.37691588707406
100B,3765,0.005135813999004313,100,112,19.47111013354205
100B,3766,0.005462343999170116,100,112,18.30715898068536
100B,3767,0.004574263000904466,100,112,21.861445216470297
100B,3768,0.006807253001170466,100,112,14.690213509444355
100B,3769,0.0055198830013978295,100,112,18.116326011742725
100B,3770,0.0054072130005806684,100,112,18.49381557361643
100B,3771,0.005979155001114123,100,112,16.724771306541903
100B,3772,0.005663211999490159,100,112,17.657823865502948
100B,3773,0.005745746999309631,100,112,17.404177387555578
100B,3774,0.005662133000441827,100,112,17.661188812095517
100B,3775,0.005524190000869567,100,112,18.102201405863834
100B,3776,0.0061253870007931255,100,112,16.325499105126227
100B,3777,0.005882352999833529,100,112,16.9999998304811
100B,3778,0.005702590999135282,100,112,17.535888513688533
100B,3779,0.006012937001287355,100,112,16.630807869530354
100B,3780,0.005810209000628674,100,112,17.211084831746987
100B,3781,0.005836438000187627,100,112,17.133738077365894
100B,3782,0.005206914998780121,100,112,19.20522997272436
100B,3783,0.004848528000366059,100,112,20.624816437576538
100B,3784,0.005806892999316915,100,112,17.220913147833677
100B,3785,0.00667692699971667,100,112,14.976949726160464
100B,3786,0.005714435001209495,100,112,17.49954282073983
100B,3787,0.006100405998950009,100,112,16.392351593846673
100B,3788,0.005447546000141301,100,112,18.3568895053674
100B,3789,0.0049737739991542185,100,112,20.10545714722961
100B,3790,0.004962957000316237,100,112,20.149277939266458
100B,3791,0.0062556029988627415,100,112,15.985669170211064
100B,3792,0.006208714001331828,100,112,16.106394976246136
100B,3793,0.006410318001144333,100,112,15.599850113855284
100B,3794,0.00511394599925552,100,112,19.554371519479837
100B,3795,0.005172983001102693,100,112,19.33120599442983
100B,3796,0.004591906001223833,100,112,21.777449271249896
100B,3797,0.005325847001586226,100,112,18.77635613081196
100B,3798,0.005357006000849651,100,112,18.667143546999842
100B,3799,0.0053749559992866125,100,112,18.60480346504649
100B,3800,0.005954804000793956,100,112,16.79316397091608
100B,3801,0.005289550001180032,100,112,18.90519987100817
100B,3802,0.006064520999643719,100,112,16.489348458992037
100B,3803,0.005059200999312452,100,112,19.765967000241748
100B,3804,0.003962619999583694,100,112,25.23582882297718
100B,3805,0.004586852999636903,100,112,21.801439899625304
100B,3806,0.004954148000251735,100,112,20.185105490372653
100B,3807,0.007327482000619057,100,112,13.647252902368315
100B,3808,0.005143912001585704,100,112,19.4404569847177
100B,3809,0.004929121001623571,100,112,20.287592852166068
100B,3810,0.004514659000051324,100,112,22.15006714767675
100B,3811,0.0049868679998326115,100,112,20.052666323503367
100B,3812,0.004692790000262903,100,112,21.30928509360055
100B,3813,0.004737633000331698,100,112,21.10758684621596
100B,3814,0.004739903999507078,100,112,21.09747370630279
100B,3815,0.004492871999900672,100,112,22.25747806797318
100B,3816,0.004010542999822064,100,112,24.93427947398562
100B,3817,0.0037619100003212225,100,112,26.582241465495237
100B,3818,0.004897635999441263,100,112,20.41801391761419
100B,3819,0.004258502998709446,100,112,23.482430335332708
100B,3820,0.004601148999427096,100,112,21.733701736772993
100B,3821,0.00420360700081801,100,112,23.789093504825804
100B,3822,0.008404334999795537,100,112,11.898621366524875
100B,3823,0.005380421000154456,100,112,18.58590619528273
100B,3824,0.005155959999683546,100,112,19.395030218647477
100B,3825,0.004782395999427536,100,112,20.91002083724774
100B,3826,0.004218148000290967,100,112,23.70708661552464
100B,3827,0.0037527960012084804,100,112,26.6467988048905
100B,3828,0.003933335001420346,100,112,25.42371803161681
100B,3829,0.004068079999342444,100,112,24.581620817723294
100B,3830,0.003505312000925187,100,112,28.52813101190597
100B,3831,0.004060978000779869,100,112,24.6246101261312
100B,3832,0.004745893998915562,100,112,21.07084566634864
100B,3833,0.0036906570003338857,100,112,27.095446689018573
100B,3834,0.005388765999668976,100,112,18.55712421102398
100B,3835,0.004483598999286187,100,112,22.30351108917647
100B,3836,0.003846961000817828,100,112,25.994544779305258
100B,3837,0.004683440998633159,100,112,21.351822309533638
100B,3838,0.00413702799960447,100,112,24.171941792407672
100B,3839,0.003735145999598899,100,112,26.772715179202784
100B,3840,0.004270096000254853,100,112,23.41867723677212
100B,3841,0.0036172009986330522,100,112,27.645685168667764
100B,3842,0.004631559999324963,100,112,21.590997420863538
100B,3843,0.004063120999489911,100,112,24.611622448003427
100B,3844,0.004585818998748437,100,112,21.806355642752592
100B,3845,0.004520250000496162,100,112,22.122670203865617
100B,3846,0.004782756999702542,100,112,20.908442558595258
100B,3847,0.005045603998951265,100,112,19.819232746126158
100B,3848,0.005504070000824868,100,112,18.168373582642207
100B,3849,0.005053036000390421,100,112,19.790082633939978
100B,3850,0.004931505000058678,100,112,20.27778538170602
100B,3851,0.00521784100055811,100,112,19.165014800049256
100B,3852,0.004059204999066424,100,112,24.635365797736007
100B,3853,0.004215109000142547,100,112,23.724178899434907
100B,3854,0.004335367999374284,100,112,23.066092662591227
100B,3855,0.004254769999533892,100,112,23.503033068991968
100B,3856,0.004281605999494786,100,112,23.355722131321667
100B,3857,0.003979618999437662,100,112,25.12803361681871
100B,3858,0.005041143000198645,100,112,19.83677114417495
100B,3859,0.004141873998378287,100,112,24.143660584352418
100B,3860,0.004532502000074601,100,112,22.06286946996473
100B,3861,0.004939588001434458,100,112,20.244603390193667
100B,3862,0.004041562999191228,100,112,24.74290268888827
100B,3863,0.0037369300007412676,100,112,26.759933951174823
100B,3864,0.004311615000915481,100,112,23.193165433084147
100B,3865,0.0036781009985134006,100,112,27.187942919571153
100B,3866,0.0047708620004414115,100,112,20.960572741518778
100B,3867,0.0045164040002418915,100,112,22.14150904007794
100B,3868,0.0051515630002541,100,112,19.41158440556148
100B,3869,0.0041740739998203935,100,112,23.957409476761292
100B,3870,0.0038414609989558812,100,112,26.031762401643604
100B,3871,0.004251021000527544,100,112,23.52376052425763
100B,3872,0.004892324999673292,100,112,20.440179261737104
100B,3873,0.004197319998638704,100,112,23.824726261622295
100B,3874,0.004327450000346289,100,112,23.108297032200916
100B,3875,0.0046220109998103,100,112,21.63560407019894
100B,3876,0.004725043998405454,100,112,21.163824090050102
100B,3877,0.005164423000678653,100,112,19.363247353452472
100B,3878,0.004555307999908109,100,112,21.952412438855337
100B,3879,0.0040277739990415284,100,112,24.827609499390125
100B,3880,0.004061456998897484,100,112,24.621705960975543
100B,3881,0.004834521001612302,100,112,20.68457246677597
100B,3882,0.0048315820004063426,100,112,20.697154677616954
100B,3883,0.005354826998882345,100,112,18.67473963600914
100B,3884,0.005336013999112765,100,112,18.74058051883434
100B,3885,0.005077496000012616,100,112,19.694747174542638
100B,3886,0.005046006999691599,100,112,19.817649877638253
100B,3887,0.00508782799988694,100,112,19.654752480276883
100B,3888,0.004401379999762867,100,112,22.720146864253415
100B,3889,0.005837011998664821,100,112,17.13205318455305
100B,3890,0.003973714001404005,100,112,25.165374248037903
100B,3891,0.0036935980006091995,100,112,27.073872138631927
100B,3892,0.0035293089986225823,100,112,28.334158340634943
100B,3893,0.004357388999778777,100,112,22.949523213345643
100B,3894,0.005662056000801385,100,112,17.661428990784685
100B,3895,0.00622518999989552,100,112,16.063766728674683
100B,3896,0.00480587800120702,100,112,20.807852378875307
100B,3897,0.004953939000188257,100,112,20.185957072987748
100B,3898,0.003788080000958871,100,112,26.398597699807592
100B,3899,0.003911679999873741,100,112,25.5644633516105
100B,3900,0.004707432999566663,100,112,21.243000167863332
100B,3901,0.003536763000738574,100,112,28.274441906092445
100B,3902,0.0039678289995208615,100,112,25.20269901048548
100B,3903,0.0033960969994950574,100,112,29.44556648849203
100B,3904,0.0036532039994199295,100,112,27.373231830436627
100B,3905,0.004357624999101972,100,112,22.94828031797325
100B,3906,0.005068374999609659,100,112,19.730189657967593
100B,3907,0.005360241000744281,100,112,18.655877596942894
100B,3908,0.0053395529994304525,100,112,18.728159456543754
100B,3909,0.0031866069984971546,100,112,31.381340732371864
100B,3910,0.0041951819985115435,100,112,23.836868110961607
100B,3911,0.005058878001364064,100,112,19.76722901264593
100B,3912,0.005347342999812099,100,112,18.70087630501988
100B,3913,0.004128266999032348,100,112,24.22323944246815
100B,3914,0.0037843570007680682,100,112,26.42456828985852
100B,3915,0.0033410260002710856,100,112,29.93092540790947
100B,3916,0.0033446820016251877,100,112,29.898208544611954
100B,3917,0.03679649199875712,100,112,2.7176503674148536
100B,3918,0.02434255799926177,100,112,4.108031703284127
100B,3919,0.012062286001309985,100,112,8.290302517212725
100B,3920,0.01604032200157235,100,112,6.234288812294262
100B,3921,0.004098688001249684,100,112,24.398051271409322
100B,3922,0.016909256999497302,100,112,5.913920404839367
100B,3923,0.004526675998931751,100,112,22.091265207317463
100B,3924,0.016380916998969042,100,112,6.104664348540052
100B,3925,0.003971894000642351,100,112,25.176905522611527
100B,3926,0.017005869000058738,100,112,5.880322846168849
100B,3927,0.0037849479995202273,100,112,26.42044223927933
100B,3928,0.017191642000398133,100,112,5.816780037513819
100B,3929,0.00433292799971241,100,112,23.079081860265692
100B,3930,0.017802836999180727,100,112,5.617082266416411
100B,3931,0.004948943000272266,100,112,20.20633496778979
100B,3932,0.017607671999940067,100,112,5.679342504809289
100B,3933,0.004985883999324869,100,112,20.05662386319875
100B,3934,0.017064124000171432,100,112,5.860248085339474
100B,3935,0.0041000250002980465,100,112,24.39009518057344
100B,3936,0.01788571999895794,100,112,5.591052527146026
100B,3937,0.004705354998804978,100,112,21.252381600409972
100B,3938,0.018586951000543195,100,112,5.380118557211323
100B,3939,0.005586375000348198,100,112,17.900695888436957
100B,3940,0.018778489000396803,100,112,5.325242089386794
100B,3941,0.005421314999694005,100,112,18.445709206280082
100B,3942,0.01923822999924596,100,112,5.197983390567608
100B,3943,0.004948829000568367,100,112,20.20680043471196
100B,3944,0.018751880999843706,100,112,5.332798347047611
100B,3945,0.005591941000602674,100,112,17.88287823301828
100B,3946,0.017352989998471458,100,112,5.76269565122832
100B,3947,0.004041891999804648,100,112,24.740888674124196
100B,3948,0.016862757000126294,100,112,5.930228372457188
100B,3949,0.0043138249984622234,100,112,23.181283440020778
100B,3950,0.01707287899989751,100,112,5.857242940724895
100B,3951,0.00397603500096011,100,112,25.15068402965582
100B,3952,0.01747001300100237,100,112,5.724094194678752
100B,3953,0.004627140000593499,100,112,21.61162186300253
100B,3954,0.01803258099971572,100,112,5.545517860231793
100B,3955,0.004978857999958564,100,112,20.08492710594121
100B,3956,0.016566876000069897,100,112,6.036141032236741
100B,3957,0.004051691001222935,100,112,24.681052915885417
100B,3958,0.01677793999988353,100,112,5.960207272209472
100B,3959,0.004086404000190669,100,112,24.471393429365786
100B,3960,0.01805581799999345,100,112,5.538381035965044
100B,3961,0.004590715001540957,100,112,21.78309913955303
100B,3962,0.017361222999170423,100,112,5.759962878466473
100B,3963,0.004177116999926511,100,112,23.93995667388759
100B,3964,0.016549928999666008,100,112,6.042321994373395
100B,3965,0.003985262999776751,100,112,25.0924468487028
100B,3966,0.01808289499967941,100,112,5.530087964442247
100B,3967,0.004575805000058608,100,112,21.854078134605643
100B,3968,0.017076893998819287,100,112,5.855865827059306
100B,3969,0.004539244000625331,100,112,22.030100163424546
100B,3970,0.01697935099946335,100,112,5.889506613248092
100B,3971,0.004188863000308629,100,112,23.87282658626748
100B,3972,0.017844570000306703,100,112,5.603945625940062
100B,3973,0.004209765000268817,100,112,23.754295071961128
100B,3974,0.018725937999988673,100,112,5.340186430183657
100B,3975,0.005673085999660543,100,112,17.62709044177783
100B,3976,0.016404980000515934,100,112,6.095709961051767
100B,3977,0.0034059609988617012,100,112,29.360289220405278
100B,3978,0.01680073799980164,100,112,5.95211948434531
100B,3979,0.004943561001709895,100,112,20.22833337454755
100B,3980,0.01717288899999403,100,112,5.8231320309608225
100B,3981,0.004275301998859504,100,112,23.390160514199085
100B,3982,0.019740038000236382,100,112,5.065846377742663
100B,3983,0.007084262999342172,100,112,14.115794403636025
100B,3984,0.017213871999047115,100,112,5.809268246303653
100B,3985,0.004603744000633014,100,112,21.721451059452917
100B,3986,0.01657926799998677,100,112,6.031629381953401
100B,3987,0.004127217000132077,100,112,24.229402039388734
100B,3988,0.018605614999614772,100,112,5.374721555942681
100B,3989,0.005427408999821637,100,112,18.424998006099475
100B,3990,0.018952655998873524,100,112,5.276305337148716
100B,3991,0.004018669998913538,100,112,24.883854615341733
100B,3992,0.0163884590001544,100,112,6.1018549699552525
100B,3993,0.003415002998735872,100,112,29.282551153547125
100B,3994,0.01714027799971518,100,112,5.83421109048883
100B,3995,0.004395575999296852,100,112,22.750146969588677
100B,3996,0.0161954949999199,100,112,6.174556566532519
100B,3997,0.004182606999165728,100,112,23.908533605941518
100B,3998,0.018134141000700765,100,112,5.514460265646752
100B,3999,0.005573316999289091,100,112,17.942636317431
100B,4000,0.019321896999827004,100,112,5.17547526523381
100B,4001,0.005319186999258818,100,112,18.799865470782304
100B,4002,0.0179766910005128,100,112,5.562759019284885
100B,4003,0.004918272001305013,100,112,20.332344362708287
100B,4004,0.0186342560009507,100,112,5.36646056568602
100B,4005,0.005695677000403521,100,112,17.557175379312294
100B,4006,0.01844696800071688,100,112,5.420945056993315
100B,4007,0.005084561000330723,100,112,19.667381312466414
100B,4008,0.018704720001551323,100,112,5.346244156111733
100B,4009,0.004891918000794249,100,112,20.441879848305728
100B,4010,0.017076797001209343,100,112,5.855899088858304
100B,4011,0.004515884998909314,100,112,22.14405371796496
100B,4012,0.01886619799915934,100,112,5.300485026418991
100B,4013,0.00568229300006351,100,112,17.598529325904583
100B,4014,0.0176099170002999,100,112,5.678618473800698
100B,4015,0.004859978000240517,100,112,20.576224829629076
100B,4016,0.018192487999840523,100,112,5.496774273033826
100B,4017,0.00566514999991341,100,112,17.651783271674795
100B,4018,0.018347482999161002,100,112,5.450338883244792
100B,4019,0.0045240660001582,100,112,22.104009976093
100B,4020,0.018305043000509613,100,112,5.462975421429821
100B,4021,0.005175813001187635,100,112,19.320636193203686
100B,4022,0.018430428999636206,100,112,5.425809676051159
100B,4023,0.005281683001157944,100,112,18.933358927083702
100B,4024,0.01847101599923917,100,112,5.41388735758331
100B,4025,0.0048532029995840276,100,112,20.60494893961186
100B,4026,0.018333579999307403,100,112,5.454472067309153
100B,4027,0.005270355000902782,100,112,18.974053926703334
100B,4028,0.018551848999777576,100,112,5.390298293242842
100B,4029,0.004508660998908454,100,112,22.17953401779597
100B,4030,0.019011252001291723,100,112,5.260042841639545
100B,4031,0.005253690000245115,100,112,19.034240694699236
100B,4032,0.018820688001142116,100,112,5.31330204262095
100B,4033,0.0053058619996591005,100,112,18.84707894898604
100B,4034,0.018319763999897987,100,112,5.45858560189732
100B,4035,0.005111291999128298,100,112,19.564524980583077
100B,4036,0.018306871001186664,100,112,5.462429925546421
100B,4037,0.004935888000545674,100,112,20.259778987883188
100B,4038,0.01915082999948936,100,112,5.221705795658278
100B,4039,0.004931334999128012,100,112,20.278484430216686
100B,4040,0.018571979000626015,100,112,5.384455797447824
100B,4041,0.004765274999954272,100,112,20.985147761873055
100B,4042,0.01763848699920345,100,112,5.669420512344169
100B,4043,0.00425961199835001,100,112,23.476316631358838
100B,4044,0.018354125000769272,100,112,5.44836651138688
100B,4045,0.005493742999533424,100,112,18.202526038894224
100B,4046,0.01859310799954983,100,112,5.378336962406778
100B,4047,0.00600195100014389,100,112,16.661248983472642
100B,4048,0.0181599229999847,100,112,5.5066312781218425
100B,4049,0.004761652999150101,100,112,21.00111033245153
100B,4050,0.017402849000063725,100,112,5.746185581431743
100B,4051,0.0044454469989432255,100,112,22.494925712481123
100B,4052,0.016348467999705463,100,112,6.1167810954397455
100B,4053,0.004152370000156225,100,112,24.082632327137922
100B,4054,0.015537094999672263,100,112,6.436209600450367
100B,4055,0.0035108749998471467,100,112,28.482928046243092
100B,4056,0.02045184800044808,100,112,4.889533698754709
100B,4057,0.0073260600001958665,100,112,13.649901856840708
100B,4058,0.01755543699982809,100,112,5.696240999354174
100B,4059,0.004844048999075312,100,112,20.643886967099043
100B,4060,0.017171446999782347,100,112,5.823621037951404
100B,4061,0.004365412998595275,100,112,22.907340045988438
100B,4062,0.017176657000163686,100,112,5.821854625090729
100B,4063,0.0036324049997347174,100,112,27.529969815398676
100B,4064,0.016566206999414135,100,112,6.036384792459524
100B,4065,0.003768608999962453,100,112,26.53498943535833
100B,4066,0.017425489000743255,100,112,5.738719871547632
100B,4067,0.005137923000802402,100,112,19.463117680896104
100B,4068,0.017310133000137284,100,112,5.776963123230012
100B,4069,0.004765920999489026,100,112,20.982303317810224
100B,4070,0.01672209699972882,100,112,5.9801112265777245
100B,4071,0.0037867129994992865,100,112,26.40812758009992
100B,4072,0.018298096001672093,100,112,5.465049477872557
100B,4073,0.004936298999382416,100,112,20.25809214808728
100B,4074,0.017843515999629744,100,112,5.604276646041901
100B,4075,0.0053511240002990235,100,112,18.687662628339755
100B,4076,0.017019552000419935,100,112,5.875595315172375
100B,4077,0.0037845250008103903,100,112,26.423395268517645
100B,4078,0.017205070000272826,100,112,5.81224022909609
100B,4079,0.004556653000690858,100,112,21.945932680157668
100B,4080,0.016777001999798813,100,112,5.9605405066530475
100B,4081,0.0037486689998331713,100,112,26.67613491734009
100B,4082,0.018532112999309902,100,112,5.396038757357232
100B,4083,0.005199429000640521,100,112,19.232881146695327
100B,4084,0.017600041999685345,100,112,5.68180462306782
100B,4085,0.004467680999368895,100,112,22.382976764483857
100B,4086,0.017467527999542654,100,112,5.724908527561443
100B,4087,0.004553304999717511,100,112,21.96206931145707
100B,4088,0.01933784599896171,100,112,5.171206762395832
100B,4089,0.00591553800040856,100,112,16.904633186887384
100B,4090,0.019299018000310753,100,112,5.181610794828514
100B,4091,0.005736078999689198,100,112,17.433511638423802
100B,4092,0.01701821399910841,100,112,5.87605726460127
100B,4093,0.004818075000002864,100,112,20.755177119480408
100B,4094,0.01787157800026762,100,112,5.595476795529894
100B,4095,0.005144184000528185,100,112,19.43942906974797
100B,4096,0.019092870001259143,100,112,5.23755726579635
100B,4097,0.005575416998908622,100,112,17.935878162938273
100B,4098,0.018607678000989836,100,112,5.374125669773547
100B,4099,0.005344165998394601,100,112,18.71199360761627
100B,4100,0.019018271001186804,100,112,5.258101537924223
100B,4101,0.005492995000167866,100,112,18.20500473729614
100B,4102,0.020015403999423143,100,112,4.996151963901507
100B,4103,0.0057249860001320485,100,112,17.46729162266833
100B,4104,0.019736930000362918,100,112,5.0666441031184295
100B,4105,0.006180024000059348,100,112,16.181166933824155
100B,4106,0.017501805001302273,100,112,5.713696386890335
100B,4107,0.004301701999793295,100,112,23.246612620959144
100B,4108,0.017662917000052403,100,112,5.661579001911368
100B,4109,0.00478267499966023,100,112,20.90880103856193
100B,4110,0.019490548000248964,100,112,5.130692066673684
100B,4111,0.00526178000109212,100,112,19.004975498641958
100B,4112,0.017726498999763862,100,112,5.641271860920316
100B,4113,0.00501927400000568,100,112,19.923200048430676
100B,4114,0.018858572000681306,100,112,5.302628427878171
100B,4115,0.004959104000590742,100,112,20.16493301775638
100B,4116,0.02077541300059238,100,112,4.8133820491149155
100B,4117,0.006135612000434776,100,112,16.29829265489961
100B,4118,0.02039603699995496,100,112,4.902913247324509
100B,4119,0.006537995999678969,100,112,15.295206666524457
100B,4120,0.017935803000000305,100,112,5.575440363612285
100B,4121,0.004840700001295772,100,112,20.658169267509187
100B,4122,0.01893071999984386,100,112,5.282419263547546
100B,4123,0.005135461999088875,100,112,19.472444741630223
100B,4124,0.019818064998617047,100,112,5.045901303027225
100B,4125,0.005303168998580077,100,112,18.856649679988514
100B,4126,0.015937731001031352,100,112,6.274418861350393
100B,4127,0.003442450999500579,100,112,29.04906998371443
100B,4128,0.016693452000254183,100,112,5.990372752051364
100B,4129,0.004178971999863279,100,112,23.92932998911494
100B,4130,0.016512500000317232,100,112,6.056018167938158
100B,4131,0.004675546000726172,100,112,21.38787640726211
100B,4132,0.016511851999894134,100,112,6.056255833727262
100B,4133,0.003997021000031964,100,112,25.018632626448625
100B,4134,0.017299912000453332,100,112,5.780376223727587
100B,4135,0.004879764999714098,100,112,20.492790125315242
100B,4136,0.017531646000861656,100,112,5.703970978827951
100B,4137,0.004535304999080836,100,112,22.049233738473347
100B,4138,0.019072219000008772,100,112,5.243228383648175
100B,4139,0.00590925399956177,100,112,16.922609860299794
100B,4140,0.019392886000787257,100,112,5.156530079944805
100B,4141,0.005409109999163775,100,112,18.487329711442282
100B,4142,0.018228025999633246,100,112,5.486057568823527
100B,4143,0.005099891001009382,100,112,19.608262211919385
100B,4144,0.017378720000124304,100,112,5.7541637128214695
100B,4145,0.0043669339993357426,100,112,22.899361431890448
100B,4146,0.017262081000808394,100,112,5.793044303019835
100B,4147,0.004709999999249703,100,112,21.23142250868999
100B,4148,0.016633115999866277,100,112,6.012102603072326
100B,4149,0.004318445000535576,100,112,23.156483407244494
100B,4150,0.01750079200064647,100,112,5.714027113533265
100B,4151,0.004391140000734595,100,112,22.773129525196413
100B,4152,0.017555164000441437,100,112,5.696329581283629
100B,4153,0.004901673999484046,100,112,20.401193553574977
100B,4154,0.016796145000625984,100,112,5.953747124490355
100B,4155,0.004492489999393001,100,112,22.25937064156212
100B,4156,0.018939525998575846,100,112,5.279963184269738
100B,4157,0.006104989000959904,100,112,16.380045891037106
100B,4158,0.017589278999366798,100,112,5.685281358241002
100B,4159,0.004745088001072872,100,112,21.074424747736995
100B,4160,0.018211130000054254,100,112,5.491147446627534
100B,4161,0.004868230000283802,100,112,20.54134664840616
100B,4162,0.01819384699956572,100,112,5.4963636883605185
100B,4163,0.004946944000039366,100,112,20.214500103337382
100B,4164,0.018908608999481658,100,112,5.28859632153488
100B,4165,0.005156248000275809,100,112,19.393946915402626
100B,4166,0.01800485000057961,100,112,5.554059045022915
100B,4167,0.005463593999593286,100,112,18.302970536874458
100B,4168,0.018148155000744737,100,112,5.510202001024146
100B,4169,0.005258625000351458,100,112,19.016377854157035
100B,4170,0.020615925999663887,100,112,4.850618885692079
100B,4171,0.00697107699852495,100,112,14.344985720450309
100B,4172,0.01793304700004228,100,112,5.576297212613352
100B,4173,0.005055366000306094,100,112,19.780961456390134
100B,4174,0.018326164999962202,100,112,5.456679016051981
100B,4175,0.0053777960001752945,100,112,18.59497831393017
100B,4176,0.018589065999549348,100,112,5.379506426112226
100B,4177,0.005136454001331003,100,112,19.468684032619997
100B,4178,0.01740201699976751,100,112,5.746460309821327
100B,4179,0.0040759069997875486,100,112,24.534416512744862
100B,4180,0.016819017999296193,100,112,5.945650334887839
100B,4181,0.0037809090008522617,100,112,26.44866617457834
100B,4182,0.018476515999282128,100,112,5.412275777743234
100B,4183,0.005387338998843916,100,112,18.562039630596715
100B,4184,0.018023245000222232,100,112,5.548390425740036
100B,4185,0.00476812699889706,100,112,20.97259574317788
100B,4186,0.018955690999064245,100,112,5.27546054664726
100B,4187,0.005605098000160069,100,112,17.84090126473154
100B,4188,0.01919594700120797,100,112,5.209433011755406
100B,4189,0.005809985999803757,100,112,17.211745433358647
100B,4190,0.018972952999320114,100,112,5.270660819303323
100B,4191,0.005657081999743241,100,112,17.676957838783093
100B,4192,0.018968278000102146,100,112,5.271959847881895
100B,4193,0.005396451999331475,100,112,18.5306938730092
100B,4194,0.018625212000188185,100,112,5.369066403055688
100B,4195,0.005376380000598147,100,112,18.59987575076065
100B,4196,0.020294239000577363,100,112,4.927506766681669
100B,4197,0.007318117999602691,100,112,13.664715437142323
100B,4198,0.01876452699980291,100,112,5.329204407926206
100B,4199,0.0057023940007638885,100,112,17.5364943191586
100B,4200,0.016795116000139387,100,112,5.95411189771896
100B,4201,0.004066007000801619,100,112,24.59415342380986
100B,4202,0.018520393001381308,100,112,5.399453456119516
100B,4203,0.005047859998740023,100,112,19.81037509458674
100B,4204,0.01675265300036699,100,112,5.969203802992239
100B,4205,0.004091676000825828,100,112,24.439862779901652
100B,4206,0.017450046001613373,100,112,5.730643918689632
100B,4207,0.004779040998982964,100,112,20.924700169193187
100B,4208,0.0170372699994914,100,112,5.869484958739588
100B,4209,0.004234387000906281,100,112,23.61616923030349
100B,4210,0.016461119999803486,100,112,6.074920783105512
100B,4211,0.004062130999955116,100,112,24.617620653077154
100B,4212,0.01723400499940908,100,112,5.802481779680858
100B,4213,0.00430741099989973,100,112,23.215801789596547
100B,4214,0.01649008899948967,100,112,6.0642486528177475
100B,4215,0.0041253220006183255,100,112,24.240532008170867
100B,4216,0.016933800998231163,100,112,5.9053487170686365
100B,4217,0.004216448998704436,100,112,23.716639293093884
100B,4218,0.018263766000018222,100,112,5.47532201189504
100B,4219,0.004886906999672647,100,112,20.462840812542286
100B,4220,0.017627113000344252,100,112,5.673078739442303
100B,4221,0.0050974459991266485,100,112,19.61766736070046
100B,4222,0.017498660999990534,100,112,5.714722972235081
100B,4223,0.004406440999446204,100,112,22.694051733035316
100B,4224,0.016705866999473074,100,112,5.985920994292253
100B,4225,0.0037187750003795372,100,112,26.89057552279824
100B,4226,0.016144296001584735,100,112,6.194138164351294
100B,4227,0.004088003999640932,100,112,24.461815597240964
100B,4228,0.01897651500075881,100,112,5.2696714858340075
100B,4229,0.005024187999879359,100,112,19.90371379462735
100B,4230,0.018632354000146734,100,112,5.367008376891748
100B,4231,0.004819535999558866,100,112,20.748885371777085
100B,4232,0.0173346510000556,100,112,5.768792230064467
100B,4233,0.004878846999417874,100,112,20.49664603377225
100B,4234,0.01904876300068281,100,112,5.249684716871927
100B,4235,0.005735044000175549,100,112,17.436657852483613
100B,4236,0.017664068000158295,100,112,5.661210090399553
100B,4237,0.004810562000784557,100,112,20.787591966113514
100B,4238,0.017324725000435137,100,112,5.772097392454331
100B,4239,0.005252835000646883,100,112,19.03733888227692
100B,4240,0.01931627500016475,100,112,5.176981586726586
100B,4241,0.0055625929999223445,100,112,17.977227527053667
100B,4242,0.019304301000374835,100,112,5.180192745547134
100B,4243,0.005640781999318278,100,112,17.72803841951091
100B,4244,0.01790887099923566,100,112,5.583824910250788
100B,4245,0.005582335001236061,100,112,17.913650824942902
100B,4246,0.019032174001040403,100,112,5.254260495649811
100B,4247,0.005924854000113555,100,112,16.878053028493767
100B,4248,0.018610058999911416,100,112,5.373438096057407
100B,4249,0.005480585999976029,100,112,18.246224035246847
100B,4250,0.017205203001140035,100,112,5.812195298908934
100B,4251,0.004213101999994251,100,112,23.735480413276598
100B,4252,0.018735417999778292,100,112,5.337484330543539
100B,4253,0.005398178000177722,100,112,18.524768912160315
100B,4254,0.01981285699912405,100,112,5.047227666581408
100B,4255,0.005412299999079551,100,112,18.476433312456184
100B,4256,0.018920403001175146,100,112,5.285299683827507
100B,4257,0.005560784000408603,100,112,17.983075766412085
100B,4258,0.01820833700003277,100,112,5.4919897407336
100B,4259,0.005515127000762732,100,112,18.131948726868877
100B,4260,0.02012229899992235,100,112,4.969611076765428
100B,4261,0.00681214999895019,100,112,14.679653268852102
100B,4262,0.018612654001117335,100,112,5.372688924104907
100B,4263,0.005371412000386044,100,112,18.6170787109261
100B,4264,0.018830998000339605,100,112,5.310393001910816
100B,4265,0.0054413329999079,100,112,18.377849692656675
100B,4266,0.01873193899882608,100,112,5.338475638120909
100B,4267,0.005418394999651355,100,112,18.455649690809633
100B,4268,0.019659442999909515,100,112,5.086614101959057
100B,4269,0.005825661999551812,100,112,17.165431157470746
100B,4270,0.017918197001563385,100,112,5.580918660023376
100B,4271,0.0052484210009424714,100,112,19.05334956590616
100B,4272,0.018661441999938688,100,112,5.358642702977002
100B,4273,0.005115760000990122,100,112,19.547437718080143
100B,4274,0.017348899000353413,100,112,5.764054537291554
100B,4275,0.004261213000063435,100,112,23.46749622666394
100B,4276,0.017312611000306788,100,112,5.776136251096265
100B,4277,0.004426867999427486,100,112,22.589334042246733
100B,4278,0.01648311800090596,100,112,6.066813329523194
100B,4279,0.00371758799883537,100,112,26.8991615077646
100B,4280,0.01682799199988949,100,112,5.942479649423217
100B,4281,0.003780462000577245,100,112,26.451793454009284
100B,4282,0.015654316999643925,100,112,6.388014245672591
100B,4283,0.0037513540009967983,100,112,26.657041690394536
100B,4284,0.017972083998756716,100,112,5.564184988614445
100B,4285,0.0053313549997255905,100,112,18.756957659947066
100B,4286,0.016503015000125743,100,112,6.059498824865521
100B,4287,0.0038295049998851027,100,112,26.113035497538277
100B,4288,0.0165253909999592,100,112,6.051294035962411
100B,4289,0.004470808999030851,100,112,22.36731652407367
100B,4290,0.016539783000553143,100,112,6.046028535964207
100B,4291,0.0035230389985372312,100,112,28.384585024894726
100B,4292,0.016278959999908693,100,112,6.142898563579055
100B,4293,0.0038543259997823043,100,112,25.944873372321926
100B,4294,0.018746899999314337,100,112,5.334215257117576
100B,4295,0.005474280000271392,100,112,18.26724244924308
100B,4296,0.016743469001085032,100,112,5.972477984909798
100B,4297,0.0042967770004906924,100,112,23.27325806961357
100B,4298,0.01844944000004034,100,112,5.420218716653803
100B,4299,0.004648365000321064,100,112,21.51294057009141
100B,4300,0.018827842999598943,100,112,5.31128286985026
100B,4301,0.0052020130005985266,100,112,19.223327582705835
100B,4302,0.017579797000507824,100,112,5.688347823192232
100B,4303,0.0048202210000454215,100,112,20.745936752496966
100B,4304,0.017980262000492075,100,112,5.561654218234597
100B,4305,0.004635975999917719,100,112,21.570430908567012
100B,4306,0.01689063800040458,100,112,5.920439476448712
100B,4307,0.0040943610001704656,100,112,24.42383561093821
100B,4308,0.016183814999749302,100,112,6.179012797758073
100B,4309,0.004211962001136271,100,112,23.741904597672715
100B,4310,0.018220289999590022,100,112,5.488386847972788
100B,4311,0.0049178199988091365,100,112,20.334213131878613
100B,4312,0.016379009999582195,100,112,6.1053751113498835
100B,4313,0.003399492999960785,100,112,29.416151173470148
100B,4314,0.017019561999404687,100,112,5.875591863262863
100B,4315,0.004146838999076863,100,112,24.114753435631627
100B,4316,0.01809215499997663,100,112,5.527257532346433
100B,4317,0.004897191998679773,100,112,20.419865103708176
100B,4318,0.018142128999897977,100,112,5.512032242773842
100B,4319,0.005237874000158627,100,112,19.09171545496733
100B,4320,0.018735560999630252,100,112,5.337443591999914
100B,4321,0.005115550000482472,100,112,19.548240167835036
100B,4322,0.020113990000027115,100,112,4.97166400101945
100B,4323,0.0057094309995591175,100,112,17.51488020570211
100B,4324,0.01919570400059456,100,112,5.209498958563992
100B,4325,0.005915335001191124,100,112,16.905213310803834
100B,4326,0.019489013000566047,100,112,5.1310961718325885
100B,4327,0.005391183998654014,100,112,18.548801158514795
100B,4328,0.017892142001073807,100,112,5.589045738291057
100B,4329,0.005065788000138127,100,112,19.740265482344174
100B,4330,0.019395600998905138,100,112,5.1558082683617235
100B,4331,0.006311773000561516,100,112,15.843408815732708
100B,4332,0.018316104000405176,100,112,5.459676359000138
100B,4333,0.004964151999956812,100,112,20.144427487488297
100B,4334,0.0186598589989444,100,112,5.359097301091989
100B,4335,0.004838852999455412,100,112,20.666054540457107
100B,4336,0.01873323099971458,100,112,5.3381074520206155
100B,4337,0.005824648000270827,100,112,17.168419447037888
100B,4338,0.020185797000522143,100,112,4.953978284702521
100B,4339,0.005722187999708694,100,112,17.475832671888938
100B,4340,0.018239982000523014,100,112,5.482461550517572
100B,4341,0.005259482999463216,100,112,19.01327564139023
100B,4342,0.018497560000469093,100,112,5.406118428455646
100B,4343,0.005208814000070561,100,112,19.19822823365268
100B,4344,0.017874220999146928,100,112,5.5946494118413685
100B,4345,0.00452143700022134,100,112,22.11686240350239
100B,4346,0.01957970699913858,100,112,5.107328725828204
100B,4347,0.005638179000015953,100,112,17.73622298967753
100B,4348,0.01825268200082064,100,112,5.478646918601004
100B,4349,0.0038094080009614117,100,112,26.250798017634807
100B,4350,0.017401557000994217,100,112,5.746612213739645
100B,4351,0.004411722000440932,100,112,22.666886079858486
100B,4352,0.018065229998683208,100,112,5.535495535196015
100B,4353,0.005127795999214868,100,112,19.501555837110388
100B,4354,0.01623870300136332,100,112,6.158127283416939
100B,4355,0.0040966319993458455,100,112,24.410296071496806
100B,4356,0.017161359999590786,100,112,5.827044010636949
100B,4357,0.004670660999181564,100,112,21.410245791232317
100B,4358,0.0169952390006074,100,112,5.884000807309981
100B,4359,0.0042369709990452975,100,112,23.601766455926334
100B,4360,0.018105812998328474,100,112,5.5230880827738575
100B,4361,0.0051447040004859446,100,112,19.437464233229836
100B,4362,0.01877445099853503,100,112,5.3263874404531455
100B,4363,0.005666753999321372,100,112,17.64678685751589
100B,4364,0.01760256300076435,100,112,5.680990887273503
100B,4365,0.004614286999640171,100,112,21.671820588489215
100B,4366,0.018155249999836087,100,112,5.508048636119185
100B,4367,0.005409495999629144,100,112,18.486010527941172
100B,4368,0.01812347399936698,100,112,5.517705932289407
100B,4369,0.004761698000947945,100,112,21.000911855412145
100B,4370,0.01780314899951918,100,112,5.6169838270016585
100B,4371,0.004584322001392138,100,112,21.813476446382392
100B,4372,0.01799857599871757,100,112,5.555995096896843
100B,4373,0.005010289998608641,100,112,19.958924538853044
100B,4374,0.018683804000829696,100,112,5.352229128263135
100B,4375,0.0053593809989251895,100,112,18.658871242789935
100B,4376,0.016055386999141774,100,112,6.228439090589682
100B,4377,0.003453880999586545,100,112,28.952937293430416
100B,4378,0.016295849998641643,100,112,6.136531694163582
100B,4379,0.004059889999552979,100,112,24.631209222666293
100B,4380,0.01844594700014568,100,112,5.4212451114171705
100B,4381,0.005690261999916402,100,112,17.573883241486797
100B,4382,0.01680913599921041,100,112,5.949145750542882
100B,4383,0.004494201999477809,100,112,22.250891262034777
100B,4384,0.01806671099984669,100,112,5.535041768302408
100B,4385,0.00467126500006998,100,112,21.40747741746656
100B,4386,0.016462499001136166,100,112,6.07441190994748
100B,4387,0.003439647000050172,100,112,29.072750778943696
100B,4388,0.01659326699882513,100,112,6.02654076542494
100B,4389,0.00476323200018669,100,112,20.99414851010419
100B,4390,0.017853950999779045,100,112,5.60100114541804
100B,4391,0.004774624001584016,100,112,20.944057577481345
100B,4392,0.016502143000252545,100,112,6.059819018564414
100B,4393,0.003814010000496637,100,112,26.219123701033457
100B,4394,0.01708042099926388,100,112,5.854656627275741
100B,4395,0.004774647000886034,100,112,20.94395669071304
100B,4396,0.01734198799931619,100,112,5.766351585754937
100B,4397,0.004590644000927568,100,112,21.78343604509397
100B,4398,0.01834442400104308,100,112,5.451247746689344
100B,4399,0.004730975000711624,100,112,21.137291992656525
100B,4400,0.01766298199981975,100,112,5.661558167302696
100B,4401,0.0045309270008147,100,112,22.070538762160403
100B,4402,0.0163747090009565,100,112,6.106978755723762
100B,4403,0.003992217001723475,100,112,25.048738572284307
100B,4404,0.016490867999891634,100,112,6.063962188082345
100B,4405,0.004326942000261624,100,112,23.111010037563155
100B,4406,0.017599221000637044,100,112,5.68206967776473
100B,4407,0.005061297999418457,100,112,19.757777552613973
100B,4408,0.016658445998473326,100,112,6.002960900984675
100B,4409,0.0037543899998127017,100,112,26.635485393096825
100B,4410,0.01707829299994046,100,112,5.855386132580618
100B,4411,0.004801680001037312,100,112,20.82604421335801
100B,4412,0.018441150999933598,100,112,5.422655017594079
100B,4413,0.005207415999393561,100,112,19.203382255545876
100B,4414,0.017506129999674158,100,112,5.712284782636785
100B,4415,0.004860806000579032,100,112,20.572719830433005
100B,4416,0.017435183999623405,100,112,5.73552880211416
100B,4417,0.004275544999472913,100,112,23.38883113435315
100B,4418,0.017067582999516162,100,112,5.859060418972906
100B,4419,0.0039223750009114156,100,112,25.49475763453614
100B,4420,0.016780313999333885,100,112,5.959364050277583
100B,4421,0.004152808998696855,100,112,24.080086522491122
100B,4422,0.021027267999670585,100,112,4.755729560376869
100B,4423,0.008487893999699736,100,112,11.781485490221431
100B,4424,0.016942763000770356,100,112,5.902225038233327
100B,4425,0.00368129800153838,100,112,27.16433169990882
100B,4426,0.017079315999581013,100,112,5.855035412568816
100B,4427,0.004590193999320036,100,112,21.785571593447557
100B,4428,0.018270025999299833,100,112,5.4734459602757175
100B,4429,0.004558691998681752,100,112,21.936116769660515
100B,4430,0.0173219539992715,100,112,5.773020757600768
100B,4431,0.0038884000005054986,100,112,25.71751877044538
100B,4432,0.01615271499940718,100,112,6.190909701785124
100B,4433,0.003728091998709715,100,112,26.823372393870592
100B,4434,0.016125095999086625,100,112,6.201513467309858
100B,4435,0.004337315000157105,100,112,23.055738399534697
100B,4436,0.016700414998922497,100,112,5.987875151991849
100B,4437,0.004040387000713963,100,112,24.75010437919173
100B,4438,0.01809326199872885,100,112,5.52691935854494
100B,4439,0.0057549999983166344,100,112,17.37619461846229
100B,4440,0.01904670600015379,100,112,5.250251670771448
100B,4441,0.005884242000320228,100,112,16.994542371737577
100B,4442,0.017081726000469644,100,112,5.8542093461311
100B,4443,0.004273747999832267,100,112,23.398665528225983
100B,4444,0.018174707000071066,100,112,5.502151974147863
100B,4445,0.005256163000012748,100,112,19.025285174709666
100B,4446,0.018226021000373294,100,112,5.48666107637821
100B,4447,0.0055579550007678336,100,112,17.992229153741793
100B,4448,0.01836590399943816,100,112,5.44487219377054
100B,4449,0.004896753000139142,100,112,20.42169576393959
100B,4450,0.01870514799884404,100,112,5.346121827326889
100B,4451,0.005025278000175604,100,112,19.89939660980061
100B,4452,0.02366914100093709,100,112,4.224910401101623
100B,4453,0.005378743999244762,100,112,18.591700964768197
100B,4454,0.019812068001556327,100,112,5.047428667827334
100B,4455,0.007948644999487442,100,112,12.58076062101759
100B,4456,0.02281050000055984,100,112,4.38394598967781
100B,4457,0.007688667999900645,100,112,13.00615399199084
100B,4458,0.023068442998919636,100,112,4.334926288899658
100B,4459,0.007115499000065029,100,112,14.053828129142609
100B,4460,0.0159115730002668,100,112,6.284733759404129
100B,4461,0.0033599319995119004,100,112,29.762507102681564
100B,4462,0.0158202180009539,100,112,6.3210254115316475
100B,4463,0.0035617180001281668,100,112,28.076338440157684
100B,4464,0.015029572999992524,100,112,6.65354897308458
100B,4465,0.00363604199992551,100,112,27.50243259072603
100B,4466,0.01692780700068397,100,112,5.907439752589304
100B,4467,0.004234484000335215,100,112,23.61562825413526
100B,4468,0.0153664959998423,100,112,6.507664466969324
100B,4469,0.0028570530012075324,100,112,35.00110076982647
100B,4470,0.015366876001280616,100,112,6.507503541491867
100B,4471,0.0029428119996737223,100,112,33.981103791573254
100B,4472,0.01594276899959368,100,112,6.272436112105031
100B,4473,0.0034686069993767887,100,112,28.83001735796739
100B,4474,0.016240027998719597,100,112,6.157624851871207
100B,4475,0.004204770000796998,100,112,23.782513664491848
100B,4476,0.017363773000397487,100,112,5.759116984408332
100B,4477,0.004608201999872108,100,112,21.70043761162712
100B,4478,0.017572860000655055,100,112,5.690593335192585
100B,4479,0.004499599999689963,100,112,22.22419770799412
100B,4480,0.01796129799913615,100,112,5.567526356102411
100B,4481,0.0052552679990185425,100,112,19.02852528523297
100B,4482,0.017911864000780042,100,112,5.582891875219971
100B,4483,0.004434340000443626,100,112,22.551270310800632
100B,4484,0.017237977999684517,100,112,5.801144426674066
100B,4485,0.003926810999473673,100,112,25.465956984790818
100B,4486,0.016996223999740323,100,112,5.883659805938534
100B,4487,0.0042999990000680555,100,112,23.255819361450392
100B,4488,0.01660364099916478,100,112,6.0227753662603485
100B,4489,0.003638651000073878,100,112,27.482712686094278
100B,4490,0.01676672299981874,100,112,5.964194673048578
100B,4491,0.004158820998782176,100,112,24.045276300490674
100B,4492,0.017051293998520123,100,112,5.864657544974532
100B,4493,0.004645830000299611,100,112,21.524679119457872
100B,4494,0.016623292000076617,100,112,6.015655623419182
100B,4495,0.003940284999771393,100,112,25.378874879812447
100B,4496,0.01701988300010271,100,112,5.87548104763097
100B,4497,0.005202917998758494,100,112,19.21998386748777
100B,4498,0.018999415000507724,100,112,5.263319949447269
100B,4499,0.00584175000039977,100,112,17.11815808501847
100B,4500,0.016454765000162297,100,112,6.077266980051899
100B,4501,0.005080098000689759,100,112,19.68465962397228
100B,4502,0.017803828000978683,100,112,5.616769606766756
100B,4503,0.004154829000981408,100,112,24.068379222437095
100B,4504,0.017467363000832847,100,112,5.7249626057025305
100B,4505,0.004736312001114129,100,112,21.11347393847299
100B,4506,0.017492154000137816,100,112,5.71684882257566
100B,4507,0.004310647998863715,100,112,23.198368325680956
100B,4508,0.017874544000733295,100,112,5.5945483138421634
100B,4509,0.0053584410015901085,100,112,18.66214445028417
100B,4510,0.017504965000625816,100,112,5.712664949425773
100B,4511,0.004229117999784648,100,112,23.645592297280928
100B,4512,0.01727124999888474,100,112,5.789968879291152
100B,4513,0.0044126329994469415,100,112,22.662206445116446
100B,4514,0.0183135150000453,100,112,5.4604481990351195
100B,4515,0.004841489999307669,100,112,20.654798422448454
100B,4516,0.017366547999699833,100,112,5.758196735570502
100B,4517,0.004773704000399448,100,112,20.948093973072552
100B,4518,0.017801136998969014,100,112,5.617618695131198
100B,4519,0.00460266799927922,100,112,21.726529051337195
100B,4520,0.017664951999904588,100,112,5.660926788849476
100B,4521,0.004513535999649321,100,112,22.155578244589055
100B,4522,0.01739673499832861,100,112,5.748205051672482
100B,4523,0.004595386000801227,100,112,21.760957617611343
100B,4524,0.01795011500144028,100,112,5.570994948610425
100B,4525,0.005246757998975227,100,112,19.059388677642758
100B,4526,0.01865264399930311,100,112,5.361170245019213
100B,4527,0.0049301649996778,100,112,20.283296807821905
100B,4528,0.018889841998316115,100,112,5.293850526061268
100B,4529,0.005275696999888169,100,112,18.954841417564303
100B,4530,0.019409025000641122,100,112,5.1522423200906164
100B,4531,0.005543295001189108,100,112,18.039812057368174
100B,4532,0.01772908400016604,100,112,5.640449331678019
100B,4533,0.005087786999865784,100,112,19.654910868445945
100B,4534,0.017707261000396102,100,112,5.647400803419742
100B,4535,0.004631303001588094,100,112,21.592195536700917
100B,4536,0.01710122400072578,100,112,5.847534655750722
100B,4537,0.003943335999792907,100,112,25.35923898071372
100B,4538,0.01792880500033789,100,112,5.577616578356192
100B,4539,0.004605575999448774,100,112,21.71281073463312
100B,4540,0.016032613999414025,100,112,6.237286072230947
100B,4541,0.0034926470016216626,100,112,28.631579416290634
100B,4542,0.01663706799990905,100,112,6.010674477050083
100B,4543,0.0042481219988985686,100,112,23.5398135990274
100B,4544,0.01853921600013564,100,112,5.393971352362924
100B,4545,0.004566296998746111,100,112,21.89958297225512
100B,4546,0.01660843600075168,100,112,6.021036538026465
100B,4547,0.0037621270003000973,100,112,26.58070819832058
100B,4548,0.01850968700091471,100,112,5.402576499270798
100B,4549,0.004813310999452369,100,112,20.775719668099033
100B,4550,0.0180737329992553,100,112,5.532891296121302
100B,4551,0.004939821001244127,100,112,20.24364849957404
100B,4552,0.01591480299975956,100,112,6.283458237058341
100B,4553,0.003814308000073652,100,112,26.21707528549584
100B,4554,0.017138361999968765,100,112,5.834863331757274
100B,4555,0.004096462000234169,100,112,24.411309074582803
100B,4556,0.01937798600010865,100,112,5.160495007037332
100B,4557,0.004792801999428775,100,112,20.864621574585886
100B,4558,0.016355284000383108,100,112,6.114231950827488
100B,4559,0.003948552001020289,100,112,25.32573965700855
100B,4560,0.019123660998957348,100,112,5.229124277273695
100B,4561,0.006548438001118484,100,112,15.27081725182705
100B,4562,0.017869363000500016,100,112,5.5961703837569265
100B,4563,0.005040582998844911,100,112,19.83897498025839
100B,4564,0.017347408000205178,100,112,5.764549954599399
100B,4565,0.004688614999395213,100,112,21.328260053960296
100B,4566,0.017636445998505224,100,112,5.670076613421745
100B,4567,0.00551886200082663,100,112,18.119677568495412
100B,4568,0.017023636999510927,100,112,5.874185404850498
100B,4569,0.004199647999485023,100,112,23.81151944454925
100B,4570,0.01695026500055974,100,112,5.899612778720437
100B,4571,0.004822005999812973,100,112,20.73825706643223
100B,4572,0.019462455000393675,100,112,5.138097942832867
100B,4573,0.0060619770010816865,100,112,16.496268458649087
100B,4574,0.017404462998456438,100,112,5.745652710392085
100B,4575,0.003706770001372206,100,112,26.977665181001544
100B,4576,0.017126769000242348,100,112,5.838812913199505
100B,4577,0.004017650000605499,100,112,24.890172111788985
100B,4578,0.016656640998917283,100,112,6.003611412799268
100B,4579,0.004035146999740391,100,112,24.782244613748567
100B,4580,0.015903454999715905,100,112,6.287941834135185
100B,4581,0.0036825120005232748,100,112,27.15537654345465
100B,4582,0.01759697699890239,100,112,5.682794266665091
100B,4583,0.005031534999943688,100,112,19.874650579021946
100B,4584,0.018722483000601642,100,112,5.341171894603217
100B,4585,0.0054606949997833,100,112,18.312687305181548
100B,4586,0.016919622999921557,100,112,5.910297173906511
100B,4587,0.0046381900010601385,100,112,21.56013444407048
100B,4588,0.01865321200057224,100,112,5.361006994234142
100B,4589,0.006060828000045149,100,112,16.49939579200318
100B,4590,0.018047251000098186,100,112,5.54101009618894
100B,4591,0.005075021999800811,100,112,19.704348080446724
100B,4592,0.017700388001685496,100,112,5.649593669386097
100B,4593,0.004782437001267681,100,112,20.909841566860784
100B,4594,0.018305627001609537,100,112,5.462801137115239
100B,4595,0.005333508001058362,100,112,18.749385953889327
100B,4596,0.018423310000798665,100,112,5.427906277192585
100B,4597,0.005576248000579653,100,112,17.93320526447263
100B,4598,0.017850845999419107,100,112,5.601975391152562
100B,4599,0.005616484999336535,100,112,17.804730184770868
100B,4600,0.017484919000708032,100,112,5.71921436959191
100B,4601,0.004791425000803429,100,112,20.870617818964494
100B,4602,0.016444128999864915,100,112,6.081197733295663
100B,4603,0.00365621499986446,100,112,27.35068917000426
100B,4604,0.016709937999621616,100,112,5.98446265942246
100B,4605,0.004558425000141142,100,112,21.937401623785348
100B,4606,0.018421463999402476,100,112,5.4284502036995335
100B,4607,0.005236250999587355,100,112,19.097633021770832
100B,4608,0.01717280299999402,100,112,5.823161192732184
100B,4609,0.004592489000060596,100,112,21.774684707721793
100B,4610,0.01734329600003548,100,112,5.765916697713942
100B,4611,0.004789098999026464,100,112,20.88075440084412
100B,4612,0.017409451998901204,100,112,5.744006187346477
100B,4613,0.0041693469993333565,100,112,23.984571208870154
100B,4614,0.01670506800110161,100,112,5.986207299090643
100B,4615,0.004105736999918008,100,112,24.356163096174207
100B,4616,0.01832809699953941,100,112,5.45610381713459
100B,4617,0.005307733999870834,100,112,18.840431717647032
100B,4618,0.018147249000321608,100,112,5.510477097560505
100B,4619,0.0047207210009219125,100,112,21.18320484952848
100B,4620,0.01616557899978943,100,112,6.1859831931354
100B,4621,0.0035687340005097212,100,112,28.02114138675425
100B,4622,0.01761102799900982,100,112,5.678260235894378
100B,4623,0.004859957000007853,100,112,20.576313741014257
100B,4624,0.016770337000707514,100,112,5.962909391491725
100B,4625,0.003913591999662458,100,112,25.551973738863136
100B,4626,0.017332072000499466,100,112,5.769650622102093
100B,4627,0.004748565999761922,100,112,21.05898917799893
100B,4628,0.01683190800031298,100,112,5.941097111399406
100B,4629,0.003868394000164699,100,112,25.850520912746337
100B,4630,0.015823349000129383,100,112,6.319774657007333
100B,4631,0.0034304710006836103,100,112,29.15051606035218
100B,4632,0.018169224000303075,100,112,5.503812380668098
100B,4633,0.004975423000360024,100,112,20.098793608656784
100B,4634,0.01635909800097579,100,112,6.112806463659254
100B,4635,0.0037403379992611008,100,112,26.73555171210593
100B,4636,0.016743700000006356,100,112,5.972395587591873
100B,4637,0.00433741300003021,100,112,23.05521747624759
100B,4638,0.016671242001393693,100,112,5.998353331541834
100B,4639,0.004555612000331166,100,112,21.95094753300557
100B,4640,0.016788799001005827,100,112,5.956352208041143
100B,4641,0.004562574000374298,100,112,21.917452734311016
100B,4642,0.0185107559991593,100,112,5.402264499869248
100B,4643,0.005951888999334187,100,112,16.801388603044607
100B,4644,0.016191787999559892,100,112,6.175970189500881
100B,4645,0.0034584749992063735,100,112,28.914478208732834
100B,4646,0.0166725380004209,100,112,5.997887064193556
100B,4647,0.004315399999541114,100,112,23.17282291575142
100B,4648,0.019011890999536263,100,112,5.2598660492235725
100B,4649,0.004852514000958763,100,112,20.607874594538405
100B,4650,0.01798861799943552,100,112,5.559070741462073
100B,4651,0.0046090209998510545,100,112,21.696581552401607
100B,4652,0.016858230999787338,100,112,5.931820485866013
100B,4653,0.00405424599921389,100,112,24.665498842297627
100B,4654,0.017132560000391095,100,112,5.8368393280232045
100B,4655,0.00432361399907677,100,112,23.128799199316408
100B,4656,0.01651347699953476,100,112,6.055659871195953
100B,4657,0.004305990998545894,100,112,23.22345774382003
100B,4658,0.019196712000848493,100,112,5.209225412955094
100B,4659,0.005931349000093178,100,112,16.859571068643753
100B,4660,0.018324374001167598,100,112,5.457212344259519
100B,4661,0.005327856000803877,100,112,18.769276043667812
100B,4662,0.017451341000196408,100,112,5.730218669091077
100B,4663,0.004360152001027018,100,112,22.934980242992758
100B,4664,0.017460480999943684,100,112,5.727219084074633
100B,4665,0.004836452000745339,100,112,20.676313955889384
100B,4666,0.017669598000793485,100,112,5.659438318602909
100B,4667,0.004756395999720553,100,112,21.024321777639035
100B,4668,0.016591057001278386,100,112,6.027343525629182
100B,4669,0.004038114999275422,100,112,24.764029755948872
100B,4670,0.018828335001671803,100,112,5.3111440810417285
100B,4671,0.005799227001261897,100,112,17.24367747257354
100B,4672,0.01755755100020906,100,112,5.6955551488251
100B,4673,0.004807927000001655,100,112,20.79898467675686
100B,4674,0.01865669000108028,100,112,5.360007589460387
100B,4675,0.004697746999227093,100,112,21.28679982477829
100B,4676,0.018290128000444383,100,112,5.467430298878738
100B,4677,0.0053936399999656714,100,112,18.54035493667291
100B,4678,0.018962074998853495,100,112,5.273684446773167
100B,4679,0.005731498000386637,100,112,17.44744567532854
100B,4680,0.017666972998995334,100,112,5.660279211706878
100B,4681,0.0048007959994720295,100,112,20.829879047349138
100B,4682,0.019293458999527502,100,112,5.183103766019821
100B,4683,0.005480103000081726,100,112,18.24783220288171
100B,4684,0.019201836999855004,100,112,5.207835062903362
100B,4685,0.005860392999238684,100,112,17.063702044042245
100B,4686,0.018346172999372357,100,112,5.450728062109799
100B,4687,0.005414577000919962,100,112,18.468663384602255
100B,4688,0.01715995899940026,100,112,5.8275197512706765
100B,4689,0.003859292000925052,100,112,25.911488422236648
100B,4690,0.018651182999747107,100,112,5.361590200544164
100B,4691,0.005657113999404828,100,112,17.676857848457846
100B,4692,0.01664125299976149,100,112,6.00916289184674
100B,4693,0.00404598199929751,100,112,24.715878621645537
100B,4694,0.01745031099926564,100,112,5.730556894040931
100B,4695,0.004597338998792111,100,112,21.75171333379454
100B,4696,0.019393810998735717,100,112,5.156284136548459
100B,4697,0.005862513999090879,100,112,17.057528564623873
100B,4698,0.017423462000806467,100,112,5.739387499187668
100B,4699,0.0044414229996618815,100,112,22.515306469933815
100B,4700,0.01726129099915852,100,112,5.793309434669456
100B,4701,0.004533200999503606,100,112,22.05946747363512
100B,4702,0.019334803999299766,100,112,5.1720203630521215
100B,4703,0.00600186500014388,100,112,16.661487720500666
100B,4704,0.01647218700054509,100,112,6.070839287866926
100B,4705,0.0038374100004148204,100,112,26.059243080408425
100B,4706,0.016900716998861753,100,112,5.9169087327321614
100B,4707,0.004307021999920835,100,112,23.217898585574453
100B,4708,0.017943474998901365,100,112,5.573056501381297
100B,4709,0.004777964000822976,100,112,20.92941679401008
100B,4710,0.017025924998961273,100,112,5.873396012616104
100B,4711,0.004121849000512157,100,112,24.260956669585564
100B,4712,0.01767680000011751,100,112,5.65713251263437
100B,4713,0.004723903999547474,100,112,21.16893146210835
100B,4714,0.01595551299942599,100,112,6.267426187023729
100B,4715,0.0034954689999722177,100,112,28.60846427211765
100B,4716,0.016586829000516445,100,112,6.028879902052792
100B,4717,0.003987385000073118,100,112,25.079093189688546
100B,4718,0.01692622799964738,100,112,5.907990841319358
100B,4719,0.003599722000217298,100,112,27.779923003488456
100B,4720,0.01666833499984932,100,112,5.999399460168276
100B,4721,0.0037838749994989485,100,112,26.42793433008272
100B,4722,0.01776586700179905,100,112,5.628771170575214
100B,4723,0.004957113998898421,100,112,20.17302810107296
100B,4724,0.018813836999470368,100,112,5.315236865441915
100B,4725,0.005866645999049069,100,112,17.045514594916604
100B,4726,0.01767299799939792,100,112,5.658349534323874
100B,4727,0.00416432000019995,100,112,24.013524415798617
100B,4728,0.017250705999686033,100,112,5.7968641980113755
100B,4729,0.004814989000806236,100,112,20.76847942607049
100B,4730,0.016955918001258397,100,112,5.897645883436002
100B,4731,0.004314022999096778,100,112,23.180219489079423
100B,4732,0.01693488799901388,100,112,5.9049696700576355
100B,4733,0.004541737000181456,100,112,22.01800764685509
100B,4734,0.019142692999594146,100,112,5.223925390336675
100B,4735,0.005298205998769845,100,112,18.87431330967847
100B,4736,0.018508057999497396,100,112,5.403052011330178
100B,4737,0.004979748000550899,100,112,20.081337446982705
100B,4738,0.017920382999363937,100,112,5.580237877926458
100B,4739,0.005209459999605315,100,112,19.1958475557114
100B,4740,0.018952417000036803,100,112,5.27637187382516
100B,4741,0.005662603000018862,100,112,17.659722922420467
100B,4742,0.018748131000393187,100,112,5.333865012885967
100B,4743,0.005531736000193632,100,112,18.077507675076976
100B,4744,0.01748444000077143,100,112,5.719371051951788
100B,4745,0.004948403999151196,100,112,20.208535927372356
100B,4746,0.017890678998810472,100,112,5.589502780003423
100B,4747,0.004854278999118833,100,112,20.600381646409772
100B,4748,0.020282659999793395,100,112,4.930319790452467
100B,4749,0.0061985190004634205,100,112,16.132885934934407
100B,4750,0.018424423000396928,100,112,5.42757838320612
100B,4751,0.005187761000343016,100,112,19.276138587222498
100B,4752,0.017693409999992582,100,112,5.651821779975817
100B,4753,0.00475198599997384,100,112,21.043833041711512
100B,4754,0.018752561998553574,100,112,5.332604686640322
100B,4755,0.005434553999293712,100,112,18.400774012549373
100B,4756,0.01898291799989238,100,112,5.267894008738116
100B,4757,0.005239214000539505,100,112,19.08683248855698
100B,4758,0.017760217999239103,100,112,5.630561516997386
100B,4759,0.005064984001364792,100,112,19.743398986661038
100B,4760,0.019010555000932072,100,112,5.260235695122898
100B,4761,0.005570507999436813,100,112,17.951684121108908
100B,4762,0.018667172000277787,100,112,5.356997835478876
100B,4763,0.0054540320015803445,100,112,18.335059268266903
100B,4764,0.017176886000015656,100,112,5.821777008935662
100B,4765,0.004540322999673663,100,112,22.024864752394826
100B,4766,0.018525003999457113,100,112,5.3981094958430536
100B,4767,0.005684682999344659,100,112,17.59113041334551
100B,4768,0.01853517000017746,100,112,5.395148790059253
100B,4769,0.004664506999688456,100,112,21.438492858233257
100B,4770,0.01803927599939925,100,112,5.5434597266170895
100B,4771,0.004898951998256962,100,112,20.412529054291575
100B,4772,0.01907898399986152,100,112,5.241369246953917
100B,4773,0.005728567999540246,100,112,17.456369551347848
100B,4774,0.018513486000301782,100,112,5.4014678812175045
100B,4775,0.005084898000859539,100,112,19.6660778609711
100B,4776,0.01819912300015858,100,112,5.494770269926119
100B,4777,0.005200505000175326,100,112,19.22890180792609
100B,4778,0.018157853999582585,100,112,5.507258732353438
100B,4779,0.005126705000293441,100,112,19.50570590550387
100B,4780,0.01877914099895861,100,112,5.325057200728482
100B,4781,0.005154808999577654,100,112,19.39936087024626
100B,4782,0.018839397000192548,100,112,5.3080255168983355
100B,4783,0.0056676219992368715,100,112,17.644084240879984
100B,4784,0.01882746999945084,100,112,5.311388094253599
100B,4785,0.005188068998904782,100,112,19.274994226389495
100B,4786,0.01934110899856023,100,112,5.170334338503759
100B,4787,0.005895100999623537,100,112,16.96323778106364
100B,4788,0.018261592000271776,100,112,5.475973836153593
100B,4789,0.004681521999373217,100,112,21.36057461940549
100B,4790,0.01611818499986839,100,112,6.204172492176788
100B,4791,0.003635909000877291,100,112,27.50343861077697
100B,4792,0.01650936500118405,100,112,6.057168158365146
100B,4793,0.004089824999027769,100,112,24.450923945100815
100B,4794,0.017792534999898635,100,112,5.620334595411486
100B,4795,0.004058325999722001,100,112,24.640701611169256
100B,4796,0.01649102800001856,100,112,6.063903353986633
100B,4797,0.004096794000361115,100,112,24.40933080628058
100B,4798,0.01909362700098427,100,112,5.237349613818529
100B,4799,0.005710116000045673,100,112,17.51277907475087
100B,4800,0.020804787000088254,100,112,4.806586099611392
100B,4801,0.005970166999759385,100,112,16.749950211448066
100B,4802,0.016785998001068947,100,112,5.957346116306693
100B,4803,0.003754637000383809,100,112,26.633733165090987
100B,4804,0.01573611899948446,100,112,6.354807052696803
100B,4805,0.0033850620002340293,100,112,29.54155640076501
100B,4806,0.018479802000001655,100,112,5.411313389612673
100B,4807,0.00484900100127561,100,112,20.622804568135447
100B,4808,0.016783449000286055,100,112,5.958250893382857
100B,4809,0.0037372719998529647,100,112,26.75748513994547
100B,4810,0.01703903499947046,100,112,5.868876964165389
100B,4811,0.004119913000977249,100,112,24.27235720178554
100B,4812,0.018338695999773336,100,112,5.452950417043611
100B,4813,0.00501585299934959,100,112,19.936788421225078
100B,4814,0.018131173001165735,100,112,5.515362960442248
100B,4815,0.0046462179998343345,100,112,21.522881621905302
100B,4816,0.018425780999677954,100,112,5.427178365017353
100B,4817,0.005205845000091358,100,112,19.20917737624633
100B,4818,0.019418889000007766,100,112,5.14962519225276
100B,4819,0.005406389000199852,100,112,18.496634259263143
100B,4820,0.01909434700064594,100,112,5.237152126575322
100B,4821,0.0053929309997329256,100,112,18.542792408238174
100B,4822,0.018698627998674056,100,112,5.347985959562976
100B,4823,0.004578740999932052,100,112,21.840064769220184
100B,4824,0.019156586000462994,100,112,5.2201368238361
100B,4825,0.0052834039997833315,100,112,18.927191637077332
100B,4826,0.01953445700019074,100,112,5.119159442160258
100B,4827,0.0055041710002115,100,112,18.1680402000878
100B,4828,0.018005883999649086,100,112,5.553740099733447
100B,4829,0.0048584289997961605,100,112,20.582785094563608
100B,4830,0.018293722001544666,100,112,5.4663561625980925
100B,4831,0.005077485999208875,100,112,19.69478596604324
100B,4832,0.01960729100028402,100,112,5.100143614870175
100B,4833,0.005492909000167856,100,112,18.205289764848487
100B,4834,0.01942706400041061,100,112,5.147458205619047
100B,4835,0.005505039000126999,100,112,18.165175577810263
100B,4836,0.018844930000341265,100,112,5.3064670443556485
100B,4837,0.00538707900159352,100,112,18.562935492577626
100B,4838,0.018349694999415078,100,112,5.4496818613708635
100B,4839,0.004603290999511955,100,112,21.723588626181158
100B,4840,0.01955696799996076,100,112,5.113267046313141
100B,4841,0.005408158998761792,100,112,18.49058062510647
100B,4842,0.020071394999831682,100,112,4.982214738977465
100B,4843,0.005721980000089388,100,112,17.47646793565126
100B,4844,0.018664155999431387,100,112,5.357863489945463
100B,4845,0.005391905000578845,100,112,18.546320825249065
100B,4846,0.01725392499974987,100,112,5.795782698803299
100B,4847,0.0040142310008377535,100,112,24.91137156260574
100B,4848,0.017587315000128,100,112,5.685916241295058
100B,4849,0.004901353999230196,100,112,20.402525509421675
100B,4850,0.016604883998297737,100,112,6.022324516705542
100B,4851,0.0035100669992971234,100,112,28.48948467935928
100B,4852,0.01726350499848195,100,112,5.792566457900259
100B,4853,0.00449843000023975,100,112,22.229978013366964
100B,4854,0.0203389629987214,100,112,4.916671513994418
100B,4855,0.006152047000796301,100,112,16.254752277909503
100B,4856,0.017734727000060957,100,112,5.638654601204535
100B,4857,0.004596034999849508,100,112,21.757884786185137
100B,4858,0.01817329600089579,100,112,5.50257916863682
100B,4859,0.004209444001389784,100,112,23.75610649933439
100B,4860,0.01858646200162184,100,112,5.380260104977165
100B,4861,0.005438591999336495,100,112,18.387111960632446
100B,4862,0.019335349001266877,100,112,5.171874580254428
100B,4863,0.004636368999854312,100,112,21.568602499745445
100B,4864,0.01666624899917224,100,112,6.0001503640661245
100B,4865,0.003267124000558397,100,112,30.607959778358154
100B,4866,0.016427657001258922,100,112,6.087295345424887
100B,4867,0.004303079000237631,100,112,23.239173622998244
100B,4868,0.01939682800002629,100,112,5.155482123152531
100B,4869,0.005852291000337573,100,112,17.08732528752104
100B,4870,0.01761779799926444,100,112,5.676078247927187
100B,4871,0.004290650000257301,100,112,23.306492021955467
100B,4872,0.01764711800024088,100,112,5.6666476644308155
100B,4873,0.003906709000148112,100,112,25.5969922500521
100B,4874,0.01731893000032869,100,112,5.774028764946919
100B,4875,0.004558529999485472,100,112,21.93689632651033
100B,4876,0.015572771999359247,100,112,6.421464335579727
100B,4877,0.00400857999920845,100,112,24.94648978434917
100B,4878,0.01690096300080768,100,112,5.916822609174466
100B,4879,0.0046563229989260435,100,112,21.47617337179239
100B,4880,0.01691091199973016,100,112,5.913341634182453
100B,4881,0.0037956360010866774,100,112,26.34604581982317
100B,4882,0.01707302599970717,100,112,5.857192509500962
100B,4883,0.004122696000194992,100,112,24.255972304353822
100B,4884,0.018373693999819807,100,112,5.442563700091049
100B,4885,0.004713143998742453,100,112,21.217259652300395
100B,4886,0.017062570999769378,100,112,5.860781473164368
100B,4887,0.004189043000224046,100,112,23.871800789500515
100B,4888,0.016923991001021932,100,112,5.908771754485194
100B,4889,0.004051294999953825,100,112,24.683465410724168
100B,4890,0.01862444099970162,100,112,5.3692886675955585
100B,4891,0.004583525998896221,100,112,21.81726470496326
100B,4892,0.016514963999725296,100,112,6.0551146222094925
100B,4893,0.004005306000181008,100,112,24.966881430652435
100B,4894,0.017184054999233922,100,112,5.819348227438639
100B,4895,0.004215839000607957,100,112,23.720070900615326
100B,4896,0.01652871199985384,100,112,6.050078191264043
100B,4897,0.0038321939991874387,100,112,26.094712329595932
100B,4898,0.016853760000230977,100,112,5.9333940912075125
100B,4899,0.003835255000012694,100,112,26.073885569452102
100B,4900,0.01768284100035089,100,112,5.655199862850977
100B,4901,0.004348770000433433,100,112,22.99500778151827
100B,4902,0.01644110099914542,100,112,6.082317723441869
100B,4903,0.003923553998902207,100,112,25.487096654711404
100B,4904,0.017409776999556925,100,112,5.743898959908847
100B,4905,0.004762617001688341,100,112,20.99685949228127
100B,4906,0.01941135200104327,100,112,5.151624677901131
100B,4907,0.00515216900021187,100,112,19.409301208071348
100B,4908,0.016192490000321413,100,112,6.175702439712178
100B,4909,0.0036767500005225884,100,112,27.19793295322953
100B,4910,0.016543783000088297,100,112,6.044566711221145
100B,4911,0.004142003999731969,100,112,24.142902808995608
100B,4912,0.016214400999160716,100,112,6.167357030652946
100B,4913,0.0036470279992499854,100,112,27.419586584080267
100B,4914,0.01582547099860676,100,112,6.3189272539694885
100B,4915,0.0035825539998768363,100,112,27.913047508408212
100B,4916,0.017966420000448124,100,112,5.565939124071783
100B,4917,0.004570302000502124,100,112,21.880392146736327
100B,4918,0.015761630000270088,100,112,6.344521473875889
100B,4919,0.003194721999534522,100,112,31.301628127445895
100B,4920,0.019023132999791414,100,112,5.25675765401506
100B,4921,0.006204627001352492,100,112,16.11700429021791
100B,4922,0.02013174199964851,100,112,4.967280029802981
100B,4923,0.006296528999882867,100,112,15.881765970086104
100B,4924,0.017357306000121753,100,112,5.7612627212597705
100B,4925,0.0037495579999813344,100,112,26.669810148422243
100B,4926,0.01627057999940007,100,112,6.1460624024274
100B,4927,0.0034867390004365006,100,112,28.6800933443774
100B,4928,0.018834452999726636,100,112,5.309418861352194
100B,4929,0.005020922000767314,100,112,19.916660721819152
100B,4930,0.015301927000109572,100,112,6.535124628374186
100B,4931,0.003180542998961755,100,112,31.44117216231431
100B,4932,0.016164998000022024,100,112,6.1862055287519215
100B,4933,0.004246880000209785,100,112,23.546697809935825
100B,4934,0.015412490000016987,100,112,6.488244274603895
100B,4935,0.0032992329997796332,100,112,30.310075101297585
100B,4936,0.016456630000902805,100,112,6.076578254145231
100B,4937,0.004811327000425081,100,112,20.78428674483464
100B,4938,0.016859269000633503,100,112,5.9314552722447464
100B,4939,0.004075626000485499,100,112,24.536108069800257
100B,4940,0.016931655998632777,100,112,5.906096840620608
100B,4941,0.004110506000870373,100,112,24.32790512380365
100B,4942,0.017735265000737854,100,112,5.6384835521679335
100B,4943,0.004942966999806231,100,112,20.230764236119743
100B,4944,0.01672477900137892,100,112,5.979152250188491
100B,4945,0.004214267000861582,100,112,23.728918926958254
100B,4946,0.017370948999086977,100,112,5.7567378734032335
100B,4947,0.005773589999080286,100,112,17.320246158097415
100B,4948,0.020876877999398857,100,112,4.789988234968824
100B,4949,0.005155625000043074,100,112,19.396290459287577
100B,4950,0.016416235999713535,100,112,6.091530360659107
100B,4951,0.0034561520005809143,100,112,28.933912623979463
100B,4952,0.01736421400164545,100,112,5.758970719349802
100B,4953,0.004069832000823226,100,112,24.57103879958005
100B,4954,0.01846133499930147,100,112,5.416726363710086
100B,4955,0.004916579000564525,100,112,20.33934570938816
100B,4956,0.016373913000279572,100,112,6.107275640116848
100B,4957,0.0037975289997120854,100,112,26.332912798712435
100B,4958,0.017423047000193037,100,112,5.73952420600668
100B,4959,0.004533667999567115,100,112,22.05719519152003
100B,4960,0.01970849900135363,100,112,5.073953120079401
100B,4961,0.006172666999191279,100,112,16.20045273997474
100B,4962,0.017738996000844054,100,112,5.637297623565721
100B,4963,0.00493042299967783,100,112,20.282235420071324
100B,4964,0.01831510000010894,100,112,5.459975648476131
100B,4965,0.004972361999534769,100,112,20.11116648573783
100B,4966,0.01986864699938451,100,112,5.033055346098695
100B,4967,0.005922185000599711,100,112,16.885659598589623
100B,4968,0.01718239900037588,100,112,5.819909082416978
100B,4969,0.004645293000066886,100,112,21.5271673925757
100B,4970,0.018119645999831846,100,112,5.518871615975721
100B,4971,0.00480101099856256,100,112,20.828946242768524
100B,4972,0.019928849000280024,100,112,5.017851256667903
100B,4973,0.006282192000071518,100,112,15.91801078331601
100B,4974,0.01685829400048533,100,112,5.931798318211862
100B,4975,0.0036679110016848426,100,112,27.263475028174167
100B,4976,0.017016132000208017,100,112,5.876776226158655
100B,4977,0.004099993000636459,100,112,24.390285540603745
100B,4978,0.01819050199992489,100,112,5.497374399035986
100B,4979,0.005109297000672086,100,112,19.57216423058707
100B,4980,0.017292360000283225,100,112,5.782900656611483
100B,4981,0.004884558000412653,100,112,20.47268145685892
100B,4982,0.018690941000386374,100,112,5.350185418590366
100B,4983,0.0050853930006269366,100,112,19.66416361285584
100B,4984,0.019164338998962194,100,112,5.2180249997359835
100B,4985,0.005993121001665713,100,112,16.68579692821257
100B,4986,0.018517858999985037,100,112,5.400192322453735
100B,4987,0.005266653000944643,100,112,18.987391039824285
100B,4988,0.017990066000493243,100,112,5.558623297838832
100B,4989,0.00502646899985848,100,112,19.89468153545073
100B,4990,0.018446673999278573,100,112,5.421031455530189
100B,4991,0.00542385100015963,100,112,18.43708464650981
100B,4992,0.01793530000031751,100,112,5.575596728141134
100B,4993,0.004794267999386648,100,112,20.858241552786254
100B,4994,0.017143314000350074,100,112,5.833177879023738
100B,4995,0.00407761600035883,100,112,24.52413370734272
100B,4996,0.01944590099992638,100,112,5.142471927650901
100B,4997,0.005603913999948418,100,112,17.8446707071023
100B,4998,0.020804644998861477,100,112,4.806618906762045
100B,4999,0.007244602998980554,100,112,13.80337887584341
100B,5000,0.017148204999102745,100,112,5.831514144205318
100B,5001,0.004617635000613518,100,112,21.6561075067028
100B,5002,0.017498264000096242,100,112,5.714852627634946
100B,5003,0.004580220000207191,100,112,21.833012387063587
100B,5004,0.01891003300079319,100,112,5.28819806902534
100B,5005,0.005243456998869078,100,112,19.07138744945715
100B,5006,0.017752346999259316,100,112,5.633057984061055
100B,5007,0.004611636000845465,100,112,21.684278633800826
100B,5008,0.01652110099894344,100,112,6.052865363294808
100B,5009,0.003855064000163111,100,112,25.93990657373494
100B,5010,0.017616904000533395,100,112,5.676366289841408
100B,5011,0.004303810999772395,100,112,23.235221064607263
100B,5012,0.015751442999317078,100,112,6.348624694533422
100B,5013,0.0030951919998187805,100,112,32.30817345284392
100B,5014,0.01662699999906181,100,112,6.014314067819966
100B,5015,0.0041980009991675615,100,112,23.820861409949497
100B,5016,0.01776478300052986,100,112,5.629114636357638
100B,5017,0.0039033890006976435,100,112,25.618763587776478
100B,5018,0.017054453999662655,100,112,5.863570888987595
100B,5019,0.004679761999796028,100,112,21.368608062623395
100B,5020,0.01822818000073312,100,112,5.486011219769505
100B,5021,0.005459981999592856,100,112,18.31507869576436
100B,5022,0.01825254799950926,100,112,5.478687140156465
100B,5023,0.005744522000895813,100,112,17.407888765054043
100B,5024,0.01963603300100658,100,112,5.092678342660853
100B,5025,0.0052377659994817805,100,112,19.092109118638348
100B,5026,0.01762370100004773,100,112,5.674177064155206
100B,5027,0.004211616000247886,100,112,23.743855088905118
100B,5028,0.01768232999893371,100,112,5.65536329239587
100B,5029,0.00476260200048273,100,112,20.996925628021017
100B,5030,0.016099936001410242,100,112,6.211204814183156
100B,5031,0.0037384569986897986,100,112,26.749003675860546
100B,5032,0.01660742500098422,100,112,6.021403076881191
100B,5033,0.004355776000011247,100,112,22.958021716392626
100B,5034,0.015597941001033178,100,112,6.411102593180484
100B,5035,0.003535724999892409,100,112,28.282742578408378
100B,5036,0.016208709001148236,100,112,6.169522815969855
100B,5037,0.0037117949996172683,100,112,26.94114303465338
100B,5038,0.017475249000199256,100,112,5.722379120255155
100B,5039,0.004039774999910151,100,112,24.75385386617426
100B,5040,0.014702109001518693,100,112,6.8017452455066305
100B,5041,0.002751186999375932,100,112,36.347947276097045
100B,5042,0.017111813000155962,100,112,5.84391612969874
100B,5043,0.004365265000160434,100,112,22.908116688522863
100B,5044,0.017566593998708413,100,112,5.6926231691443725
100B,5045,0.0046018729990464635,100,112,21.730282435156425
100B,5046,0.01824553299957188,100,112,5.48079357299929
100B,5047,0.005466807999255252,100,112,18.29221000876985
100B,5048,0.01881704900006298,100,112,5.3143295741890935
100B,5049,0.0051334219988348195,100,112,19.480183009052816
100B,5050,0.016318304000378703,100,112,6.128087820748975
100B,5051,0.003949846000978141,100,112,25.317442749726435
100B,5052,0.016456670999104972,100,112,6.076563115677447
100B,5053,0.004041705999043188,100,112,24.742027258705477
100B,5054,0.0176759599999059,100,112,5.657401351922745
100B,5055,0.004129197001020657,100,112,24.21778374228257
100B,5056,0.015312325000195415,100,112,6.530686881236116
100B,5057,0.0033948899999813875,100,112,29.45603539453362
100B,5058,0.01619764200040663,100,112,6.173738127900935
100B,5059,0.003952971999751753,100,112,25.297421789549738
100B,5060,0.015996902000551927,100,112,6.251210390396203
100B,5061,0.00367519999963406,100,112,27.20940357258299
100B,5062,0.01811944799919729,100,112,5.5189319235569485
100B,5063,0.005438362999484525,100,112,18.387886209412372
100B,5064,0.02116084299996146,100,112,4.725709651556988
100B,5065,0.006838917001005029,100,112,14.622198220172033
100B,5066,0.018260073999044835,100,112,5.476429066236582
100B,5067,0.004910657000436913,100,112,20.363873915670094
100B,5068,0.015672157998778857,100,112,6.3807422058782075
100B,5069,0.0032102950008265907,100,112,31.14978529208433
100B,5070,0.01736011499997403,100,112,5.760330504731656
100B,5071,0.004886729000645573,100,112,20.46358617119739
100B,5072,0.015397193001263076,100,112,6.4946902978872005
100B,5073,0.0032765979995019734,100,112,30.519459517218625
100B,5074,0.016643607001242344,100,112,6.008312981226702
100B,5075,0.004325866999352002,100,112,23.116753246223155
100B,5076,0.015211648000331479,100,112,6.573909677493253
100B,5077,0.0031358859996544197,100,112,31.888914332670314
100B,5078,0.01543371399930038,100,112,6.479321827820126
100B,5079,0.003480803999991622,100,112,28.728994795524454
100B,5080,0.01565696699981345,100,112,6.386933050391655
100B,5081,0.003380555001058383,100,112,29.580941581690592
100B,5082,0.018244909999339143,100,112,5.480980723041229
100B,5083,0.004433656999026425,100,112,22.55474431647706
100B,5084,0.017805101999329054,100,112,5.616367713241311
100B,5085,0.0043012569985876326,100,112,23.249017678514946
100B,5086,0.01662922899959085,100,112,6.01350790240849
100B,5087,0.003998566000518622,100,112,25.008965710964834
100B,5088,0.016401798999140738,100,112,6.096892176598361
100B,5089,0.0036348610010463744,100,112,27.511368377281226
100B,5090,0.0177187489989592,100,112,5.643739295921739
100B,5091,0.004810806000023149,100,112,20.786537640370202
100B,5092,0.015517294999881415,100,112,6.444422175434843
100B,5093,0.0032907129989325767,100,112,30.388551062471095
100B,5094,0.016667746000166517,100,112,5.9996114651015775
100B,5095,0.00403104299948609,100,112,24.807475388565397
100B,5096,0.01833052500114718,100,112,5.455381119402838
100B,5097,0.004785338000147021,100,112,20.89716546603974
100B,5098,0.015773207998790895,100,112,6.3398644085379185
100B,5099,0.0037553419988398673,100,112,26.628733156898324
100B,5100,0.020018123999761883,100,112,4.99547310233414
100B,5101,0.0064271659994119545,100,112,15.558957090753433
100B,5102,0.01617425699987507,100,112,6.1826642176374715
100B,5103,0.0035486260003381176,100,112,28.179920901912986
100B,5104,0.016715458001272054,100,112,5.9824863902855645
100B,5105,0.00418545700085815,100,112,23.892253576968262
100B,5106,0.019117633999485406,100,112,5.230772803930221
100B,5107,0.005270278999887523,100,112,18.974327545493164
100B,5108,0.01780908399996406,100,112,5.615111928283444
100B,5109,0.004257437998603564,100,112,23.488304476260115
100B,5110,0.017033019999871613,100,112,5.8709494852206925
100B,5111,0.003757983000468812,100,112,26.61001925435131
100B,5112,0.018373031000010087,100,112,5.442760097664076
100B,5113,0.005492574999152566,100,112,18.206396820330852
100B,5114,0.015128148001167574,100,112,6.610194452902108
100B,5115,0.002889979001338361,100,112,34.60232754414118
100B,5116,0.016659704999256064,100,112,6.002507247545229
100B,5117,0.004525960999671952,100,112,22.094755126535148
100B,5118,0.015159192998908111,100,112,6.59665722358722
100B,5119,0.003093686000283924,100,112,32.32390100056129
100B,5120,0.015994018000128563,100,112,6.25233759266722
100B,5121,0.0037394099999801256,100,112,26.7421866017718
100B,5122,0.017042476998540224,100,112,5.867691651193986
100B,5123,0.004292969000744051,100,112,23.293902188128577
100B,5124,0.01740725600029691,100,112,5.744730817901129
100B,5125,0.003921051998986513,100,112,25.50335981921365
100B,5126,0.018584266001198557,100,112,5.380895860700159
100B,5127,0.005055126999650383,100,112,19.781896677752325
100B,5128,0.017813603999456973,100,112,5.61368715746956
100B,5129,0.004513341998972464,100,112,22.15653057596048
100B,5130,0.01614492400040035,100,112,6.193897227235029
100B,5131,0.003535891999490559,100,112,28.28140678912357
100B,5132,0.017966579000130878,100,112,5.565889866917433
100B,5133,0.0051300859995535575,100,112,19.49285060887916
100B,5134,0.016087022000647266,100,112,6.216190914389031
100B,5135,0.003631491999840364,100,112,27.536891174315098
100B,5136,0.015822354000192718,100,112,6.320172080512292
100B,5137,0.0035656180007208604,100,112,28.045629111077805
100B,5138,0.01576158300122188,100,112,6.344540392436961
100B,5139,0.0027436829986982048,100,112,36.447359278548944
100B,5140,0.015508958000282291,100,112,6.447886440738302
100B,5141,0.003274775001045782,100,112,30.536449059268353
100B,5142,0.01851006399920152,100,112,5.40246646388223
100B,5143,0.00521285500144586,100,112,19.183345781201197
100B,5144,0.01825288699910743,100,112,5.478585387883572
100B,5145,0.005165455000678776,100,112,19.35937879370923
100B,5146,0.01963999200052058,100,112,5.091651768358632
100B,5147,0.005326078999132733,100,112,18.775538255494034
100B,5148,0.018693841000640532,100,112,5.349355437257306
100B,5149,0.005099868998513557,100,112,19.60834680834874
100B,5150,0.019667635000587325,100,112,5.084495415794209
100B,5151,0.0057443559999228455,100,112,17.408391819960865
100B,5152,0.01692611299949931,100,112,5.908030981652911
100B,5153,0.004499267999563017,100,112,22.22583762730122
100B,5154,0.01739425800042227,100,112,5.749023614434853
100B,5155,0.004471630998523324,100,112,22.363204842488837
100B,5156,0.01673978500002704,100,112,5.973792375459928
100B,5157,0.0037897000001976267,100,112,26.3873129785432
100B,5158,0.01603577000059886,100,112,6.236058511456917
100B,5159,0.0033428010010538856,100,112,29.91503232423138
100B,5160,0.017429954999897745,100,112,5.737249465106861
100B,5161,0.00445820800086949,100,112,22.43053710829483
100B,5162,0.016752838000684278,100,112,5.969137885528138
100B,5163,0.0038633970016235253,100,112,25.883956517535406
100B,5164,0.016472778999741422,100,112,6.070621113873362
100B,5165,0.0038474680004583206,100,112,25.99111935124288
100B,5166,0.017786952999813366,100,112,5.622098399936699
100B,5167,0.004092719000254874,100,112,24.433634460067378
100B,5168,0.017465206001361366,100,112,5.72566965383662
100B,5169,0.0038604010005656164,100,112,25.904044679645523
100B,5170,0.019676854000863386,100,112,5.082113227836735
100B,5171,0.006399371000952669,100,112,15.626535793144837
100B,5172,0.01795847299945308,100,112,5.56840216888404
100B,5173,0.0046279340003820835,100,112,21.607914026376342
100B,5174,0.017324428001302294,100,112,5.772196345673455
100B,5175,0.004645936000088113,100,112,21.524188021122857
100B,5176,0.018850018001103308,100,112,5.30503472167225
100B,5177,0.004793060001247795,100,112,20.86349846944679
100B,5178,0.019223986000724835,100,112,5.201834832600769
100B,5179,0.004285551000066334,100,112,23.334222366844344
100B,5180,0.019494158999805222,100,112,5.129741683188239
100B,5181,0.005314948000886943,100,112,18.81485952135605
100B,5182,0.017491938000603113,100,112,5.716919417193912
100B,5183,0.0038319449995469768,100,112,26.096407963011544
100B,5184,0.016673727001034422,100,112,5.997459355895421
100B,5185,0.004052944001159631,100,112,24.67342257168812
100B,5186,0.019359366999196936,100,112,5.165458147683661
100B,5187,0.005297833000440733,100,112,18.87564217137099
100B,5188,0.016409660000135773,100,112,6.093971477725474
100B,5189,0.0038359299996955087,100,112,26.06929740843495
100B,5190,0.01660504800020135,100,112,6.022265036438764
100B,5191,0.004116050000448013,100,112,24.295137325619336
100B,5192,0.015946970001095906,100,112,6.270783728390271
100B,5193,0.0032562180003878893,100,112,30.710474540736442
100B,5194,0.015926391000903095,100,112,6.278886409000606
100B,5195,0.003448609000770375,100,112,28.99719857416752
100B,5196,0.018102920999808703,100,112,5.52397041345188
100B,5197,0.004579479998938041,100,112,21.836540398296208
100B,5198,0.01609177099999215,100,112,6.214356393715072
100B,5199,0.0035335709999344544,100,112,28.299983218634896
100B,5200,0.017484658999819658,100,112,5.719299415620942
100B,5201,0.004945339998812415,100,112,20.221056595504905
100B,5202,0.016701904000001377,100,112,5.987341323479752
100B,5203,0.003637298001194722,100,112,27.492935681143965
100B,5204,0.016140931000336423,100,112,6.195429495232693
100B,5205,0.0035962630008725682,100,112,27.806642610881575
100B,5206,0.01777726900036214,100,112,5.625160984961353
100B,5207,0.005098257001009188,100,112,19.614546693155177
100B,5208,0.017821333998654154,100,112,5.61125222205879
100B,5209,0.004875237000305788,100,112,20.511823321353965
100B,5210,0.01787587199942209,100,112,5.594132694798493
100B,5211,0.0038648580011795275,100,112,25.87417182454846
100B,5212,0.01823513199997251,100,112,5.483919721565534
100B,5213,0.004645381999580422,100,112,21.526754959878897
100B,5214,0.01639916699969035,100,112,6.097870702938033
100B,5215,0.003747040000234847,100,112,26.687732181597333
100B,5216,0.017799544000808964,100,112,5.618121452743685
100B,5217,0.005052848000559607,100,112,19.79081895772937
100B,5218,0.020177353999315528,100,112,4.956051224724128
100B,5219,0.006108165000114241,100,112,16.37152892859471
100B,5220,0.01698196600045776,100,112,5.88859970614147
100B,5221,0.0037246789997880114,100,112,26.84795119410061
100B,5222,0.01725043300029938,100,112,5.796955937179344
100B,5223,0.003971516998717561,100,112,25.17929547633584
100B,5224,0.017701779999697465,100,112,5.649149407670249
100B,5225,0.005049785000664997,100,112,19.802823285908445
100B,5226,0.016093305999675067,100,112,6.2137636606188345
100B,5227,0.0035966320010629715,100,112,27.803789759543196
100B,5228,0.017565034999279305,100,112,5.693128422693323
100B,5229,0.004982880000170553,100,112,20.068715280435654
100B,5230,0.01880996799991408,100,112,5.316330150080892
100B,5231,0.005060151999714435,100,112,19.762252202234915
100B,5232,0.01837611500013736,100,112,5.441846657971639
100B,5233,0.0050763930012180936,100,112,19.699026449686762
100B,5234,0.01692817399998603,100,112,5.907311680520446
100B,5235,0.004671042999689234,100,112,21.408494849362985
100B,5236,0.01899303300160682,100,112,5.265088519118561
100B,5237,0.004787813000802998,100,112,20.886362935066238
100B,5238,0.019361231001312262,100,112,5.16496084330703
100B,5239,0.005633449000015389,100,112,17.751114814339637
100B,5240,0.01822706900020421,100,112,5.486345610414907
100B,5241,0.0041984199997386895,100,112,23.818484097880635
100B,5242,0.018507189999581897,100,112,5.40330541817851
100B,5243,0.005629176999718766,100,112,17.76458619172856
100B,5244,0.021156623000933905,100,112,4.726652263718353
100B,5245,0.008169885000825161,100,112,12.240074369455623
100B,5246,0.017547830000694375,100,112,5.698710324640879
100B,5247,0.004385094000099343,100,112,22.80452824904883
100B,5248,0.018049994001557934,100,112,5.540168046115073
100B,5249,0.005125121999299154,100,112,19.511730650250808
100B,5250,0.02045617499970831,100,112,4.888499438503334
100B,5251,0.006861473999379086,100,112,14.574127951085915
100B,5252,0.019340439001098275,100,112,5.17051345082298
100B,5253,0.005363367999962065,100,112,18.645000678809897
100B,5254,0.017253522999453708,100,112,5.7959177382593845
100B,5255,0.004218637999656494,100,112,23.70433301177835
100B,5256,0.01736606399936136,100,112,5.758357219210843
100B,5257,0.004452707000382361,100,112,22.458248429868135
100B,5258,0.018750871999145602,100,112,5.333085309555555
100B,5259,0.005395917998612276,100,112,18.53252774147384
100B,5260,0.01880535999953281,100,112,5.317632845235844
100B,5261,0.004946660999848973,100,112,20.21565658189496
100B,5262,0.01866976800010889,100,112,5.356252953942265
100B,5263,0.005161348999536131,100,112,19.374779734714192
100B,5264,0.01918089399987366,100,112,5.2135213301662935
100B,5265,0.005472694998388761,100,112,18.27253300785836
100B,5266,0.018737914999292116,100,112,5.336773061665495
100B,5267,0.005279775999952108,100,112,18.940197463094474
100B,5268,0.018422107999867876,100,112,5.428260435815337
100B,5269,0.004894270001386758,100,112,20.432056255920838
100B,5270,0.01811312099925999,100,112,5.520859712916702
100B,5271,0.004449382999155205,100,112,22.475026316904344
100B,5272,0.01851904300019669,100,112,5.3998470654740585
100B,5273,0.005158468000445282,100,112,19.385600529336994
100B,5274,0.017019394999806536,100,112,5.875649516398011
100B,5275,0.003973863000283018,100,112,25.164430679386285
100B,5276,0.017216558000654913,100,112,5.8083619267100906
100B,5277,0.004729542999484693,100,112,21.1436918981169
100B,5278,0.018139690999305458,100,112,5.512773067844918
100B,5279,0.005081609000626486,100,112,19.67880645434773
100B,5280,0.01804025300043577,100,112,5.543159510988258
100B,5281,0.004846977000852348,100,112,20.631416237876692
100B,5282,0.017973306001294986,100,112,5.563806680462401
100B,5283,0.004724528998849564,100,112,21.16613106287426
100B,5284,0.019277395998869906,100,112,5.1874226169272175
100B,5285,0.006021699999109842,100,112,16.6066061103646
100B,5286,0.016324468999300734,100,112,6.125773524656976
100B,5287,0.00344563399994513,100,112,29.022235095657997
100B,5288,0.016085044999272213,100,112,6.216954941967811
100B,5289,0.0036261770001146942,100,112,27.577252846961702
100B,5290,0.018758084001092357,100,112,5.331034875106466
100B,5291,0.005907529999603867,100,112,16.92754840122785
100B,5292,0.016522807998626377,100,112,6.052240031374419
100B,5293,0.003726441000253544,100,112,26.835256480163267
100B,5294,0.017239713000890333,100,112,5.800560600680276
100B,5295,0.004486175999772968,100,112,22.29069925144727
100B,5296,0.019251511999755166,100,112,5.194397198582208
100B,5297,0.006599722999453661,100,112,15.15215108395886
100B,5298,0.018767215000480064,100,112,5.328441113795628
100B,5299,0.0048922329988272395,100,112,20.44056364935437
100B,5300,0.017750360999343684,100,112,5.633688238999617
100B,5301,0.004632520000086515,100,112,21.586523101493885
100B,5302,0.01884405900091224,100,112,5.306712316871806
100B,5303,0.005893305000427063,100,112,16.96840736950717
100B,5304,0.018639734998942004,100,112,5.364883138396336
100B,5305,0.004120669000258204,100,112,24.267904069395996
100B,5306,0.01817384000059974,100,112,5.502414459283233
100B,5307,0.005072976000519702,100,112,19.71229510838519
100B,5308,0.018441257998347282,100,112,5.422623554692531
100B,5309,0.005225012999289902,100,112,19.138708365623277
100B,5310,0.01754236899978423,100,112,5.700484353124141
100B,5311,0.004709632999947644,100,112,21.233076972475708
100B,5312,0.01778424399890355,100,112,5.6229547911154
100B,5313,0.005103721001432859,100,112,19.593547525800332
100B,5314,0.01872719200036954,100,112,5.339828843428674
100B,5315,0.004736676000902662,100,112,21.111851429344785
100B,5316,0.017977412999243825,100,112,5.562535610891636
100B,5317,0.0054098999989946606,100,112,18.484630033565004
100B,5318,0.017130444999565952,100,112,5.837559970131178
100B,5319,0.004540464000456268,100,112,22.024180786358194
100B,5320,0.018592681000882294,100,112,5.378460481049215
100B,5321,0.005136421001225244,100,112,19.46880911361159
100B,5322,0.017853071998615633,100,112,5.601276912329387
100B,5323,0.0046909649990993785,100,112,21.31757538570402
100B,5324,0.01791056500042032,100,112,5.583296785872095
100B,5325,0.005132837999553885,100,112,19.48239940724632
100B,5326,0.019263664000391145,100,112,5.191120443025248
100B,5327,0.0057649869995657355,100,112,17.34609288928714
100B,5328,0.017445531999328523,100,112,5.732126713238037
100B,5329,0.004014876998553518,100,112,24.9073632980607
100B,5330,0.017664285998762352,100,112,5.661140224235867
100B,5331,0.004024801999548799,100,112,24.84594273487503
100B,5332,0.018032072001005872,100,112,5.545674395844347
100B,5333,0.005087487001219415,100,112,19.656069878120785
100B,5334,0.017906717999721877,100,112,5.584496276847224
100B,5335,0.004671335000239196,100,112,21.407156625435658
100B,5336,0.01697119699929317,100,112,5.892336292140435
100B,5337,0.003995661001681583,100,112,25.02714818847614
100B,5338,0.018193973999586888,100,112,5.4963253219044175
100B,5339,0.004464526000447222,100,112,22.398794405046083
100B,5340,0.016713361999791232,100,112,5.98323664629828
100B,5341,0.004494939999858616,100,112,22.247238006101394
100B,5342,0.017723696000757627,100,112,5.642164026945923
100B,5343,0.004706794999947306,100,112,21.245879627457654
100B,5344,0.01816325199979474,100,112,5.505622010922389
100B,5345,0.005040009000367718,100,112,19.841234409046496
100B,5346,0.01746056499905535,100,112,5.7271915316262785
100B,5347,0.004936446999636246,100,112,20.25748478761521
100B,5348,0.017816916000811034,100,112,5.612643624488546
100B,5349,0.0044341209995764075,100,112,22.552384116164855
100B,5350,0.017783719000362908,100,112,5.623120788062347
100B,5351,0.0048855000004550675,100,112,20.468734006894962
100B,5352,0.018024936000074376,100,112,5.547869906422268
100B,5353,0.004763288001413457,100,112,20.993901685206946
100B,5354,0.017220358000486158,100,112,5.807080201072292
100B,5355,0.004151949999140925,100,112,24.085068466790513
100B,5356,0.01913661199978378,100,112,5.22558538581071
100B,5357,0.006219958000656334,100,112,16.077278976714624
100B,5358,0.020797778000996914,100,112,4.80820595330937
100B,5359,0.007855960000597406,100,112,12.729189047856087
100B,5360,0.016915260001042043,100,112,5.9118216328829485
100B,5361,0.004208726999422652,100,112,23.760153607900413
100B,5362,0.018319934000828653,100,112,5.458534948623547
100B,5363,0.004861817000346491,100,112,20.56844179714564
100B,5364,0.01906435999990208,100,112,5.245389826908095
100B,5365,0.006090871998821967,100,112,16.41801042926874
100B,5366,0.016970068998489296,100,112,5.892727955844031
100B,5367,0.0035268409992568195,100,112,28.353985910074236
100B,5368,0.01683127400065132,100,112,5.9413209003745235
100B,5369,0.004084590998900239,100,112,24.482255390300917
100B,5370,0.017750291000993457,100,112,5.633710455473837
100B,5371,0.0044598019994737115,100,112,22.42252010555642
100B,5372,0.017302789001405472,100,112,5.779415098448995
100B,5373,0.004412809999848832,100,112,22.661297450700495
100B,5374,0.017510214000139968,100,112,5.710952476034882
100B,5375,0.004441457998836995,100,112,22.515129046854703
100B,5376,0.017293618999246974,100,112,5.782479653585195
100B,5377,0.004575106000629603,100,112,21.857417071044583
100B,5378,0.01722680999955628,100,112,5.804905261193206
100B,5379,0.004279873999621486,100,112,23.36517383662324
100B,5380,0.01745827000013378,100,112,5.727944406818872
100B,5381,0.0040687809996597935,100,112,24.57738571045269
100B,5382,0.018117628000254626,100,112,5.519486325615836
100B,5383,0.004684474000896444,100,112,21.347113887463887
100B,5384,0.018531875000917353,100,112,5.396108056796728
100B,5385,0.00490897099916765,100,112,20.370867951135928
100B,5386,0.017512125999928685,100,112,5.7103289458063085
100B,5387,0.004596642998876632,100,112,21.75500686575809
100B,5388,0.01940432799892733,100,112,5.153489469232225
100B,5389,0.0059308270010660635,100,112,16.861054956083702
100B,5390,0.018885552000938333,100,112,5.29505306464071
100B,5391,0.004839485000047716,100,112,20.66335570809994
100B,5392,0.01754285599963623,100,112,5.700326104373974
100B,5393,0.004164744001172949,100,112,24.011079665841702
100B,5394,0.017782242000976112,100,112,5.623587846488128
100B,5395,0.004604707000908093,100,112,21.71690836795458
100B,5396,0.016826764000143157,100,112,5.942913325411186
100B,5397,0.0035831919994961936,100,112,27.908077494608236
100B,5398,0.016971213999568135,100,112,5.892330389714294
100B,5399,0.0037802560000272933,100,112,26.453234913000074
100B,5400,0.018646889000592637,100,112,5.362824865682517
100B,5401,0.005371396000555251,100,112,18.61713416580398
100B,5402,0.018855678999898373,100,112,5.30344200283315
100B,5403,0.004869075999522465,100,112,20.537777600885157
100B,5404,0.017791881000448484,100,112,5.620541189404273
100B,5405,0.004955976000928786,100,112,20.177660259302968
100B,5406,0.018745960000160267,100,112,5.334482736501362
100B,5407,0.005013013000279898,100,112,19.94808311776103
100B,5408,0.018572130999018555,100,112,5.384411729880891
100B,5409,0.004939955000736518,100,112,20.243099377441816
100B,5410,0.01601145600034215,100,112,6.245528201674045
100B,5411,0.0035750519982684636,100,112,27.971621125632264
100B,5412,0.01823599999988801,100,112,5.48365869711637
100B,5413,0.0052449319991865195,100,112,19.06602411918969
100B,5414,0.017638860999795725,100,112,5.669300302392433
100B,5415,0.005185821999475593,100,112,19.283346017297223
100B,5416,0.01822576599988679,100,112,5.486737841395591
100B,5417,0.0042145129991695285,100,112,23.72753388581434
100B,5418,0.018129441999917617,100,112,5.515889567944475
100B,5419,0.004884767000476131,100,112,20.471805510938953
100B,5420,0.019362868999451166,100,112,5.16452391444855
100B,5421,0.004742176999570802,100,112,21.087361355143567
100B,5422,0.01725554299991927,100,112,5.79523924575818
100B,5423,0.004089170999577618,100,112,24.454834490983448
100B,5424,0.01806720199965639,100,112,5.5348913463137155
100B,5425,0.004456844999367604,100,112,22.437396861275033
100B,5426,0.01877775200046017,100,112,5.3254510975301725
100B,5427,0.005617261998850154,100,112,17.802267371625156
100B,5428,0.018143359999157838,100,112,5.5116582598064365
100B,5429,0.004636331999790855,100,112,21.5687746271214
100B,5430,0.019776356999500422,100,112,5.0565430226874515
100B,5431,0.006133652001153678,100,112,16.30350074982914
100B,5432,0.018651229000170133,100,112,5.361576976996413
100B,5433,0.005679109000993776,100,112,17.60839596184916
100B,5434,0.023707715999989887,100,112,4.218036018317524
100B,5435,0.006054593999579083,100,112,16.51638408899953
100B,5436,0.021224354999503703,100,112,4.7115683846382295
100B,5437,0.007434490000377991,100,112,13.450821777272646
100B,5438,0.021083722000184935,100,112,4.742995567818759
100B,5439,0.0058659120004449505,100,112,17.04764749154345
100B,5440,0.019085796000581468,100,112,5.239498525340698
100B,5441,0.00526369799990789,100,112,18.99805042039834
100B,5442,0.020259900999008096,100,112,4.9358582751660975
100B,5443,0.0069042470004205825,100,112,14.483838714621355
100B,5444,0.01983497200126294,100,112,5.041600260067559
100B,5445,0.005945303999396856,100,112,16.819997768010666
100B,5446,0.020416287999978522,100,112,4.8980500275126015
100B,5447,0.00587781600006565,100,112,17.01312188045408
100B,5448,0.021035031000792515,100,112,4.753974453198211
100B,5449,0.006036887001755531,100,112,16.564828854825333
100B,5450,0.01939230499920086,100,112,5.156684571747449
100B,5451,0.006381991001035203,100,112,15.669091351551467
100B,5452,0.01861437399929855,100,112,5.37219247898255
100B,5453,0.004849007000302663,100,112,20.62277905430086
100B,5454,0.019347061999724247,100,112,5.168743450629625
100B,5455,0.005736896999223973,100,112,17.4310258687801
100B,5456,0.019855906000884715,100,112,5.036284921752969
100B,5457,0.0061066079997544875,100,112,16.375703173352612
100B,5458,0.019534520999513916,100,112,5.119142670684801
100B,5459,0.00934985899948515,100,112,10.695348454506801
100B,5460,0.023692086000664858,100,112,4.22081871546447
100B,5461,0.007968940000864677,100,112,12.54872040561849
100B,5462,0.018275209000421455,100,112,5.471893645522404
100B,5463,0.005447367000670056,100,112,18.357492709358382
100B,5464,0.019390950999877532,100,112,5.157044644207062
100B,5465,0.006764777999705984,100,112,14.782451102511608
100B,5466,0.020256772000720957,100,112,4.936620701286508
100B,5467,0.006127138000010746,100,112,16.32083364204048
100B,5468,0.01956315499955963,100,112,5.11164993592552
100B,5469,0.00527404700005718,100,112,18.960771490833476
100B,5470,0.01592088699908345,100,112,6.281057079656234
100B,5471,0.003948268000385724,100,112,25.3275613484775
100B,5472,0.019912936999389785,100,112,5.0218609139909605
100B,5473,0.006280088999119471,100,112,15.923341216027506
100B,5474,0.02123429699895496,100,112,4.7093624057778545
100B,5475,0.006548485000166693,100,112,15.27070765183924
100B,5476,0.01949819499895966,100,112,5.128679860127338
100B,5477,0.005422755999461515,100,112,18.440807591182434
100B,5478,0.0183927380003297,100,112,5.436928422413642
100B,5479,0.00518612599989865,100,112,19.282215665788733
100B,5480,0.02081885499865166,100,112,4.803338128176431
100B,5481,0.006525614000565838,100,112,15.324228492725585
100B,5482,0.021239199000774533,100,112,4.708275486111943
100B,5483,0.006548100998770678,100,112,15.271603174534679
100B,5484,0.021873466001125053,100,112,4.571749168369409
100B,5485,0.006350814999677823,100,112,15.746010552200467
100B,5486,0.019215850999898976,100,112,5.204037021338568
100B,5487,0.004827846998523455,100,112,20.713166765762033
100B,5488,0.019480619001114974,100,112,5.133307108684611
100B,5489,0.005681394000930595,100,112,17.601314040818206
100B,5490,0.019264812999608694,100,112,5.190810832268717
100B,5491,0.005372903999159462,100,112,18.611908944519392
100B,5492,0.01988506000088819,100,112,5.028901094365991
100B,5493,0.006497807999039651,100,112,15.389805302769732
100B,5494,0.022371786000803695,100,112,4.469915812551021
100B,5495,0.00952117699853261,100,112,10.502903161595658
100B,5496,0.017767785000614822,100,112,5.628163555363805
100B,5497,0.003943124000215903,100,112,25.3606024042167
100B,5498,0.01744667499951902,100,112,5.7317511791075875
100B,5499,0.005077501999039669,100,112,19.69472390536005
100B,5500,0.02192432599986205,100,112,4.561143635641489
100B,5501,0.008060276000833255,100,112,12.406523050781662
100B,5502,0.019859471000017948,100,112,5.035380851781482
100B,5503,0.005414165998445242,100,112,18.470065385641387
100B,5504,0.02024714399885852,100,112,4.938968182655181
100B,5505,0.004753387000164366,100,112,21.03763064032912
100B,5506,0.019200906001060503,100,112,5.208087576413155
100B,5507,0.005401126998549444,100,112,18.514654446536166
100B,5508,0.02076577899970289,100,112,4.815615152286402
100B,5509,0.005206599000302958,100,112,19.2063955749581
100B,5510,0.019958488001066144,100,112,5.0103995851117675
100B,5511,0.006081049999920651,100,112,16.444528494471324
100B,5512,0.01920238899947435,100,112,5.207685356376095
100B,5513,0.005694747998859384,100,112,17.560039534678136
100B,5514,0.01840106300005573,100,112,5.434468649974034
100B,5515,0.004719143998954678,100,112,21.190283666306996
100B,5516,0.01970596099999966,100,112,5.074606612689516
100B,5517,0.006533420000778278,100,112,15.305919409449835
100B,5518,0.02199681199999759,100,112,4.546113318603212
100B,5519,0.007705637000981369,100,112,12.977512435021826
100B,5520,0.018513188000724767,100,112,5.4015548265423075
100B,5521,0.005213355998421321,100,112,19.181502285721795
100B,5522,0.017706345999613404,100,112,5.647692640942596
100B,5523,0.004822307999347686,100,112,20.736958322348347
100B,5524,0.01996471200072847,100,112,5.008837592866414
100B,5525,0.00575977900007274,100,112,17.361777248525872
100B,5526,0.0213276609993045,100,112,4.68874669394178
100B,5527,0.006362283000271418,100,112,15.71762840410179
100B,5528,0.023200955998618156,100,112,4.310167219228207
100B,5529,0.009577664000971708,100,112,10.44095929757553
100B,5530,0.01830766499915626,100,112,5.462193021590065
100B,5531,0.005534472998988349,100,112,18.068567688066974
100B,5532,0.018849191999834147,100,112,5.305267196645877
100B,5533,0.005051055999501841,100,112,19.79784029515065
100B,5534,0.018754943999738316,100,112,5.331927410788072
100B,5535,0.0053306280005926965,100,112,18.759515762285663
100B,5536,0.01863304399921617,100,112,5.366809631545262
100B,5537,0.0054095969990157755,100,112,18.48566538657021
100B,5538,0.018714463998549036,100,112,5.343460545156579
100B,5539,0.005429492000985192,100,112,18.417929335167045
100B,5540,0.01878611699976318,100,112,5.323079804158603
100B,5541,0.005056804000560078,100,112,19.775336356505864
100B,5542,0.020061544000782305,100,112,4.9846612003592785
100B,5543,0.006059485000150744,100,112,16.503052651753784
100B,5544,0.019401424999159644,100,112,5.154260576443813
100B,5545,0.006311352000921033,100,112,15.844465652590241
100B,5546,0.018471364999641082,100,112,5.41378506688288
100B,5547,0.005144102000485873,100,112,19.43973894579749
100B,5548,0.02109671200014418,100,112,4.740075135846599
100B,5549,0.006960427999729291,100,112,14.366932608725968
100B,5550,0.020349058000647346,100,112,4.9142323933038465
100B,5551,0.006504920000224956,100,112,15.372979221349647
100B,5552,0.01938304900068033,100,112,5.15914704629236
100B,5553,0.0058229969999956666,100,112,17.173287226504566
100B,5554,0.018175027000324917,100,112,5.502055100012357
100B,5555,0.0051613320010801544,100,112,19.374843544083614
100B,5556,0.018081590000292636,100,112,5.530487086499671
100B,5557,0.004978748000212363,100,112,20.08537085944792
100B,5558,0.019158331999278744,100,112,5.219661085514371
100B,5559,0.005354835999241914,100,112,18.674708247676875
100B,5560,0.01869060500030173,100,112,5.350281598609871
100B,5561,0.005342717999155866,100,112,18.717064987483845
100B,5562,0.01955219999945257,100,112,5.1145139678808444
100B,5563,0.005610187999991467,100,112,17.824714608521514
100B,5564,0.018483234000086668,100,112,5.410308607223774
100B,5565,0.005867518000741256,100,112,17.04298137429945
100B,5566,0.018874282999604475,100,112,5.29821450712038
100B,5567,0.0051773479990515625,100,112,19.314907944824068
100B,5568,0.019370039000932593,100,112,5.162612217517237
100B,5569,0.006336569000268355,100,112,15.78141104369967
100B,5570,0.020273870999517385,100,112,4.932457151492208
100B,5571,0.005578534000960644,100,112,17.925856503299904
100B,5572,0.020097114000236616,100,112,4.97583881938584
100B,5573,0.005842526999913389,100,112,17.115881535760543
100B,5574,0.020153744000708684,100,112,4.961857211071234
100B,5575,0.005972245999146253,100,112,16.744119383946213
100B,5576,0.019892673999493127,100,112,5.026976262846716
100B,5577,0.0062288520002766745,100,112,16.054322689888632
100B,5578,0.020130706998315873,100,112,4.967535417825413
100B,5579,0.006489120998594444,100,112,15.410407668721263
100B,5580,0.019478878999507288,100,112,5.133765654713984
100B,5581,0.00622235599985288,100,112,16.071083043523124
100B,5582,0.020973811999283498,100,112,4.767850498679791
100B,5583,0.006462458999521914,100,112,15.4739859869746
100B,5584,0.019771029999901657,100,112,5.0579054303441655
100B,5585,0.005187546999877668,100,112,19.27693378052443
100B,5586,0.020184281000183546,100,112,4.954350367946753
100B,5587,0.005606688999250764,100,112,17.835838587330823
100B,5588,0.01878874499925587,100,112,5.322335259963372
100B,5589,0.004865457998675993,100,112,20.55304968765785
100B,5590,0.019918664000215358,100,112,5.020417031931399
100B,5591,0.006114159001299413,100,112,16.355479139281048
100B,5592,0.021276953999404213,100,112,4.6999208628641185
100B,5593,0.0058673240000644,100,112,17.04354489353279
100B,5594,0.02148596900042321,100,112,4.654200143266999
100B,5595,0.00691729999925883,100,112,14.456507598443718
100B,5596,0.021007444000133546,100,112,4.760217378152444
100B,5597,0.006583774000318954,100,112,15.188856724905115
100B,5598,0.01889501199912047,100,112,5.292402037355405
100B,5599,0.0051856170011888025,100,112,19.28410832830018
100B,5600,0.019976056999439606,100,112,5.005992924569915
100B,5601,0.005824732999826665,100,112,17.16816891057081
100B,5602,0.018042055000478285,100,112,5.542605872631974
100B,5603,0.005152571000508033,100,112,19.407786906796666
100B,5604,0.017483949999586912,100,112,5.719531341737002
100B,5605,0.004263193999577197,100,112,23.45659146872451
100B,5606,0.017395721999491798,100,112,5.748539784834537
100B,5607,0.004610289999618544,100,112,21.69060948623059
100B,5608,0.01905034599985811,100,112,5.249248491378835
100B,5609,0.005485720999786281,100,112,18.229144355663717
100B,5610,0.020262152000213973,100,112,4.93530993148921
100B,5611,0.0061525510009232676,100,112,16.253420733122528
100B,5612,0.019181028999810223,100,112,5.213484636355505
100B,5613,0.0057777229994826484,100,112,17.3078564010345
100B,5614,0.018764020000162418,100,112,5.329348401842165
100B,5615,0.005294089000017266,100,112,18.888991099256902
100B,5616,0.020084712001334992,100,112,4.978911322868518
100B,5617,0.0057573599988245405,100,112,17.36907193929451
100B,5618,0.018998821999048232,100,112,5.263484231022829
100B,5619,0.005957876999673317,100,112,16.784502265737142
100B,5620,0.018014776000200072,100,112,5.550998802254849
100B,5621,0.004006491999462014,100,112,24.959490749869925
100B,5622,0.017271406000872958,100,112,5.789916582063189
100B,5623,0.004750960999444942,100,112,21.048373163173316
100B,5624,0.018655113000932033,100,112,5.3604606948778
100B,5625,0.005415327999799047,100,112,18.466102146298585
100B,5626,0.018827957999747014,100,112,5.311250428822057
100B,5627,0.005658672998833936,100,112,17.671987764729764
100B,5628,0.018773660000078962,100,112,5.326611859359304
100B,5629,0.005065666999144014,100,112,19.740737007959225
100B,5630,0.01937813900076435,100,112,5.160454262200081
100B,5631,0.005877892001080909,100,112,17.012901901159566
100B,5632,0.01927174799857312,100,112,5.188942902709397
100B,5633,0.005910325000513694,100,112,16.919543340054652
100B,5634,0.018708404999415507,100,112,5.3451911054482855
100B,5635,0.005627607000860735,100,112,17.769542184574213
100B,5636,0.01859438700012106,100,112,5.377967017646182
100B,5637,0.005366469998989487,100,112,18.634223245230128
100B,5638,0.01978554600100324,100,112,5.054194612315952
100B,5639,0.005706388001271989,100,112,17.5242202208664
100B,5640,0.019538255999577814,100,112,5.118164077805144
100B,5641,0.005760154001109186,100,112,17.360646951582165
100B,5642,0.019390289000511984,100,112,5.1572207096737746
100B,5643,0.0053139060000830796,100,112,18.81854891645365
100B,5644,0.017978891999518964,100,112,5.562078019194707
100B,5645,0.0051791019996016985,100,112,19.308366587043576
100B,5646,0.0188887620006426,100,112,5.294153211131464
100B,5647,0.004921686999296071,100,112,20.318236412494862
100B,5648,0.0182316919999721,100,112,5.484954440879817
100B,5649,0.005012053999962518,100,112,19.95189995972666
100B,5650,0.018999276999238646,100,112,5.263358179577427
100B,5651,0.0052784679992328165,100,112,18.944890830925605
100B,5652,0.018872474000090733,100,112,5.298722361441285
100B,5653,0.005365542998333694,100,112,18.63744266536596
100B,5654,0.019871637001415365,100,112,5.032298043330676
100B,5655,0.0064673769993532915,100,112,15.462219074286152
100B,5656,0.018898049000199535,100,112,5.291551524654431
100B,5657,0.00504367899884528,100,112,19.82679707072841
100B,5658,0.017236064000826445,100,112,5.801788621532453
100B,5659,0.004800673999852734,100,112,20.830408397459944
100B,5660,0.018087239999658777,100,112,5.528759501277505
100B,5661,0.004702493000877439,100,112,21.265316074120893
100B,5662,0.01742834400101856,100,112,5.7377797910206345
100B,5663,0.0043485199985298095,100,112,22.99632979354102
100B,5664,0.017187931000080425,100,112,5.8180359229701395
100B,5665,0.004748031999042723,100,112,21.061357636208335
100B,5666,0.017895861999932094,100,112,5.587883947718162
100B,5667,0.004812182000023313,100,112,20.78059391758573
100B,5668,0.016283308001220576,100,112,6.141258274578122
100B,5669,0.003561731000445434,100,112,28.07623596152935
100B,5670,0.01777486999890243,100,112,5.625920189918398
100B,5671,0.00410912999905122,100,112,24.336051675923994
100B,5672,0.01812536400029785,100,112,5.517130580017964
100B,5673,0.005049698998845997,100,112,19.803160549342227
100B,5674,0.01887966299909749,100,112,5.296704713679493
100B,5675,0.005948530000750907,100,112,16.810875962191766
100B,5676,0.019544097000107286,100,112,5.116634449749767
100B,5677,0.006002369998896029,100,112,16.660085935787407
100B,5678,0.01841558799969789,100,112,5.430182299997182
100B,5679,0.004847055999562144,100,112,20.631079981133585
100B,5680,0.018447482001647586,100,112,5.420794013571542
100B,5681,0.004658636999010923,100,112,21.465505902527074
100B,5682,0.017550242999277543,100,112,5.697926803869126
100B,5683,0.004135049000979052,100,112,24.183510274321556
100B,5684,0.018370605001109652,100,112,5.443478861690164
100B,5685,0.005041239999627578,100,112,19.83638946120151
100B,5686,0.018786018999890075,100,112,5.323107572742535
100B,5687,0.004643590000341646,100,112,21.535062310118384
100B,5688,0.018741734998911852,100,112,5.335685303724869
100B,5689,0.0049289870003121905,100,112,20.28814439836547
100B,5690,0.018826784998964285,100,112,5.311581345699825
100B,5691,0.0050048850007442525,100,112,19.980479068975505
100B,5692,0.018848493999030325,100,112,5.305463662250394
100B,5693,0.005144172999280272,100,112,19.439470642606913
100B,5694,0.02042311900004279,100,112,4.896411757664953
100B,5695,0.00645079599962628,100,112,15.501962859435238
100B,5696,0.018894011000156752,100,112,5.292682427207773
100B,5697,0.0052495510008157,100,112,19.04924820893473
100B,5698,0.018797106999045354,100,112,5.319967588899647
100B,5699,0.005371745999582345,100,112,18.615921156319573
100B,5700,0.019153834000462666,100,112,5.22088684686233
100B,5701,0.005813871999635012,100,112,17.200241079658767
100B,5702,0.018935657000838546,100,112,5.281042004276461
100B,5703,0.005112573000587872,100,112,19.559622911692692
100B,5704,0.018688947000555345,100,112,5.350756251651229
100B,5705,0.0058527229994069785,100,112,17.08606404405819
100B,5706,0.018904642000052263,100,112,5.2897060943933
100B,5707,0.0050749490001180675,100,112,19.70463151406517
100B,5708,0.017017471000144724,100,112,5.876313818848263
100B,5709,0.0042145319985138485,100,112,23.727426920773777
100B,5710,0.0159504069997638,100,112,6.269432497959509
100B,5711,0.00333854699965741,100,112,29.95315028072441
100B,5712,0.017160006000267458,100,112,5.827503789826261
100B,5713,0.00398811099876184,100,112,25.074527772934676
100B,5714,0.01759316899915575,100,112,5.684024294019954
100B,5715,0.004652412000723416,100,112,21.494227077148526
100B,5716,0.018644911999217584,100,112,5.363393509403338
100B,5717,0.005557925000175601,100,112,17.99232627227617
100B,5718,0.019167897999068373,100,112,5.2170561427685165
100B,5719,0.005969391000689939,100,112,16.75212764391578
100B,5720,0.017762253000910277,100,112,5.6299164297949815
100B,5721,0.004546841999399476,100,112,21.99328677205135
100B,5722,0.018215846001112368,100,112,5.489725813113122
100B,5723,0.005025484000725555,100,112,19.89858090993076
100B,5724,0.01869383500161348,100,112,5.349357153915658
100B,5725,0.005380825999964145,100,112,18.58450728580823
100B,5726,0.018396966999716824,100,112,5.435678609497927
100B,5727,0.005336592001185636,100,112,18.738550741331338
100B,5728,0.018549958000221523,100,112,5.390847785143547
100B,5729,0.005976046000796487,100,112,16.733472263545497
100B,5730,0.020025715000883793,100,112,4.993579504930871
100B,5731,0.005829427000207943,100,112,17.154344671686065
100B,5732,0.018582643000627286,100,112,5.381365825982039
100B,5733,0.005357067000659299,100,112,18.666930988112135
100B,5734,0.019122161000268534,100,112,5.229534465199602
100B,5735,0.004918557999189943,100,112,20.331162104110472
100B,5736,0.018604094999318477,100,112,5.375160683906597
100B,5737,0.005555816000196501,100,112,17.999156198920762
100B,5738,0.019760919998589088,100,112,5.060493135296328
100B,5739,0.005832270999235334,100,112,17.145979672945746
100B,5740,0.016935939000177314,100,112,5.904603222706048
100B,5741,0.004691853000622359,100,112,21.313540724045556
100B,5742,0.016542201999982353,100,112,6.045144413065847
100B,5743,0.004121641999518033,100,112,24.262175126246667
100B,5744,0.018670858000405133,100,112,5.355940257155302
100B,5745,0.005760931999247987,100,112,17.358302443606984
100B,5746,0.016721713000151794,100,112,5.980248554624292
100B,5747,0.004141659999731928,100,112,24.144908081897736
100B,5748,0.018878032000429812,100,112,5.2971623312071525
100B,5749,0.005394584999521612,100,112,18.537107119244194
100B,5750,0.016948809001405607,100,112,5.900119589034648
100B,5751,0.004407877999256016,100,112,22.686653309569483
100B,5752,0.015655000001061126,100,112,6.3877355473153505
100B,5753,0.003682975000629085,100,112,27.151962742869312
100B,5754,0.016811609999422217,100,112,5.9482702729504675
100B,5755,0.004730679000203963,100,112,21.138614561607014
100B,5756,0.01691752399892721,100,112,5.911030479775959
100B,5757,0.0042739179989439435,100,112,23.397734824278174
100B,5758,0.01755960199989204,100,112,5.694889895603262
100B,5759,0.004980828000043402,100,112,20.076983184147014
100B,5760,0.017880544999570702,100,112,5.592670693337419
100B,5761,0.005239095999058918,100,112,19.08726238609918
100B,5762,0.018745765000858228,100,112,5.334538227456802
100B,5763,0.00478648699936457,100,112,20.892149088313726
100B,5764,0.01919425400046748,100,112,5.209892502077157
100B,5765,0.006399890000466257,100,112,15.625268558165
100B,5766,0.019091750000370666,100,112,5.237864522532429
100B,5767,0.005822777000503265,100,112,17.173936077469044
100B,5768,0.018907583000327577,100,112,5.2888833013858765
100B,5769,0.005442145000415621,100,112,18.375107607820613
100B,5770,0.019282277000456816,100,112,5.1861095034383595
100B,5771,0.005725813000026392,100,112,17.46476875852199
100B,5772,0.01747547599916288,100,112,5.72230478899632
100B,5773,0.004427369998666109,100,112,22.586772740956437
100B,5774,0.017571823000253062,100,112,5.6909291653210845
100B,5775,0.003951274999053567,100,112,25.308286571790777
100B,5776,0.017855984000561875,100,112,5.600363441009652
100B,5777,0.004862674000833067,100,112,20.564816803032265
100B,5778,0.016423273000327754,100,112,6.088920277827954
100B,5779,0.004308497998863459,100,112,23.209944631836677
100B,5780,0.017548609001096338,100,112,5.698457353158451
100B,5781,0.00405701799900271,100,112,24.648645883400526
100B,5782,0.016679110000040964,100,112,5.995523741959517
100B,5783,0.0039291079992835876,100,112,25.451069305866234
100B,5784,0.018485173999579274,100,112,5.409740801048236
100B,5785,0.004858722999415477,100,112,20.581539637478897
100B,5786,0.016113989999212208,100,112,6.205787641973767
100B,5787,0.004337488000601297,100,112,23.054818822815694
100B,5788,0.01611272099944472,100,112,6.206276395119497
100B,5789,0.003757765000045765,100,112,26.611562989910787
100B,5790,0.01853524199941603,100,112,5.39512783286836
100B,5791,0.004175972000666661,100,112,23.946520710396474
100B,5792,0.01690718100144295,100,112,5.914646562987967
100B,5793,0.004567320000205655,100,112,21.894677840724377
100B,5794,0.016991016000247328,100,112,5.885463235308846
100B,5795,0.004370244001620449,100,112,22.882017563074477
100B,5796,0.01754287500079954,100,112,5.700319930196297
100B,5797,0.004822056000193697,100,112,20.738042029371517
100B,5798,0.016806966999865836,100,112,5.949913509129771
100B,5799,0.0035889689988835016,100,112,27.86315513762007
100B,5800,0.017498380999313667,100,112,5.714814416483574
100B,5801,0.004717944999356405,100,112,21.19566887991306
100B,5802,0.017977056000745506,100,112,5.56264607485525
100B,5803,0.005731429000661592,100,112,17.44765572223904
100B,5804,0.01883132399962051,100,112,5.3103010708123985
100B,5805,0.005221126000833465,100,112,19.152956658015277
100B,5806,0.019416616998569225,100,112,5.150227766627359
100B,5807,0.005809328000395908,100,112,17.213694939102243
100B,5808,0.01918953899985354,100,112,5.211172608198834
100B,5809,0.005562654001550982,100,112,17.977030383719345
100B,5810,0.01951603400084423,100,112,5.123991892803332
100B,5811,0.006175964999783901,100,112,16.19180160565985
100B,5812,0.019325747000038973,100,112,5.174444227164846
100B,5813,0.0054913630010560155,100,112,18.21041515207964
100B,5814,0.019698190000781324,100,112,5.076608561295912
100B,5815,0.006038772999090725,100,112,16.559655415935868
100B,5816,0.018535001998316147,100,112,5.395197691863466
100B,5817,0.006043250001312117,100,112,16.547387577592833
100B,5818,0.019335228000272764,100,112,5.1719069461497575
100B,5819,0.005456367000078899,100,112,18.32721296030014
100B,5820,0.021045470999524696,100,112,4.751616155431184
100B,5821,0.007180130000051577,100,112,13.927324435529952
100B,5822,0.019516731999829062,100,112,5.123808637679497
100B,5823,0.007033972000499489,100,112,14.216718518768472
100B,5824,0.020813252000152715,100,112,4.80463120320007
100B,5825,0.005779733000963461,100,112,17.30183729652051
100B,5826,0.016375490999053,100,112,6.106687121979001
100B,5827,0.004287153999030124,100,112,23.325497526476266
100B,5828,0.01774244800071756,100,112,5.636200821665403
100B,5829,0.0053359470002760645,100,112,18.740815827973243
100B,5830,0.01847625499976857,100,112,5.412352232703682
100B,5831,0.00483147100021597,100,112,20.69763018251169
100B,5832,0.01712351999958628,100,112,5.839920764096173
100B,5833,0.004190039000604884,100,112,23.86612630230023
100B,5834,0.016567362001296715,100,112,6.0359639628912
100B,5835,0.004201969000860117,100,112,23.798366903594626
100B,5836,0.0182932890002121,100,112,5.466485551004009
100B,5837,0.0046761029989284,100,112,21.385328771183296
100B,5838,0.01939788699928613,100,112,5.155200667148961
100B,5839,0.005911315998673672,100,112,16.91670687583562
100B,5840,0.017457212001318112,100,112,5.728291550360359
100B,5841,0.004218495001623523,100,112,23.705136538389677
100B,5842,0.01748407400009455,100,112,5.719490777690555
100B,5843,0.00420774799931678,100,112,23.765681788984796
100B,5844,0.01789419000124326,100,112,5.588406068844254
100B,5845,0.005282633999740938,100,112,18.929950476391898
100B,5846,0.018408560999887413,100,112,5.432255133935325
100B,5847,0.005473367999002221,100,112,18.270286232942805
100B,5848,0.018735289999312954,100,112,5.337520796511136
100B,5849,0.005053606999354088,100,112,19.78784658418852
100B,5850,0.017844255000454723,100,112,5.604044550890565
100B,5851,0.005212676000155625,100,112,19.184004529921772
100B,5852,0.017678138001429033,100,112,5.656704342500119
100B,5853,0.005284935999952722,100,112,18.921705012301867
100B,5854,0.018213675000879448,100,112,5.490380167383655
100B,5855,0.005009450998841203,100,112,19.96226732692509
100B,5856,0.018234004000987625,100,112,5.48425896992145
100B,5857,0.005057008998846868,100,112,19.774534714651022
100B,5858,0.017520229001092957,100,112,5.707687952809392
100B,5859,0.004793191999851842,100,112,20.862923914395875
100B,5860,0.02019852000012179,100,112,4.950857785590085
100B,5861,0.006454041000324651,100,112,15.494168691362482
100B,5862,0.01824925599976268,100,112,5.479675445470239
100B,5863,0.005201345000386937,100,112,19.225796403153577
100B,5864,0.019036526999116177,100,112,5.2530590272397255
100B,5865,0.056379695000941865,100,112,1.7736882045624656
100B,5866,0.058137579000685946,100,112,1.7200578647903473
100B,5867,0.019921409999369644,100,112,5.019725009583369
100B,5868,0.005347112999515957,100,112,18.7016807030359
100B,5869,0.004060170998855028,100,112,24.62950452781424
100B,5870,0.004348304999439279,100,112,22.997466831994345
100B,5871,0.0041795479992288165,100,112,23.926032197369512
100B,5872,0.0051443859993014485,100,112,19.438665763723584
100B,5873,0.004984189999959199,100,112,20.063440599338833
100B,5874,0.004081326000232366,100,112,24.501840821906068
100B,5875,0.003543017999618314,100,112,28.224524970173142
100B,5876,0.003785366998272366,100,112,26.417517785102422
100B,5877,0.0043166390005353605,100,112,23.16617164131579
100B,5878,0.004962936000083573,100,112,20.149363199186137
100B,5879,0.004748399000163772,100,112,21.059729815575945
100B,5880,0.004023604000394698,100,112,24.853340435636913
100B,5881,0.0036103519996686373,100,112,27.698130267956735
100B,5882,0.0035002559998247307,100,112,28.56933892978323
100B,5883,0.0052064370011066785,100,112,19.206993185309653
100B,5884,0.003940325001167366,100,112,25.378617238520643
100B,5885,0.003562949999832199,100,112,28.066630181369263
100B,5886,0.004060871000547195,100,112,24.625258962061388
100B,5887,0.004025374000775628,100,112,24.842412153685977
100B,5888,0.004596577000484103,100,112,21.755319227648787
100B,5889,0.00419945100111363,100,112,23.812636454975078
100B,5890,0.0042219240003760206,100,112,23.68588349555644
100B,5891,0.0048189459994318895,100,112,20.75142572915096
100B,5892,0.004129336000914918,100,112,24.216968533886188
100B,5893,0.004989437000403996,100,112,20.042341448925594
100B,5894,0.005389617999753682,100,112,18.55419066890645
100B,5895,0.0050521519988251384,100,112,19.793545408620854
100B,5896,0.005002718000469031,100,112,19.989133904934175
100B,5897,0.004402147000291734,100,112,22.71618825845046
100B,5898,0.004802501000085613,100,112,20.82248395121986
100B,5899,0.004597683999236324,100,112,21.7500811314153
100B,5900,0.005034366999097983,100,112,19.863470425957658
100B,5901,0.00540620199899422,100,112,18.497274060163527
100B,5902,0.004425764000188792,100,112,22.594968912877924
100B,5903,0.004693047001637751,100,112,21.30811815119316
100B,5904,0.004690742000093451,100,112,21.318588828378914
100B,5905,0.00497229099892138,100,112,20.111453658221652
100B,5906,0.003978790000473964,100,112,25.13326915672547
100B,5907,0.005079425000076299,100,112,19.687267751467516
100B,5908,0.004691639000157011,100,112,21.3145129019205
100B,5909,0.004459865000171703,100,112,22.422203361794594
100B,5910,0.004943051999362069,100,112,20.230416352671508
100B,5911,0.004778797001563362,100,112,20.925768549550327
100B,5912,0.004770325000208686,100,112,20.96293229405236
100B,5913,0.0041378090008947765,100,112,24.167379397738177
100B,5914,0.0038542649999726564,100,112,25.945283990776304
100B,5915,0.0037142080000194255,100,112,26.923640248332077
100B,5916,0.0040315079986612545,100,112,24.804614063324955
100B,5917,0.004342369000369217,100,112,23.028904266656596
100B,5918,0.004150868000579067,100,112,24.091346674008786
100B,5919,0.004214934000629,100,112,23.725163901754303
100B,5920,0.004068439000548096,100,112,24.579451722522595
100B,5921,0.004340042998592253,100,112,23.041246373005116
100B,5922,0.004198181999527151,100,112,23.819834397666224
100B,5923,0.003976746998887393,100,112,25.14618104394819
100B,5924,0.004398909000883577,100,112,22.73290945093743
100B,5925,0.004707404001237592,100,112,21.243131027995403
100B,5926,0.005263200999252149,100,112,18.999844393974133
100B,5927,0.0053214390009088675,100,112,18.79190947841752
100B,5928,0.00428799200017238,100,112,23.32093903066515
100B,5929,0.004445200000191107,100,112,22.496175649172326
100B,5930,0.003886954000336118,100,112,25.727086039956394
100B,5931,0.0046589929988840595,100,112,21.463865694572284
100B,5932,0.003958437999244779,100,112,25.262489906139432
100B,5933,0.004883348001385457,100,112,20.477754190696416
100B,5934,0.004771456999151269,100,112,20.957958966786805
100B,5935,0.004163431000051787,100,112,24.01865192403961
100B,5936,0.004453919000297901,100,112,22.452137093941644
100B,5937,0.0054560290009249,100,112,18.32834832495357
100B,5938,0.005114874000355485,100,112,19.550823733497634
100B,5939,0.005239856998741743,100,112,19.0844902874283
100B,5940,0.005188013999941177,100,112,19.27519856367655
100B,5941,0.004964970999935758,100,112,20.141104550518804
100B,5942,0.004718763000710169,100,112,21.191994593699686
100B,5943,0.004422561998580932,100,112,22.611328011249366
100B,5944,0.006311982000624994,100,112,15.842884214514283
100B,5945,0.0051205929994466715,100,112,19.52898814860036
100B,5946,0.0051917129985668,100,112,19.26146534440666
100B,5947,0.005421895999461412,100,112,18.443732600170414
100B,5948,0.004240623999066884,100,112,23.581435190199418
100B,5949,0.004263771001205896,100,112,23.453417167975864
100B,5950,0.004161179000220727,100,112,24.031650643890963
100B,5951,0.0046114609995129285,100,112,21.685101535188565
100B,5952,0.002985439999974915,100,112,33.49590010210898
100B,5953,0.004045158999360865,100,112,24.720907142537538
100B,5954,0.0037197780002315994,100,112,26.883324755878938
100B,5955,0.004104270999960136,100,112,24.36486284676896
100B,5956,0.004386835000332212,100,112,22.79547783138118
100B,5957,0.0036865359998046188,100,112,27.12573538012374
100B,5958,0.004433693999089883,100,112,22.554556092623283
100B,5959,0.004178301000138163,100,112,23.933172836684896
100B,5960,0.003849934000754729,100,112,25.97447124558403
100B,5961,0.00469078899914166,100,112,21.31837522819688
100B,5962,0.00496615500014741,100,112,20.136302631921822
100B,5963,0.004947817998981918,100,112,20.210929347153915
100B,5964,0.0056579160009277984,100,112,17.674352179071192
100B,5965,0.005385696000303142,100,112,18.567702297784976
100B,5966,0.005476892998558469,100,112,18.258527239133617
100B,5967,0.004855930999838165,100,112,20.59337334145249
100B,5968,0.0041423870006838115,100,112,24.140670580390566
100B,5969,0.006038829998942674,100,112,16.559499111170343
100B,5970,0.0057319829993502935,100,112,17.445969398606863
100B,5971,0.005413958999270108,100,112,18.470771576489902
100B,5972,0.004827460001251893,100,112,20.714827253683563
100B,5973,0.003936111999792047,100,112,25.40578113765137
100B,5974,0.003719962000104715,100,112,26.881995030375325
100B,5975,0.003866566001306637,100,112,25.862742279895592
100B,5976,0.004206814999633934,100,112,23.770952611108815
100B,5977,0.004837794000195572,100,112,20.670578366081195
100B,5978,0.003914462000466301,100,112,25.54629473682149
100B,5979,0.004092745000889408,100,112,24.43347923661715
100B,5980,0.0041762109995033825,100,112,23.945150283807877
100B,5981,0.0045233809996716445,100,112,22.107357308009004
100B,5982,0.005065866000222741,100,112,19.739961537790993
100B,5983,0.004057094000017969,100,112,24.648184143516787
100B,5984,0.004133232998356107,100,112,24.19413568985164
100B,5985,0.0036710240001411876,100,112,27.240355823376255
100B,5986,0.004223535999699379,100,112,23.676843291289043
100B,5987,0.003597598000851576,100,112,27.796324096335752
100B,5988,0.004899080000541289,100,112,20.411995719390415
100B,5989,0.004292515999622992,100,112,23.29636045824475
100B,5990,0.004017036999357515,100,112,24.89397036073952
100B,5991,0.003733109999302542,100,112,26.787316746274026
100B,5992,0.003988618000221322,100,112,25.07134049799985
100B,5993,0.004785496999829775,100,112,20.896471150970754
100B,5994,0.00443850199917506,100,112,22.53012390635084
100B,5995,0.003500074000839959,100,112,28.570824495711143
100B,5996,0.004450420001376187,100,112,22.46978936124621
100B,5997,0.0051624180014187004,100,112,19.370767724062386
100B,5998,0.005337479000445455,100,112,18.735436709288074
100B,5999,0.005699145000107819,100,112,17.546491622534283
100B,6000,0.004715458000646322,100,112,21.206847773067548
100B,6001,0.00380944999960775,100,112,26.250508606307147
100B,6002,0.0039540289999422384,100,112,25.290659224163715
100B,6003,0.004221340001095086,100,112,23.689160307878144
100B,6004,0.004716548000942566,100,112,21.201946843330283
100B,6005,0.004332510001404444,100,112,23.0813085180608
100B,6006,0.004379228999823681,100,112,22.83506982713767
100B,6007,0.003871069000524585,100,112,25.83265759056441
100B,6008,0.004694380000728415,100,112,21.302067575373798
100B,6009,0.004562434000035864,100,112,21.91812528120164
100B,6010,0.004188148999674013,100,112,23.876896454205323
100B,6011,0.004324465999161475,100,112,23.124242396492477
100B,6012,0.004221402999974089,100,112,23.68880677836582
100B,6013,0.004561021998597425,100,112,21.92491069561851
100B,6014,0.004706304998762789,100,112,21.248091661353946
100B,6015,0.0047639639997214545,100,112,20.990922686621253
100B,6016,0.005377265999413794,100,112,18.596811095248324
100B,6017,0.004598843001076602,100,112,21.74459966921891
100B,6018,0.004140355998970335,100,112,24.152512495270695
100B,6019,0.004136096998990979,100,112,24.17738269300635
100B,6020,0.004602884000632912,100,112,21.725509481935603
100B,6021,0.004203638000035426,100,112,23.788918075047675
100B,6022,0.0034332750001340173,100,112,29.12670846235636
100B,6023,0.003910969999196823,100,112,25.569104345095084
100B,6024,0.004097663000720786,100,112,24.404154266080404
100B,6025,0.004592496999975992,100,112,21.77464677723747
100B,6026,0.004886160999376443,100,112,20.465965000490506
100B,6027,0.0041998609995062,100,112,23.810311820262037
100B,6028,0.004601427999659791,100,112,21.73238394850328
100B,6029,0.0047309809997386765,100,112,21.137265189930726
100B,6030,0.0051903090006817365,100,112,19.266675642406877
100B,6031,0.005069508000815404,100,112,19.72578009225265
100B,6032,0.004599787000188371,100,112,21.74013709676226
100B,6033,0.004788055999597418,100,112,20.885302930543848
100B,6034,0.004092290000698995,100,112,24.43619586659773
100B,6035,0.00453860400011763,100,112,22.03320668589025
100B,6036,0.00518178899983468,100,112,19.298354294856544
100B,6037,0.0057672319999255706,100,112,17.33934060590775
100B,6038,0.005236831999354763,100,112,19.095514236912912
100B,6039,0.004762630000186618,100,112,20.996802186204178
100B,6040,0.004052770000271266,100,112,24.674481895914802
100B,6041,0.005209318000197527,100,112,19.196370810192082
100B,6042,0.0054829740001878235,100,112,18.238277255477488
100B,6043,0.0048489149994566105,100,112,20.623170340417683
100B,6044,0.004972652999640559,100,112,20.109989578446026
100B,6045,0.005208484999457141,100,112,19.199440914281713
100B,6046,0.006986647000303492,100,112,14.313017388119954
100B,6047,0.0059035659996879986,100,112,16.93891454847544
100B,6048,0.004683306999140768,100,112,21.352433231122085
100B,6049,0.004333679000410484,100,112,23.075082393164802
100B,6050,0.0042771419994096505,100,112,23.380098208991527
100B,6051,0.0034895099997811485,100,112,28.65731865112056
100B,6052,0.0042559240009723,100,112,23.496660179353345
100B,6053,0.0045436519994837,100,112,22.008727783589745
100B,6054,0.00572306400135858,100,112,17.473157730939462
100B,6055,0.0050454579995857785,100,112,19.819806251129194
100B,6056,0.004633534999811673,100,112,21.581794462341264
100B,6057,0.0039738569994369755,100,112,25.164468679715505
100B,6058,0.003968015000282321,100,112,25.201517633598936
100B,6059,0.0044167490013933275,100,112,22.641087362776005
100B,6060,0.004970762000084505,100,112,20.1176399108024
100B,6061,0.003492986999845016,100,112,28.62879249319766
100B,6062,0.003456262000327115,100,112,28.932991766982823
100B,6063,0.0042126400003326125,100,112,23.738083480217732
100B,6064,0.004241151000314858,100,112,23.57850498427812
100B,6065,0.00366558600035205,100,112,27.28076765635721
100B,6066,0.004675278998547583,100,112,21.38909785513675
100B,6067,0.003532917999109486,100,112,28.30521399738295
100B,6068,0.0045781199987686705,100,112,21.843027274710135
100B,6069,0.004705658999228035,100,112,21.251008629483145
100B,6070,0.0038058829995861743,100,112,26.27511145531098
100B,6071,0.003820046000328148,100,112,26.17769524016461
100B,6072,0.003266369998527807,100,112,30.615025255886877
100B,6073,0.004174895000687684,100,112,23.952698207626327
100B,6074,0.0044730909994541435,100,112,22.35590557227723
100B,6075,0.005358346999855712,100,112,18.66247184116534
100B,6076,0.005015974998968886,100,112,19.936303514382868
100B,6077,0.004399055000249064,100,112,22.732154972906283
100B,6078,0.004320355999880121,100,112,23.146240727100903
100B,6079,0.004567265999867232,100,112,21.894936708942932
100B,6080,0.0050635070001590066,100,112,19.749158043399515
100B,6081,0.004774442000780255,100,112,20.944855960897144
100B,6082,0.004948037001668126,100,112,20.210034800929563
100B,6083,0.004353804999482236,100,112,22.96841498686602
100B,6084,0.004609817000527983,100,112,21.69283509270467
100B,6085,0.005593764000877854,100,112,17.877050226700046
100B,6086,0.005095417000120506,100,112,19.625479131077007
100B,6087,0.004986743000699789,100,112,20.053168969398868
100B,6088,0.004972827999154106,100,112,20.10928188487724
100B,6089,0.004841665000640205,100,112,20.65405185752777
100B,6090,0.004224206999424496,100,112,23.67308231192836
100B,6091,0.004692450998845743,100,112,21.310824561534723
100B,6092,0.005009451999285375,100,112,19.962263340234728
100B,6093,0.004811724998944555,100,112,20.78256758687058
100B,6094,0.004651203000321402,100,112,21.499814132621154
100B,6095,0.003865654000037466,100,112,25.86884392628797
100B,6096,0.004629041000953293,100,112,21.602746655172474
100B,6097,0.00419041399982234,100,112,23.863990527962077
100B,6098,0.004460662001292803,100,112,22.41819711312305
100B,6099,0.004378847999760183,100,112,22.837056688306316
100B,6100,0.003703684998981771,100,112,27.000136358111536
100B,6101,0.004453854000530555,100,112,22.452464761549827
100B,6102,0.005125665000377921,100,112,19.509663622696152
100B,6103,0.005020705999413622,100,112,19.91751757853959
100B,6104,0.005833571000039228,100,112,17.142158722217925
100B,6105,0.004484405999392038,100,112,22.299497416950484
100B,6106,0.0053007330006948905,100,112,18.865315417111304
100B,6107,0.004927374999169842,100,112,20.29478170767353
100B,6108,0.004934818998663104,100,112,20.264167749028097
100B,6109,0.0059523189993342385,100,112,16.800174858098988
100B,6110,0.004795654000190552,100,112,20.85221327394065
100B,6111,0.004705768000349053,100,112,21.250516385971945
100B,6112,0.004364065998743172,100,112,22.91441055859363
100B,6113,0.004506291999859968,100,112,22.19119400232108
100B,6114,0.004715941000540624,100,112,21.204675798220595
100B,6115,0.004882473998804926,100,112,20.481419875349427
100B,6116,0.005783618000350543,100,112,17.290215224093124
100B,6117,0.004375387999971281,100,112,22.85511593501111
100B,6118,0.0037859390013181837,100,112,26.41352646336407
100B,6119,0.004625738998583984,100,112,21.618167395655416
100B,6120,0.005028465000577853,100,112,19.886784533353293
100B,6121,0.005132075000801706,100,112,19.4852959055311
100B,6122,0.004232375998981297,100,112,23.627390388772003
100B,6123,0.006204031000379473,100,112,16.118552598122648
100B,6124,0.0040284759998030495,100,112,24.82328304919502
100B,6125,0.0049616260002949275,100,112,20.154683161136255
100B,6126,0.004748723000375321,100,112,21.05829293308883
100B,6127,0.004278031001376803,100,112,23.37523967634103
100B,6128,0.004062174999489798,100,112,24.617354006796806
100B,6129,0.0038524190003954573,100,112,25.95771643472188
100B,6130,0.004197854001176893,100,112,23.82169555491078
100B,6131,0.005000552000637981,100,112,19.997792241184932
100B,6132,0.005392882001615362,100,112,18.542960882520035
100B,6133,0.005256978000033996,100,112,19.022335645945887
100B,6134,0.004640045999622089,100,112,21.551510482470338
100B,6135,0.0039034080000419635,100,112,25.618638891687713
100B,6136,0.004241197000737884,100,112,23.57824924958732
100B,6137,0.004532674000074621,100,112,22.0620322569754
100B,6138,0.007606412998939049,100,112,13.146801260192959
100B,6139,0.004626455000106944,100,112,21.614821715047142
100B,6140,0.0034541500008344883,100,112,28.95068250534603
100B,6141,0.004778194001119118,100,112,20.928409348088135
100B,6142,0.004555101999358158,100,112,21.953405217729618
100B,6143,0.0049280559996986995,100,112,20.29197720279842
100B,6144,0.0041118450008070795,100,112,24.319982873958487
100B,6145,0.0038036899986764183,100,112,26.29026025643449
100B,6146,0.004197941998427268,100,112,23.82119620458414
100B,6147,0.004347902000517934,100,112,22.999598424271692
100B,6148,0.0051227050007582875,100,112,19.520936689736676
100B,6149,0.0047373620000144,100,112,21.10879430360104
100B,6150,0.005646658000841853,100,112,17.70959034265775
100B,6151,0.004808990999663365,100,112,20.79438285640379
100B,6152,0.0040780849994916935,100,112,24.521313315554814
100B,6153,0.006164062000607373,100,112,16.22306848797863
100B,6154,0.00551212500067777,100,112,18.141823704597414
100B,6155,0.0047731890008435585,100,112,20.950354151559292
100B,6156,0.004172942000877811,100,112,23.96390843174054
100B,6157,0.004172451999693294,100,112,23.966722686648218
100B,6158,0.003887627999574761,100,112,25.722625727291366
100B,6159,0.004054285000165692,100,112,24.6652615679246
100B,6160,0.00522282699967036,100,112,19.14671881843138
100B,6161,0.0057746700003917795,100,112,17.317006858091553
100B,6162,0.00428136000118684,100,112,23.357064103994734
100B,6163,0.00383407000117586,100,112,26.08194424445336
100B,6164,0.003921157000149833,100,112,25.502676887505107
100B,6165,0.005228189000263228,100,112,19.127082053645193
100B,6166,0.004520053000305779,100,112,22.12363438951602
100B,6167,0.00416650999977719,100,112,24.000902435214996
100B,6168,0.0033637420001468854,100,112,29.728796083538295
100B,6169,0.003150521999486955,100,112,31.74077185186596
100B,6170,0.004178392000540043,100,112,23.932651600681634
100B,6171,0.004882854000243242,100,112,20.479825936843177
100B,6172,0.004033954999613343,100,112,24.789567560764823
100B,6173,0.004239951998897595,100,112,23.585172668464267
100B,6174,0.003907479000190506,100,112,25.59194815765474
100B,6175,0.004321016000176314,100,112,23.14270532576589
100B,6176,0.005091717999675893,100,112,19.63973653025666
100B,6177,0.005328667999492609,100,112,18.76641592411498
100B,6178,0.004679292000218993,100,112,21.370754378081116
100B,6179,0.004503322001255583,100,112,22.2058293793157
100B,6180,0.0038175469999259803,100,112,26.194831393546416
100B,6181,0.0038801539994892664,100,112,25.772172963537713
100B,6182,0.004574335000143037,100,112,21.86110112111882
100B,6183,0.005078329000753001,100,112,19.69151663572255
100B,6184,0.004222387000481831,100,112,23.683286252204894
100B,6185,0.004487917000005837,100,112,22.28205200761733
100B,6186,0.004618099999788683,100,112,21.653926940641355
100B,6187,0.005008170001019607,100,112,19.967373307943046
100B,6188,0.004614449999280623,100,112,21.671055058693813
100B,6189,0.004997056001229794,100,112,20.011782932868798
100B,6190,0.004595739999786019,100,112,21.759281422503463
100B,6191,0.0037519060006161453,100,112,26.653119769945675
100B,6192,0.00565192400063097,100,112,17.693089997111812
100B,6193,0.004865167000389192,100,112,20.554279018993682
100B,6194,0.004582436000418966,100,112,21.822454255958434
100B,6195,0.0037568400002783164,100,112,26.618115222525244
100B,6196,0.003599567000492243,100,112,27.781119225263744
100B,6197,0.0041372020004928345,100,112,24.17092517795547
100B,6198,0.005716195999411866,100,112,17.494151706884946
100B,6199,0.0056357109988312,100,112,17.743990069884557
100B,6200,0.0040908900009526405,100,112,24.444558513358494
100B,6201,0.004256194000845426,100,112,23.495169623409218
100B,6202,0.00346916600028635,100,112,28.825371859330414
100B,6203,0.004621960999429575,100,112,21.635838124194823
100B,6204,0.00485859099899244,100,112,20.5820988061637
100B,6205,0.0038332820004143286,100,112,26.087305861971878
100B,6206,0.004049261000545812,100,112,24.69586425437153
100B,6207,0.004124187000343227,100,112,24.247203143717226
100B,6208,0.004578496000249288,100,112,21.841233451892336
100B,6209,0.005444148000606219,100,112,18.368347074485257
100B,6210,0.004733592999400571,100,112,21.12560163340264
100B,6211,0.0049635519990260946,100,112,20.14686257333884
100B,6212,0.004411754000102519,100,112,22.666721670717866
100B,6213,0.004223513000397361,100,112,23.67697222444721
100B,6214,0.004914151999400929,100,112,20.34939090451226
100B,6215,0.004827318000025116,100,112,20.715436604648733
100B,6216,0.0056819780002115294,100,112,17.599504960469257
100B,6217,0.004666548999011866,100,112,21.429111752855235
100B,6218,0.004448432999197394,100,112,22.479826046170068
100B,6219,0.004958452000209945,100,112,20.16758455981139
100B,6220,0.004824558000109391,100,112,20.727287348961838
100B,6221,0.005514917000255082,100,112,18.132639166713606
100B,6222,0.0049247389997617574,100,112,20.30564462499184
100B,6223,0.004691858999649412,100,112,21.313513472479087
100B,6224,0.0038897840004210593,100,112,25.70836837962603
100B,6225,0.003810026000792277,100,112,26.246540044400085
100B,6226,0.005730586999561638,100,112,17.45021932441642
100B,6227,0.0052016949994140305,100,112,19.2245027844318
100B,6228,0.0038644219985144446,100,112,25.87709107298371
100B,6229,0.004403024000566802,100,112,22.711663617351842
100B,6230,0.0038125230003061006,100,112,26.229349958536954
100B,6231,0.004378903000542778,100,112,22.83676984569074
100B,6232,0.005205796998779988,100,112,19.209354499116206
100B,6233,0.004282477999367984,100,112,23.35096642989367
100B,6234,0.004904422999970848,100,112,20.389758387601237
100B,6235,0.0039006970000627916,100,112,25.636443947938087
100B,6236,0.0038631770003121346,100,112,25.885430564512127
100B,6237,0.005093830999612692,100,112,19.631589663576094
100B,6238,0.00556661800146685,100,112,17.96422890409386
100B,6239,0.00530038899887586,100,112,18.866539799476723
100B,6240,0.005466606000481988,100,112,18.292885931633457
100B,6241,0.004187525999441277,100,112,23.880448745474666
100B,6242,0.0043838250003318535,100,112,22.811129548380706
100B,6243,0.00494665000042005,100,112,20.215701533665897
100B,6244,0.004717513000286999,100,112,21.197609841015023
100B,6245,0.00519448999875749,100,112,19.251168069227155
100B,6246,0.005428491000202484,100,112,18.421325557373123
100B,6247,0.004803564999747323,100,112,20.817871727614847
100B,6248,0.004606279000654467,100,112,21.709496968332108
100B,6249,0.0049282639993180055,100,112,20.291120770688913
100B,6250,0.005614948999209446,100,112,17.809600766468126
100B,6251,0.005060232000687392,100,112,19.761939766084993
100B,6252,0.0054183629999897676,100,112,18.455758685822424
100B,6253,0.004162048999205581,100,112,24.02662727399106
100B,6254,0.0042541099992376985,100,112,23.506679427170237
100B,6255,0.004619442999683088,100,112,21.64763154494176
100B,6256,0.005393186998844612,100,112,18.54191223508903
100B,6257,0.00535570300053223,100,112,18.67168511585918
100B,6258,0.0050995040000998415,100,112,19.60975028121208
100B,6259,0.004527130999122164,100,112,22.08904492036801
100B,6260,0.0046661799988214625,100,112,21.430806360932714
100B,6261,0.004136161998758325,100,112,24.17700274554526
100B,6262,0.00447370499932731,100,112,22.352837304881866
100B,6263,0.005001858000468928,100,112,19.992570758831004
100B,6264,0.0042077449998032534,100,112,23.765698730478157
100B,6265,0.0041670409991638735,100,112,23.997844038507235
100B,6266,0.004904621999230585,100,112,20.388931097174776
100B,6267,0.005040048999944702,100,112,19.841076942128378
100B,6268,0.0046935560003475985,100,112,21.30580736494763
100B,6269,0.004251034999469994,100,112,23.523683058941575
100B,6270,0.003647093000836321,100,112,27.419097888940268
100B,6271,0.004659569000068586,100,112,21.461212399371714
100B,6272,0.005179842000870849,100,112,19.30560816009209
100B,6273,0.005121751000842778,100,112,19.52457274544294
100B,6274,0.004431495000972063,100,112,22.565748122939247
100B,6275,0.004027229000712396,100,112,24.83096937927059
100B,6276,0.004216817000269657,100,112,23.714569542288697
100B,6277,0.004062826999870595,100,112,24.613403426526677
100B,6278,0.004344648999904166,100,112,23.016819080714182
100B,6279,0.004309668998757843,100,112,23.20363815151989
100B,6280,0.00425054200059094,100,112,23.52641145202125
100B,6281,0.003686521000417997,100,112,27.125845746887506
100B,6282,0.004505540999161894,100,112,22.19489291488007
100B,6283,0.004750306999994791,100,112,21.05127100208674
100B,6284,0.00520642800074711,100,112,19.20702638846638
100B,6285,0.004397222999614314,100,112,22.741625796274402
100B,6286,0.003834801998891635,100,112,26.076965650091662
100B,6287,0.004482517000724329,100,112,22.308894753514828
100B,6288,0.00465291000000434,100,112,21.491926557768522
100B,6289,0.005237873998339637,100,112,19.091715461597428
100B,6290,0.00533524799902807,100,112,18.743271169066023
100B,6291,0.004571680001390632,100,112,21.873796934514576
100B,6292,0.004270766999979969,100,112,23.414997821344272
100B,6293,0.0040266619998874376,100,112,24.834465868452686
100B,6294,0.004323268998632557,100,112,23.130644896634895
100B,6295,0.00523628200062376,100,112,19.097519955588286
100B,6296,0.007057343998894794,100,112,14.169636624721761
100B,6297,0.004340027999205631,100,112,23.04132600487907
100B,6298,0.004324891999203828,100,112,23.121964668345257
100B,6299,0.004428688998814323,100,112,22.580045703541757
100B,6300,0.004584344998875167,100,112,21.813367018524215
100B,6301,0.005242659999566968,100,112,19.074286718623714
100B,6302,0.004808734000107506,100,112,20.79549419821607
100B,6303,0.005277156000374816,100,112,18.949600882160272
100B,6304,0.004265948000465869,100,112,23.44144841640811
100B,6305,0.004088313999091042,100,112,24.459960761877163
100B,6306,0.004193214001134038,100,112,23.84805544695677
100B,6307,0.005460188000142807,100,112,18.314387709248212
100B,6308,0.004638678999981494,100,112,21.557861624052656
100B,6309,0.005161224000403308,100,112,19.37524897043527
100B,6310,0.0049379129995941184,100,112,20.251470612831717
100B,6311,0.004567015999782598,100,112,21.896135245587114
100B,6312,0.004910175999611965,100,112,20.365868760692624
100B,6313,0.005799630000183242,100,112,17.242479261063284
100B,6314,0.005367390000174055,100,112,18.631029233343803
100B,6315,0.004719692000435316,100,112,21.187823271259354
100B,6316,0.005741933000535937,100,112,17.41573786922736
100B,6317,0.004725368000435992,100,112,21.162372960322532
100B,6318,0.004531270000370569,100,112,22.068868108018716
100B,6319,0.00486779499988188,100,112,20.543182283236366
100B,6320,0.005165398999452009,100,112,19.359588680488937
100B,6321,0.0048626580010022735,100,112,20.564884468409737
100B,6322,0.00354639900069742,100,112,28.197616788278594
100B,6323,0.003395593999812263,100,112,29.449928349952565
100B,6324,0.004011553999589523,100,112,24.92799548759218
100B,6325,0.005233165000390727,100,112,19.108894902517623
100B,6326,0.003942018000088865,100,112,25.367717752112167
100B,6327,0.0037773970016132807,100,112,26.47325657252632
100B,6328,0.004556699999739067,100,112,21.945706323814683
100B,6329,0.004484385000978364,100,112,22.299601835744003
100B,6330,0.005180885998925078,100,112,19.30171789550047
100B,6331,0.004908708999209921,100,112,20.371955236314776
100B,6332,0.0042074350003531436,100,112,23.76744976252911
100B,6333,0.0036219739995431155,100,112,27.609253962787765
100B,6334,0.004076768000231823,100,112,24.529234921956206
100B,6335,0.005051678001109394,100,112,19.795402632162837
100B,6336,0.004864784999881522,100,112,20.55589301529984
100B,6337,0.004201940000712057,100,112,23.798531150624257
100B,6338,0.0039192709991766606,100,112,25.51494908645191
100B,6339,0.003513160001602955,100,112,28.464402405348128
100B,6340,0.00425756499862473,100,112,23.4876038374756
100B,6341,0.005352968000806868,100,112,18.681225067089272
100B,6342,0.006172518000312266,100,112,16.200843803929132
100B,6343,0.005080734999864944,100,112,19.68219165192796
100B,6344,0.0035198919995309552,100,112,28.409962582183073
100B,6345,0.003742717999557499,100,112,26.718550532480133
100B,6346,0.005345146999388817,100,112,18.708559373845915
100B,6347,0.0048466460011695744,100,112,20.632825251909956
100B,6348,0.005251590999250766,100,112,19.041848463497406
100B,6349,0.005723913998735952,100,112,17.47056297877355
100B,6350,0.00471474600090005,100,112,21.210050335884457
100B,6351,0.004205619001368177,100,112,23.777712619109785
100B,6352,0.004022217000965611,100,112,24.86191072634646
100B,6353,0.005019325000830577,100,112,19.922997610924263
100B,6354,0.004820867001399165,100,112,20.74315677469984
100B,6355,0.0046565890006604604,100,112,21.47494657265579
100B,6356,0.004005057000540546,100,112,24.968433654378302
100B,6357,0.004380461001346703,100,112,22.82864748008408
100B,6358,0.003845672001261846,100,112,26.003257679590952
100B,6359,0.004433443000380066,100,112,22.55583301543006
100B,6360,0.016359734998331987,100,112,6.112568449928794
100B,6361,0.010667608001313056,100,112,9.374172728102794
100B,6362,0.004665738999392488,100,112,21.43283197217433
100B,6363,0.003279686001405935,100,112,30.490723794025413
100B,6364,0.0037047820005682297,100,112,26.9921415037814
100B,6365,0.003932822000933811,100,112,25.42703432198456
100B,6366,0.004632468000636436,100,112,21.586765410200652
100B,6367,0.003886899999997695,100,112,25.72744346395824
100B,6368,0.0043747500003519235,100,112,22.85844905239284
100B,6369,0.0043468390013003955,100,112,23.005222868867264
100B,6370,0.00435780999941926,100,112,22.947306104058327
100B,6371,0.0054670549998263596,100,112,18.291383569979835
100B,6372,0.004940212000292377,100,112,20.242046291552203
100B,6373,0.004487055999561562,100,112,22.286327607627623
100B,6374,0.003936737000913126,100,112,25.401747685152703
100B,6375,0.004950195001583779,100,112,20.201224389747416
100B,6376,0.005406881000453723,100,112,18.494951154206728
100B,6377,0.006471447000876651,100,112,15.452494625460666
100B,6378,0.004555855999569758,100,112,21.94977190004331
100B,6379,0.004758845001560985,100,112,21.013502218962426
100B,6380,0.005059072000221931,100,112,19.766471004091898
100B,6381,0.0050647480002226075,100,112,19.744318966235788
100B,6382,0.005470770998726948,100,112,18.278959222250403
100B,6383,0.005094754000310786,100,112,19.628033069683028
100B,6384,0.004046386999107199,100,112,24.713404828076047
100B,6385,0.004662097999243997,100,112,21.449570561626103
100B,6386,0.003798777999691083,100,112,26.32425480197369
100B,6387,0.003960094998546992,100,112,25.25191947079331
100B,6388,0.004761400999996113,100,112,21.00222182506402
100B,6389,0.004930099999910453,100,112,20.283564228274543
100B,6390,0.004585351998684928,100,112,21.808576534294392
100B,6391,0.003558841999620199,100,112,28.09902772044166
100B,6392,0.0035900109996873653,100,112,27.855067855978287
100B,6393,0.004026421998787555,100,112,24.83594616513426
100B,6394,0.004287980000299285,100,112,23.32100429410127
100B,6395,0.004555438999886974,100,112,21.9517811570918
100B,6396,0.004046386000482016,100,112,24.713410927204606
100B,6397,0.004172617998847272,100,112,23.965769219139162
100B,6398,0.004755039999508881,100,112,21.0303173075996
100B,6399,0.00416023100115126,100,112,24.037126777894546
100B,6400,0.00543015400035074,100,112,18.415683973887457
100B,6401,0.004586647999531124,100,112,21.80241431438005
100B,6402,0.004790676999618881,100,112,20.87387649135089
100B,6403,0.004223314999762806,100,112,23.678082266091046
100B,6404,0.004650798999136896,100,112,21.501681758028713
100B,6405,0.004812483999558026,100,112,20.779289865521406
100B,6406,0.004921379000734305,100,112,20.319508004784694
100B,6407,0.004167673001575167,100,112,23.99420491055923
100B,6408,0.004039952998937224,100,112,24.752763219350978
100B,6409,0.004149820999373333,100,112,24.09742492871405
100B,6410,0.004400465999424341,100,112,22.724865960350964
100B,6411,0.005661121000230196,100,112,17.664345983054194
100B,6412,0.0047106000001804205,100,112,21.228718209181398
100B,6413,0.004020418999061803,100,112,24.873029408958566
100B,6414,0.004406340000059572,100,112,22.694571911983196
100B,6415,0.004512739998972393,100,112,22.159486259516665
100B,6416,0.004512003000854747,100,112,22.16310582706974
100B,6417,0.005303334999553044,100,112,18.85605944343094
100B,6418,0.00516409699957876,100,112,19.364469723972476
100B,6419,0.003606727999795112,100,112,27.72596103883651
100B,6420,0.0038839650005684234,100,112,25.746884944989173
100B,6421,0.003338761998747941,100,112,29.95122145199349
100B,6422,0.0047330019988294225,100,112,21.12823954537358
100B,6423,0.006884733998958836,100,112,14.524889416951009
100B,6424,0.00587823600108095,100,112,17.011906289848003
100B,6425,0.0043351379990781425,100,112,23.06731643174099
100B,6426,0.005526603999896906,100,112,18.094294435039203
100B,6427,0.004777089001436252,100,112,20.933250347635262
100B,6428,0.004513772000791505,100,112,22.154419847184275
100B,6429,0.003975179999542888,100,112,25.156093563435906
100B,6430,0.0040273710001201835,100,112,24.83009387439494
100B,6431,0.004267420999894966,100,112,23.433357056278556
100B,6432,0.003686299000037252,100,112,27.127479349610397
100B,6433,0.00435662699965178,100,112,22.953537222257694
100B,6434,0.003872289000355522,100,112,25.824518777089935
100B,6435,0.004231482000250253,100,112,23.63238222308069
100B,6436,0.004127464999328367,100,112,24.227946213056264
100B,6437,0.00437965799937956,100,112,22.83283306919545
100B,6438,0.005068477001259453,100,112,19.729792593544623
100B,6439,0.004443846999492962,100,112,22.50302497169905
100B,6440,0.004084367999894312,100,112,24.483592076567938
100B,6441,0.004615933001332451,100,112,21.664092605142592
100B,6442,0.004352841000581975,100,112,22.97350167089264
100B,6443,0.004771481999341631,100,112,20.957849157515
100B,6444,0.005466724000143586,100,112,18.292491078271638
100B,6445,0.0037475230001291493,100,112,26.684292530440437
100B,6446,0.004595710999637959,100,112,21.759418729306045
100B,6447,0.003944822999983444,100,112,25.349679820975414
100B,6448,0.004883179999524145,100,112,20.478458711279284
100B,6449,0.005054024999481044,100,112,19.78621000297153
100B,6450,0.00446946800002479,100,112,22.374027512770056
100B,6451,0.004213071000776836,100,112,23.73565505579215
100B,6452,0.00408080300076108,100,112,24.504981000393734
100B,6453,0.003984553999544005,100,112,25.096911727496746
100B,6454,0.004268286000296939,100,112,23.428608109447946
100B,6455,0.005226567998761311,100,112,19.13301425021158
100B,6456,0.004007318999356357,100,112,24.95433980076497
100B,6457,0.003847478999887244,100,112,25.991045046101785
100B,6458,0.0035789400008070515,100,112,27.941233990357475
100B,6459,0.004926579000311904,100,112,20.298060782881784
100B,6460,0.00477426299949002,100,112,20.94564124571308
100B,6461,0.005320050999216619,100,112,18.796812288965853
100B,6462,0.004049334000228555,100,112,24.695419047763345
100B,6463,0.004013137999208993,100,112,24.918156320492947
100B,6464,0.004755653000756865,100,112,21.02760651041717
100B,6465,0.004289213000447489,100,112,23.314300313266582
100B,6466,0.0062361000000237254,100,112,16.035663315152025
100B,6467,0.0037237430005916394,100,112,26.854699689025722
100B,6468,0.0038340439987223363,100,112,26.08212113197558
100B,6469,0.00397087700002885,100,112,25.183353702286286
100B,6470,0.004596920998665155,100,112,21.753691227027353
100B,6471,0.004584305999742355,100,112,21.813552586939036
100B,6472,0.004845323999688844,100,112,20.63845472592169
100B,6473,0.005446338000183459,100,112,18.360961070839068
100B,6474,0.004044059000079869,100,112,24.727631322397873
100B,6475,0.003766369000004488,100,112,26.550770782119553
100B,6476,0.005368345999158919,100,112,18.62771140602104
100B,6477,0.004921432000628556,100,112,20.31928917990296
100B,6478,0.0032873130003281403,100,112,30.419981300842963
100B,6479,0.003856750001432374,100,112,25.928566788840495
100B,6480,0.0038155780002853135,100,112,26.20834903454271
100B,6481,0.004857316000197898,100,112,20.587501409405068
100B,6482,0.004924415001369198,100,112,20.306980620478924
100B,6483,0.00402987899906293,100,112,24.814640842380886
100B,6484,0.0037424109996209154,100,112,26.720742326305
100B,6485,0.004222465000566444,100,112,23.682848759334888
100B,6486,0.00507096099863702,100,112,19.720128004707224
100B,6487,0.0045799850013281684,100,112,21.834132638207457
100B,6488,0.003959179999583284,100,112,25.25775539645212
100B,6489,0.0039202629995997995,100,112,25.508492672611126
100B,6490,0.003662915998575045,100,112,27.30065336985675
100B,6491,0.005282172000079299,100,112,18.931606164755472
100B,6492,0.004983046999768703,100,112,20.068042706529095
100B,6493,0.004129454000576516,100,112,24.216276530998755
100B,6494,0.00422634200003813,100,112,23.661123496181283
100B,6495,0.0033652719994279323,100,112,29.715280077509085
100B,6496,0.003561539999282104,100,112,28.07774165674312
100B,6497,0.004664201000196044,100,112,21.439899351635322
100B,6498,0.003140979999443516,100,112,31.837197313487156
100B,6499,0.003452025999649777,100,112,28.968495605231663
100B,6500,0.0037084489995322656,100,112,26.965451058545682
100B,6501,0.008316044000821421,100,112,12.02494839975864
100B,6502,0.005390104999605683,100,112,18.552514284474157
100B,6503,0.004271848998541827,100,112,23.409067135597365
100B,6504,0.004050313000334427,100,112,24.68944992442391
100B,6505,0.0031604899995727465,100,112,31.6406633191431
100B,6506,0.0041166310002154205,100,112,24.291708437012467
100B,6507,0.003766031999475672,100,112,26.553146657787973
100B,6508,0.0032233799993264256,100,112,31.02333575963632
100B,6509,0.0032190379988605855,100,112,31.06518159630179
100B,6510,0.0043802190011774655,100,112,22.829908726736853
100B,6511,0.004486521000217181,100,112,22.288985161366515
100B,6512,0.0036135339996690163,100,112,27.67373989262577
100B,6513,0.0028509080002550036,100,112,35.07654403125438
100B,6514,0.0037972310001350706,100,112,26.334979356389674
100B,6515,0.004750664000312099,100,112,21.049689052610415
100B,6516,0.004704320999735501,100,112,21.257052825609154
100B,6517,0.0036985740007366985,100,112,27.037447400019996
100B,6518,0.0031384909998450894,100,112,31.862445998709518
100B,6519,0.004146991999732563,100,112,24.11386373700478
100B,6520,0.004713837999588577,100,112,21.214135914031832
100B,6521,0.0031092370008991566,100,112,32.16223143204623
100B,6522,0.004843118998905993,100,112,20.647851110532056
100B,6523,0.003970460998971248,100,112,25.185992262840546
100B,6524,0.004206319999866537,100,112,23.77374997698057
100B,6525,0.005556138999963878,100,112,17.998109838621772
100B,6526,0.006080084998757229,100,112,16.447138489090204
100B,6527,0.005688117000318016,100,112,17.58051038584634
100B,6528,0.005853619000845356,100,112,17.083448715326092
100B,6529,0.005826392000017222,100,112,17.16328046580189
100B,6530,0.005335379999451106,100,112,18.74280744957019
100B,6531,0.005312473998856149,100,112,18.823621540836044
100B,6532,0.006327540999336634,100,112,15.803927625357748
100B,6533,0.005890919001103612,100,112,16.97528008469746
100B,6534,0.004827073000342352,100,112,20.716488023468393
100B,6535,0.006161149998661131,100,112,16.230736148564933
100B,6536,0.005913547000091057,100,112,16.91032471686793
100B,6537,0.005303950998495566,100,112,18.853869507535872
100B,6538,0.005622677999781445,100,112,17.785119475788413
100B,6539,0.0069314870015659835,100,112,14.4269187805456
100B,6540,0.006520904000353767,100,112,15.335297068408748
100B,6541,0.006268118999287253,100,112,15.953749444031134
100B,6542,0.005832659000589047,100,112,17.14483908452404
100B,6543,0.006488558999990346,100,112,15.411742422338886
100B,6544,0.005397291999543086,100,112,18.52780987363026
100B,6545,0.005843471000844147,100,112,17.11311649968897
100B,6546,0.005370319999201456,100,112,18.620864308806475
100B,6547,0.005236191000221879,100,112,19.097851853716296
100B,6548,0.006574285000169766,100,112,15.210779574876618
100B,6549,0.004713670001365244,100,112,21.214891999447666
100B,6550,0.007430933001160156,100,112,13.457260344614529
100B,6551,0.005399310999564477,100,112,18.520881647318756
100B,6552,0.0047365240006911336,100,112,21.112528931640256
100B,6553,0.005427884001619532,100,112,18.42338560849177
100B,6554,0.004656848001104663,100,112,21.473752198113132
100B,6555,0.005891392000194173,100,112,16.973917199314545
100B,6556,0.0052980079999542795,100,112,18.87501868643139
100B,6557,0.005730292999942321,100,112,17.451114629043673
100B,6558,0.004738141000416363,100,112,21.105323794967802
100B,6559,0.004456657999980962,100,112,22.438338324463572
100B,6560,0.004907257000013487,100,112,20.3779830564662
100B,6561,0.004886450000412879,100,112,20.464754574701583
100B,6562,0.0065887439996004105,100,112,15.177399517429228
100B,6563,0.005558371000006446,100,112,17.990882580504977
100B,6564,0.0053041099999973085,100,112,18.853304324391978
100B,6565,0.0053347080011008075,100,112,18.745168428968405
100B,6566,0.00522227799956454,100,112,19.148731647058717
100B,6567,0.005582939998930669,100,112,17.911709604465308
100B,6568,0.005777824999313452,100,112,17.307550853804408
100B,6569,0.005218168000283185,100,112,19.163813812543616
100B,6570,0.0058276510007999605,100,112,17.15957252523753
100B,6571,0.0057374369989702245,100,112,17.429385284395863
100B,6572,0.005034687001170823,100,112,19.862207914165243
100B,6573,0.005274315000860952,100,112,18.95980804780839
100B,6574,0.006517941999845789,100,112,15.342266010094283
100B,6575,0.007021625000561471,100,112,14.241717549997855
100B,6576,0.005391287999373162,100,112,18.5484433425977
100B,6577,0.0051220770001236815,100,112,19.523330086132116
100B,6578,0.005782819998785271,100,112,17.292601191288302
100B,6579,0.0061128239995014155,100,112,16.359051071674298
100B,6580,0.006035057000190136,100,112,16.569851783810737
100B,6581,0.005549936000534217,100,112,18.018225794022552
100B,6582,0.005864259999725618,100,112,17.052449926278655
100B,6583,0.005226567000136129,100,112,19.1330179059018
100B,6584,0.0055375239990098635,100,112,18.05861248057444
100B,6585,0.0064469599983567605,100,112,15.51118667177842
100B,6586,0.005436203000499518,100,112,18.395192377990902
100B,6587,0.004919105998851592,100,112,20.328897166140734
100B,6588,0.0097417779998068,100,112,10.265066603035217
100B,6589,0.007387161000224296,100,112,13.537000208464889
100B,6590,0.004263590999471489,100,112,23.45440733231586
100B,6591,0.0042067119993589586,100,112,23.77153463684667
100B,6592,0.004336202000558842,100,112,23.061656257506495
100B,6593,0.005265055000563734,100,112,18.99315391563676
100B,6594,0.005542024000533274,100,112,18.043949284661636
100B,6595,0.005880427001102362,100,112,17.005567789763177
100B,6596,0.0049486820007587085,100,112,20.20740067449646
100B,6597,0.005073465999885229,100,112,19.710391279307316
100B,6598,0.005204725999647053,100,112,19.213307291638653
100B,6599,0.0052765210002689855,100,112,18.951881361772696
100B,6600,0.005533403000299586,100,112,18.072061621860158
100B,6601,0.005009005000829347,100,112,19.96404475209006
100B,6602,0.00599982800122234,100,112,16.66714445474555
100B,6603,0.005231154000284732,100,112,19.11624088959281
100B,6604,0.004883556001004763,100,112,20.476882005535636
100B,6605,0.0051189690002502175,100,112,19.53518374405314
100B,6606,0.005472069999086671,100,112,18.274620028013302
100B,6607,0.005431223999039503,100,112,18.412055922879397
100B,6608,0.005507703001057962,100,112,18.1563893297789
100B,6609,0.006291730998782441,100,112,15.893877220649092
100B,6610,0.005125680998389726,100,112,19.50960273013787
100B,6611,0.004494488001000718,100,112,22.249475352417125
100B,6612,0.005152272000486846,100,112,19.40891319218994
100B,6613,0.00535850799860782,100,112,18.661911118912343
100B,6614,0.005265210000288789,100,112,18.99259478625072
100B,6615,0.005955754000751767,100,112,16.790485299993495
100B,6616,0.005685727999662049,100,112,17.587897276469054
100B,6617,0.005505473998709931,100,112,18.16374031072211
100B,6618,0.005467042999953264,100,112,18.291423718608918
100B,6619,0.005765603000327246,100,112,17.344239621480035
100B,6620,0.005585667000559624,100,112,17.90296485450727
100B,6621,0.004768049999256618,100,112,20.972934431390378
100B,6622,0.005788517999462783,100,112,17.275579001271264
100B,6623,0.006201883999892743,100,112,16.124132602565513
100B,6624,0.005815749998873798,100,112,17.194686845095593
100B,6625,0.0058460060008656,100,112,17.105695749404518
100B,6626,0.005269761000818107,100,112,18.97619265550666
100B,6627,0.005593679999947199,100,112,17.877318688402614
100B,6628,0.0055480829996668035,100,112,18.024243690299084
100B,6629,0.005296043000271311,100,112,18.882021916150816
100B,6630,0.005363987000237103,100,112,18.64284905902638
100B,6631,0.005816054001115845,100,112,17.19378808738956
100B,6632,0.005816945000333362,100,112,17.191154462397208
100B,6633,0.005856576999576646,100,112,17.074820327168702
100B,6634,0.005072894999102573,100,112,19.712609864326115
100B,6635,0.0056842250014597084,100,112,17.592547792235532
100B,6636,0.004901681000774261,100,112,20.401164413637726
100B,6637,0.0044597469986911165,100,112,22.42279663607573
100B,6638,0.004964391999237705,100,112,20.14345362238825
100B,6639,0.0054854549998708535,100,112,18.230028320778192
100B,6640,0.005011847999412566,100,112,19.952720036944637
100B,6641,0.005630667001241818,100,112,17.759885281432105
100B,6642,0.004792257999724825,100,112,20.866990050565324
100B,6643,0.0043685199998435564,100,112,22.891047769858247
100B,6644,0.0041743180008779746,100,112,23.956009096328366
100B,6645,0.003657715998997446,100,112,27.33946540065147
100B,6646,0.005096601000332157,100,112,19.620919902005824
100B,6647,0.006399654999768245,100,112,15.625842331129
100B,6648,0.0035243799993622815,100,112,28.373784897796064
100B,6649,0.003480650000710739,100,112,28.730265892744253
100B,6650,0.003660606000266853,100,112,27.317881244993355
100B,6651,0.004684412000642624,100,112,21.34739642590824
100B,6652,0.0057842019996314775,100,112,17.28846952550606
100B,6653,0.00598724100018444,100,112,16.70218386013181
100B,6654,0.004956277998644509,100,112,20.176430786842253
100B,6655,0.003406531001019175,100,112,29.35537647245298
100B,6656,0.003679550000015297,100,112,27.177236346722907
100B,6657,0.004152019000684959,100,112,24.084668202024844
100B,6658,0.0047533039996778825,100,112,21.037997991876118
100B,6659,0.004839888000788051,100,112,20.661635141911876
100B,6660,0.0039957970002433285,100,112,25.02629637939825
100B,6661,0.003986715000792174,100,112,25.08330793149991
100B,6662,0.004968777000613045,100,112,20.12567679887064
100B,6663,0.00441498000145657,100,112,22.650159223146755
100B,6664,0.0045959620001667645,100,112,21.758230376224063
100B,6665,0.003775757000767044,100,112,26.484755237078293
100B,6666,0.003449925001405063,100,112,28.986137367992825
100B,6667,0.0034162749998358777,100,112,29.27164821473802
100B,6668,0.004464207999262726,100,112,22.400389949687654
100B,6669,0.00505888999941817,100,112,19.767182131159434
100B,6670,0.004655882999941241,100,112,21.478202953395098
100B,6671,0.004444219999641064,100,112,22.50113630920082
100B,6672,0.004264633000275353,100,112,23.448676590352168
100B,6673,0.005181804999665474,100,112,19.298294707434145
100B,6674,0.005190334000872099,100,112,19.266582840949663
100B,6675,0.005514350999874296,100,112,18.13450032511162
100B,6676,0.004873693998888484,100,112,20.518317322098277
100B,6677,0.004437716999746044,100,112,22.534109319211357
100B,6678,0.004906332000246039,100,112,20.38182495497355
100B,6679,0.004118725000807899,100,112,24.279358291797763
100B,6680,0.004551204001472797,100,112,21.97220778669543
100B,6681,0.005309965999913402,100,112,18.83251229887929
100B,6682,0.00481655099974887,100,112,20.761744245044618
100B,6683,0.004833445000258507,100,112,20.6891771799724
100B,6684,0.005122665999806486,100,112,19.521085310613184
100B,6685,0.0050207490003231214,100,112,19.91734699216477
100B,6686,0.004950029999235994,100,112,20.2018977693942
100B,6687,0.004931300998578081,100,112,20.27862424719857
100B,6688,0.004990465999071603,100,112,20.03820886037565
100B,6689,0.005312524999681045,100,112,18.823440831996805
100B,6690,0.005068346999905771,100,112,19.73029865592454
100B,6691,0.005235488999460358,100,112,19.10041258998107
100B,6692,0.004445648999535479,100,112,22.493903592129943
100B,6693,0.004665280999688548,100,112,21.434936074949388
100B,6694,0.005340497000361211,100,112,18.72484901559469
100B,6695,0.004468933999305591,100,112,22.376701024346875
100B,6696,0.005234767999354517,100,112,19.103043346396763
100B,6697,0.011270827000771533,100,112,8.87246339537947
100B,6698,0.003751999998712563,100,112,26.652452034731706
100B,6699,0.003085620999627281,100,112,32.40838716487839
100B,6700,0.0034573630000522826,100,112,28.92377803501911
100B,6701,0.005022846999054309,100,112,19.909027692626868
100B,6702,0.003599659999963478,100,112,27.78040148264408
100B,6703,0.0035064469993812963,100,112,28.518896768622128
100B,6704,0.0035816799991152948,100,112,27.919858844090157
100B,6705,0.00476950600022974,100,112,20.96653196267772
100B,6706,0.0051945830000477144,100,112,19.250823405667298
100B,6707,0.004138068001338979,100,112,24.165866768656873
100B,6708,0.0029128429996490013,100,112,34.330720884046976
100B,6709,0.002952549999463372,100,112,33.869028473074145
100B,6710,0.004571866000333102,100,112,21.872907034614332
100B,6711,0.0050325480005994905,100,112,19.87065001428456
100B,6712,0.004306681999878492,100,112,23.21973157127027
100B,6713,0.0036034599997947225,100,112,27.75110588315027
100B,6714,0.0035012459993595257,100,112,28.56126076782173
100B,6715,0.0043777089995273855,100,112,22.842998474954804
100B,6716,0.004632959999071318,100,112,21.584472997834023
100B,6717,0.0030232169992814306,100,112,33.07734774704176
100B,6718,0.004583452999213478,100,112,21.817612183905897
100B,6719,0.004433344998687971,100,112,22.55633162535164
100B,6720,0.004395855999973719,100,112,22.748697864670238
100B,6721,0.0049222779998672195,100,112,20.31579687345931
100B,6722,0.004585475000567385,100,112,21.807991535800866
100B,6723,0.0038177419992280193,100,112,26.193493436754206
100B,6724,0.006318100000498816,100,112,15.827543089236473
100B,6725,0.0037702640001953114,100,112,26.52334160016903
100B,6726,0.0036460120008996455,100,112,27.427227330937257
100B,6727,0.004217326999423676,100,112,23.711701751764952
100B,6728,0.004850114000873873,100,112,20.618072066343686
100B,6729,0.005227272000411176,100,112,19.130437442729978
100B,6730,0.004596651000611018,100,112,21.75496899518961
100B,6731,0.004406035999636515,100,112,22.696137754718684
100B,6732,0.004434032000062871,100,112,22.55283678570251
100B,6733,0.005777972999567282,100,112,17.30710752845143
100B,6734,0.005326911001247936,100,112,18.772605732773272
100B,6735,0.005692147999070585,100,112,17.568060425752815
100B,6736,0.0042011489986180095,100,112,23.80301199336075
100B,6737,0.004442572000698419,100,112,22.509483241752513
100B,6738,0.004477649001273676,100,112,22.33314848295496
100B,6739,0.005001728000934236,100,112,19.993090384227557
100B,6740,0.00500421099968662,100,112,19.9831701753308
100B,6741,0.005500802999449661,100,112,18.179164025689467
100B,6742,0.004613456998413312,100,112,21.6757195383836
100B,6743,0.004803115998583962,100,112,20.819817807748482
100B,6744,0.005286943000101019,100,112,18.914522058983664
100B,6745,0.004844965000302182,100,112,20.63998398208511
100B,6746,0.004960706000929349,100,112,20.15842099517
100B,6747,0.005789567998363054,100,112,17.27244589376514
100B,6748,0.005342856999050127,100,112,18.716578043877718
100B,6749,0.005667168001309619,100,112,17.645497711889096
100B,6750,0.005399210000177845,100,112,18.52122810498315
100B,6751,0.00559711599998991,100,112,17.86634402434759
100B,6752,0.004991084000721457,100,112,20.0357277067557
100B,6753,0.004814783000256284,100,112,20.769368005718462
100B,6754,0.006163815000036266,100,112,16.223718589771373
100B,6755,0.005166423999980907,100,112,19.355747805516845
100B,6756,0.005440585999167524,100,112,18.380372999397714
100B,6757,0.005813339999804157,100,112,17.201815136112607
100B,6758,0.005465358999572345,100,112,18.297059718826308
100B,6759,0.005370113000026322,100,112,18.62158207834916
100B,6760,0.00609630299913988,100,112,16.403384151691426
100B,6761,0.005888244000743725,100,112,16.98299187115366
100B,6762,0.005590851998931612,100,112,17.88636150967859
100B,6763,0.004888155999651644,100,112,20.457612238055933
100B,6764,0.005180379999728757,100,112,19.30360321158602
100B,6765,0.004670387999794912,100,112,21.411497289816445
100B,6766,0.004943373998685274,100,112,20.229098592701206
100B,6767,0.005021647000830853,100,112,19.913785254808744
100B,6768,0.005306490998918889,100,112,18.84484493055267
100B,6769,0.005172228000446921,100,112,19.334027809941716
100B,6770,0.0066372269993735244,100,112,15.066533058073622
100B,6771,0.005364456999814138,100,112,18.64121569125537
100B,6772,0.005158979998668656,100,112,19.383676623248462
100B,6773,0.004899628000202938,100,112,20.409712736529812
100B,6774,0.005102420000184793,100,112,19.598543435542023
100B,6775,0.005583329999353737,100,112,17.91045845607816
100B,6776,0.005447997000374016,100,112,18.35536987137379
100B,6777,0.004293027999665355,100,112,23.2935820609125
100B,6778,0.004454088999409578,100,112,22.45128016374521
100B,6779,0.005084452999653877,100,112,19.66779907431684
100B,6780,0.005198232000111602,100,112,19.237309915727707
100B,6781,0.005471686999953818,100,112,18.275899188101228
100B,6782,0.005490427000040654,100,112,18.213519640505112
100B,6783,0.0060362960011843825,100,112,16.56645068107644
100B,6784,0.005243286999757402,100,112,19.07200578656611
100B,6785,0.005734346999815898,100,112,17.43877724930328
100B,6786,0.005271370999253122,100,112,18.970396888052193
100B,6787,0.004514642001595348,100,112,22.150150546746076
100B,6788,0.004418648000864778,100,112,22.631356917416575
100B,6789,0.004913176999252755,100,112,20.353429159016457
100B,6790,0.004091153999979724,100,112,24.442981124762255
100B,6791,0.004460607000510208,100,112,22.41847353702353
100B,6792,0.004605694000929361,100,112,21.712254435449136
100B,6793,0.005455643999084714,100,112,18.329641746561332
100B,6794,0.005543687999306712,100,112,18.03853319532158
100B,6795,0.005602887000350165,100,112,17.847941604703124
100B,6796,0.0042655859997466905,100,112,23.443437784618208
100B,6797,0.004775608998897951,100,112,20.939737742992907
100B,6798,0.004952426999807358,100,112,20.192119945208656
100B,6799,0.005108727000333602,100,112,19.5743479722972
100B,6800,0.005673960000422085,100,112,17.624375214587523
100B,6801,0.0045267589994182345,100,112,22.09086015245161
100B,6802,0.00394620500082965,100,112,25.340802107081615
100B,6803,0.004413589000250795,100,112,22.657297721722088
100B,6804,0.003748959999938961,100,112,26.67406427425957
100B,6805,0.004407701999298297,100,112,22.68755918978187
100B,6806,0.0065049719996750355,100,112,15.372856332816749
100B,6807,0.004658023999581928,100,112,21.468330779097595
100B,6808,0.0038757759994041407,100,112,25.801284701534332
100B,6809,0.0038546409996342845,100,112,25.942753166763822
100B,6810,0.0041820980004558805,100,112,23.91144348819641
100B,6811,0.004967292999936035,100,112,20.13168943351796
100B,6812,0.008869768998920335,100,112,11.274250773855826
100B,6813,0.005721417999666301,100,112,17.478184604906065
100B,6814,0.004812684999706107,100,112,20.778422025565067
100B,6815,0.0039749229999870295,100,112,25.157720036419903
100B,6816,0.004460649000975536,100,112,22.41826244973101
100B,6817,0.004124213999602944,100,112,24.247044408856436
100B,6818,0.00554386799922213,100,112,18.03794751498975
100B,6819,0.0037087000000610715,100,112,26.96362606798967
100B,6820,0.0035298889997648075,100,112,28.3295027142958
100B,6821,0.003614907000155654,100,112,27.663228956013008
100B,6822,0.004337630000009085,100,112,23.05406408563906
100B,6823,0.00578099199992721,100,112,17.298069258919426
100B,6824,0.005587382000157959,100,112,17.897469691023975
100B,6825,0.005243259000053513,100,112,19.072107633626224
100B,6826,0.004366223000033642,100,112,22.903090382518137
100B,6827,0.004060344999743393,100,112,24.628449061919575
100B,6828,0.004844732999117696,100,112,20.640972375198306
100B,6829,0.005997956001010607,100,112,16.67234637652407
100B,6830,0.005051680998803931,100,112,19.795390885464986
100B,6831,0.004236280999975861,100,112,23.605610676102415
100B,6832,0.004834622999624116,100,112,20.684136075920467
100B,6833,0.005085103999590501,100,112,19.66528118364008
100B,6834,0.005114254001455265,100,112,19.55319387178363
100B,6835,0.006016933999489993,100,112,16.619760164973755
100B,6836,0.005672754001352587,100,112,17.628122068426805
100B,6837,0.004954390000420972,100,112,20.18411953671452
100B,6838,0.005203873000937165,100,112,19.216456662564788
100B,6839,0.0043991549991915235,100,112,22.731638239247765
100B,6840,0.004255949999787845,100,112,23.49651664257919
100B,6841,0.004794423999555875,100,112,20.857562870798112
100B,6842,0.005939472999671125,100,112,16.83651058023786
100B,6843,0.0057529379992047325,100,112,17.38242268799415
100B,6844,0.005132644999321201,100,112,19.483131993976816
100B,6845,0.004731782000817475,100,112,21.133687051247023
100B,6846,0.0034563259996502893,100,112,28.932456027040846
100B,6847,0.003508272000544821,100,112,28.504061254221565
100B,6848,0.004833857999983593,100,112,20.687409518512837
100B,6849,0.004660743999920669,100,112,21.455801906670292
100B,6850,0.0040948799996840535,100,112,24.420740047990577
100B,6851,0.0032626440006424673,100,112,30.64998816306909
100B,6852,0.003508119998514303,100,112,28.505296296121635
100B,6853,0.004701375000877306,100,112,21.270373025197816
100B,6854,0.004805692999070743,100,112,20.808653407393393
100B,6855,0.005366773999412544,100,112,18.63316771135624
100B,6856,0.004460881000341033,100,112,22.417096531459826
100B,6857,0.0047377850005432265,100,112,21.106909661061902
100B,6858,0.00548103999972227,100,112,18.244712683189157
100B,6859,0.00572721500066109,100,112,17.46049344898996
100B,6860,0.0055433170000469545,100,112,18.03974046570906
100B,6861,0.005533777999517042,100,112,18.070836959619168
100B,6862,0.0052815170001849765,100,112,18.93395401292804
100B,6863,0.004125983999983873,100,112,24.236642701569092
100B,6864,0.003903060000084224,100,112,25.62092307006351
100B,6865,0.004707497999334009,100,112,21.24270685067682
100B,6866,0.004728832000182592,100,112,21.146870938984243
100B,6867,0.003472893999060034,100,112,28.794429092009658
100B,6868,0.004612656999597675,100,112,21.679478879249462
100B,6869,0.004050441000799765,100,112,24.688669698004457
100B,6870,0.004571178998958203,100,112,21.87619430846846
100B,6871,0.005420112000138033,100,112,18.44980325082827
100B,6872,0.004092774999662652,100,112,24.433300146781225
100B,6873,0.0032688079991203267,100,112,30.59219141256113
100B,6874,0.003723836998688057,100,112,26.85402181546371
100B,6875,0.004333783999754814,100,112,23.07452332780257
100B,6876,0.004939325001032557,100,112,20.245681338866177
100B,6877,0.0049308540001220535,100,112,20.280462572512732
100B,6878,0.0037226739987090696,100,112,26.862411276055198
100B,6879,0.0035486670003592735,100,112,28.179595321250435
100B,6880,0.004108003000510507,100,112,24.3427280816428
100B,6881,0.005600855998636689,100,112,17.854413686825925
100B,6882,0.005556518999583204,100,112,17.996878982597025
100B,6883,0.00541475700083538,100,112,18.46804944055147
100B,6884,0.00578533400039305,100,112,17.28508673711943
100B,6885,0.004530734000582015,100,112,22.071478923095917
100B,6886,0.004751454998768168,100,112,21.046184805691176
100B,6887,0.0051883649994124426,100,112,19.273894572051987
100B,6888,0.005417368998678285,100,112,18.459145024900046
100B,6889,0.0050723940003081225,100,112,19.71455687273613
100B,6890,0.004156499000600888,100,112,24.05870902063092
100B,6891,0.0037542180016316706,100,112,26.63670568851827
100B,6892,0.003781970999625628,100,112,26.441239240041465
100B,6893,0.004664897000111523,100,112,21.436700531139127
100B,6894,0.005807915000332287,100,112,17.217882836487572
100B,6895,0.0055052590014383895,100,112,18.164449660565005
100B,6896,0.0055761660005373415,100,112,17.933468980364573
100B,6897,0.004906608999590389,100,112,20.380674312615522
100B,6898,0.004214392998619587,100,112,23.728209503184615
100B,6899,0.004327707001721137,100,112,23.106924743340944
100B,6900,0.005551121999815223,100,112,18.01437619337652
100B,6901,0.005291551999107469,100,112,18.89804730575587
100B,6902,0.004487382000661455,100,112,22.284708541697512
100B,6903,0.004644065000320552,100,112,21.53285968071024
100B,6904,0.004447445999176125,100,112,22.48481488443585
100B,6905,0.0049357349998899736,100,112,20.260407011768095
100B,6906,0.005365921999327838,100,112,18.636126282217013
100B,6907,0.005794424001578591,100,112,17.25797076167652
100B,6908,0.005306185001245467,100,112,18.845931677189547
100B,6909,0.0042217749996780185,100,112,23.68671945037968
100B,6910,0.004362744999525603,100,112,22.92134883218566
100B,6911,0.004774412000188022,100,112,20.944987570419535
100B,6912,0.005798873000458116,100,112,17.244730138442403
100B,6913,0.005828383000334725,100,112,17.1574174165042
100B,6914,0.00476563200027158,100,112,20.983575734404436
100B,6915,0.004595757000060985,100,112,21.759200932223575
100B,6916,0.0038120120007079095,100,112,26.232865998698195
100B,6917,0.004470199000934372,100,112,22.3703687417714
100B,6918,0.005235927999819978,100,112,19.098811137860988
100B,6919,0.00527751999834436,100,112,18.948293901562014
100B,6920,0.00615217499944265,100,112,16.254414090798683
100B,6921,0.0054553699992538895,100,112,18.33056236582975
100B,6922,0.0048632500001986045,100,112,20.562381122894408
100B,6923,0.004943713998727617,100,112,20.227707352354404
100B,6924,0.00499731599848019,100,112,20.010741772265856
100B,6925,0.006169688000227325,100,112,16.208275036973582
100B,6926,0.006068652999601909,100,112,16.4781212579727
100B,6927,0.006151950001367368,100,112,16.255008570904092
100B,6928,0.005248551000477164,100,112,19.052877640116037
100B,6929,0.004862286001298344,100,112,20.566457829362086
100B,6930,0.0045464470003935276,100,112,21.995197566659037
100B,6931,0.004306556000301498,100,112,23.220410925342453
100B,6932,0.0045741510002699215,100,112,21.861980506130863
100B,6933,0.005059342000095057,100,112,19.765416134770323
100B,6934,0.005106980999698862,100,112,19.581040149923524
100B,6935,0.004752441000164254,100,112,21.04181829854254
100B,6936,0.00474995799959288,100,112,21.05281773198227
100B,6937,0.004361066999990726,100,112,22.930168236400096
100B,6938,0.0057154930000251625,100,112,17.49630346840767
100B,6939,0.005407118998846272,100,112,18.49413708507936
100B,6940,0.005557893999139196,100,112,17.992426630570492
100B,6941,0.005943373998889001,100,112,16.82545975042006
100B,6942,0.0046539579998352565,100,112,21.487086906143087
100B,6943,0.0037328159996832255,100,112,26.78942653709323
100B,6944,0.004431990999364643,100,112,22.56322271736014
100B,6945,0.004752572000143118,100,112,21.041238301489933
100B,6946,0.0045034779996058205,100,112,22.20506017987715
100B,6947,0.004284261000066181,100,112,23.341248350288474
100B,6948,0.003825707999567385,100,112,26.138952583759163
100B,6949,0.004635154000425246,100,112,21.574256214750502
100B,6950,0.00471011299850943,100,112,21.23091315041617
100B,6951,0.0046649399992020335,100,112,21.436502938324097
100B,6952,0.004982600001312676,100,112,20.06984304853988
100B,6953,0.0039798790003260365,100,112,25.126392031468264
100B,6954,0.004402444001243566,100,112,22.71465576206144
100B,6955,0.00489238099908107,100,112,20.439945298369626
100B,6956,0.006342705999486498,100,112,15.766141455728194
100B,6957,0.005692792999980156,100,112,17.56606994147663
100B,6958,0.004330836000008276,100,112,23.090230154133963
100B,6959,0.0044613649988605175,100,112,22.414664575873328
100B,6960,0.004320845999245648,100,112,23.143615860750053
100B,6961,0.0056439700001647,100,112,17.71802472321466
100B,6962,0.004713222999271238,100,112,21.21690401991632
100B,6963,0.005293127998811542,100,112,18.892420516271823
100B,6964,0.004376002001663437,100,112,22.851909108356733
100B,6965,0.003324256000269088,100,112,30.081919079609186
100B,6966,0.0039206269993883325,100,112,25.506124407040318
100B,6967,0.0047730179994687205,100,112,20.951104733133395
100B,6968,0.005620788999294746,100,112,17.79109659027358
100B,6969,0.0050872620013251435,100,112,19.656939228597178
100B,6970,0.004426696001246455,100,112,22.590211745247995
100B,6971,0.0037769249993289122,100,112,26.476564935170302
100B,6972,0.004293693000363419,100,112,23.289974386043898
100B,6973,0.004944207999869832,100,112,20.22568629851995
100B,6974,0.0038796849985374138,100,112,25.77528846741387
100B,6975,0.004242289000103483,100,112,23.57218001827803
100B,6976,0.00415183799850638,100,112,24.085718189383808
100B,6977,0.00471126299999014,100,112,21.225730764809626
100B,6978,0.004550637999273022,100,112,21.97494066018332
100B,6979,0.004618642000423279,100,112,21.65138583826922
100B,6980,0.003868559999318677,100,112,25.849411671942995
100B,6981,0.0039860939996287925,100,112,25.087215707736085
100B,6982,0.004497209998589824,100,112,22.236008554494163
100B,6983,0.005177697999897646,100,112,19.31360230009105
100B,6984,0.005202618000112125,100,112,19.221092149730165
100B,6985,0.004392763999931049,100,112,22.764710328524284
100B,6986,0.004328544999225414,100,112,23.1024512897278
100B,6987,0.004328524999436922,100,112,23.102558033743257
100B,6988,0.0049061860008805525,100,112,20.382431481817488
100B,6989,0.004815313001017785,100,112,20.767082010839914
100B,6990,0.004788607000591583,100,112,20.88289976346901
100B,6991,0.005837516000610776,100,112,17.130574030038986
100B,6992,0.004644815999199636,100,112,21.529378131928443
100B,6993,0.004975318999640876,100,112,20.09921374030853
100B,6994,0.004434589000084088,100,112,22.550004069848143
100B,6995,0.004478857001231518,100,112,22.327124972398927
100B,6996,0.00513916700037953,100,112,19.458406390104653
100B,6997,0.0043395770007919054,100,112,23.043720616491317
100B,6998,0.003789913000218803,100,112,26.385829963438923
100B,6999,0.004298180001569563,100,112,23.265661271394656
100B,7000,0.005006598999898415,100,112,19.973638791928217
100B,7001,0.005343647999325185,100,112,18.7138074986654
100B,7002,0.005537338000067393,100,112,18.059219068581857
100B,7003,0.005237358000158565,100,112,19.093596427239156
100B,7004,0.00502784799937217,100,112,19.889224975076225
100B,7005,0.0036698089988931315,100,112,27.249374566949253
100B,7006,0.004111664999072673,100,112,24.321047561645603
100B,7007,0.005113952000101563,100,112,19.554348573864992
100B,7008,0.004317341999922064,100,112,23.162399458232677
100B,7009,0.004010217999166343,100,112,24.936300226269076
100B,7010,0.0038816460000816733,100,112,25.762266831621407
100B,7011,0.00481293000120786,100,112,20.777364303013723
100B,7012,0.005321475000528153,100,112,18.791782351711706
100B,7013,0.004862286999923526,100,112,20.566453605386272
100B,7014,0.005218722999416059,100,112,19.161775785223575
100B,7015,0.005075141001725569,100,112,19.703886052820913
100B,7016,0.005002284000511281,100,112,19.990868169376036
100B,7017,0.005084196000098018,100,112,19.668793256214375
100B,7018,0.0053303780005080625,100,112,18.760395602426048
100B,7019,0.0042301630001020385,100,112,23.63975099720456
100B,7020,0.0035242189987911843,100,112,28.375081126995866
100B,7021,0.0034229510001750896,100,112,29.214557846397696
100B,7022,0.0039541390015074285,100,112,25.289955654537486
100B,7023,0.00446696300059557,100,112,22.38657449964713
100B,7024,0.005379653001000406,100,112,18.588559518876753
100B,7025,0.005591866000031587,100,112,17.883118086061994
100B,7026,0.005297081999742659,100,112,18.87831829011863
100B,7027,0.004207070000120439,100,112,23.769511797316714
100B,7028,0.004226683999149827,100,112,23.659208973302576
100B,7029,0.004349982998974156,100,112,22.988595593036276
100B,7030,0.004906345000563306,100,112,20.381770949356156
100B,7031,0.0035765420016105054,100,112,27.959968023574255
100B,7032,0.003679725999973016,100,112,27.175936469382044
100B,7033,0.004058876000271994,100,112,24.637362657370858
100B,7034,0.0047335749986814335,100,112,21.12568196930557
100B,7035,0.004933393000101205,100,112,20.270025112118287
100B,7036,0.0036907920002704486,100,112,27.094455605374765
100B,7037,0.004562727999655181,100,112,21.916712985643088
100B,7038,0.0053267819985194365,100,112,18.773060363235196
100B,7039,0.004290068000045721,100,112,23.309653832744434
100B,7040,0.005026843999075936,100,112,19.893197405446156
100B,7041,0.0036604189990612213,100,112,27.319276843893213
100B,7042,0.0039509360012743855,100,112,25.310458070630535
100B,7043,0.0042289220000384375,100,112,23.64668821016114
100B,7044,0.004337164000389748,100,112,23.05654109252354
100B,7045,0.005325612999513396,100,112,18.777181144994397
100B,7046,0.005441534000055981,100,112,18.377170849060438
100B,7047,0.004344331000538659,100,112,23.018503881863715
100B,7048,0.004205772998830071,100,112,23.776841980729163
100B,7049,0.004605681999237277,100,112,21.712311014212553
100B,7050,0.00424052699963795,100,112,23.581974600925275
100B,7051,0.005345371000657906,100,112,18.707775379424938
100B,7052,0.006296724001003895,100,112,15.881274133034395
100B,7053,0.005002914000215242,100,112,19.988350788300114
100B,7054,0.004248889001246425,100,112,23.535564231182473
100B,7055,0.004187282000202686,100,112,23.881840295246292
100B,7056,0.005011524999645189,100,112,19.954006017545538
100B,7057,0.00668236599994998,100,112,14.964759487994005
100B,7058,0.004917211999782012,100,112,20.336727398459363
100B,7059,0.00410895400091249,100,112,24.337094057950672
100B,7060,0.0039726720006001415,100,112,25.171974928937814
100B,7061,0.004416781999680097,100,112,22.640918208605925
100B,7062,0.005393258999902173,100,112,18.541664696951116
100B,7063,0.006255992999285809,100,112,15.984672618945725
100B,7064,0.00561943600041559,100,112,17.795380175626953
100B,7065,0.005481611000504927,100,112,18.242812193493613
100B,7066,0.004245132000505691,100,112,23.556393532188807
100B,7067,0.0036295359986979747,100,112,27.551731140254027
100B,7068,0.004313610001190682,100,112,23.182438832531705
100B,7069,0.003993653999714297,100,112,25.039725526336014
100B,7070,0.006425348999982816,100,112,15.563356947656452
100B,7071,0.003920664001270779,100,112,25.505883688984223
100B,7072,0.004140057999393321,100,112,24.1542509826321
100B,7073,0.0049744419993658084,100,112,20.102757256542343
100B,7074,0.005174129999431898,100,112,19.326920663180026
100B,7075,0.00504357899990282,100,112,19.827190176247225
100B,7076,0.005271193000226049,100,112,18.97103748538739
100B,7077,0.0039065320015652105,100,112,25.59815200795322
100B,7078,0.0036359229998197407,100,112,27.503332717705444
100B,7079,0.004766658999869833,100,112,20.979054722129437
100B,7080,0.005627263999485876,100,112,17.77062530017008
100B,7081,0.005272886999591719,100,112,18.964942735875624
100B,7082,0.005251735001365887,100,112,19.041326337675397
100B,7083,0.004878379999354365,100,112,20.4986081472199
100B,7084,0.004235678001350607,100,112,23.608971212663842
100B,7085,0.0038789929985796334,100,112,25.77988669652585
100B,7086,0.004952141000103438,100,112,20.193286095430487
100B,7087,0.005804897000416531,100,112,17.22683451451843
100B,7088,0.004723702999399393,100,112,21.169832229654308
100B,7089,0.004854987999351579,100,112,20.59737326093407
100B,7090,0.00439734499923361,100,112,22.740994854265125
100B,7091,0.0051569679999374785,100,112,19.39123919349749
100B,7092,0.006569306999153923,100,112,15.22230579464154
100B,7093,0.005322377000993583,100,112,18.78859764750448
100B,7094,0.004362007000963786,100,112,22.925226845785666
100B,7095,0.003973258999394602,100,112,25.168256087820303
100B,7096,0.0038389470009860815,100,112,26.04880973202124
100B,7097,0.00419979899925238,100,112,23.810663324078448
100B,7098,0.005081106999568874,100,112,19.680750672734284
100B,7099,0.005787018999399152,100,112,17.280053860266
100B,7100,0.00481234300059441,100,112,20.779898687115242
100B,7101,0.005415249001089251,100,112,18.46637153340234
100B,7102,0.004663671001253533,100,112,21.442335870845373
100B,7103,0.0048150769998756004,100,112,20.768099866852296
100B,7104,0.005983497001579963,100,112,16.712634764184667
100B,7105,0.0045430570007738424,100,112,22.011610240189917
100B,7106,0.004542263999610441,100,112,22.01545308871882
100B,7107,0.004110980999030289,100,112,24.32509418642127
100B,7108,0.004039748999275616,100,112,24.754013186940924
100B,7109,0.004663616000470938,100,112,21.442588752998077
100B,7110,0.005190122999920277,100,112,19.26736611088717
100B,7111,0.005848863998835441,100,112,17.097337195720545
100B,7112,0.00468184800047311,100,112,21.359087264237285
100B,7113,0.004668405999836978,100,112,21.42058767028661
100B,7114,0.006339464000120643,100,112,15.77420425419199
100B,7115,0.004761174999657669,100,112,21.00321874478255
100B,7116,0.005375167998863617,100,112,18.604069681383233
100B,7117,0.004634008999346406,100,112,21.57958692227492
100B,7118,0.004382303999591386,100,112,22.81904678665017
100B,7119,0.004068386999279028,100,112,24.57976589191769
100B,7120,0.004342411999459728,100,112,23.028676231652305
100B,7121,0.004850577999604866,100,112,20.61609977370658
100B,7122,0.004857797999648028,100,112,20.58545868050617
100B,7123,0.005238885998551268,100,112,19.088027498146253
100B,7124,0.004123222999623977,100,112,24.25287208795635
100B,7125,0.00479285700021137,100,112,20.864382141088267
100B,7126,0.004944646998410462,100,112,20.223890609814337
100B,7127,0.004836939999222523,100,112,20.674227924281414
100B,7128,0.00555232299848285,100,112,18.01047958256834
100B,7129,0.004849283999647014,100,112,20.6216010461089
100B,7130,0.005320022000887548,100,112,18.79691474646474
100B,7131,0.004411042998981429,100,112,22.6703752430188
100B,7132,0.004913323000437231,100,112,20.352824349447637
100B,7133,0.004726032000689884,100,112,21.15939967935098
100B,7134,0.0051290949995745905,100,112,19.49661685117824
100B,7135,0.004850087001614156,100,112,20.618186842157478
100B,7136,0.0034760470007313415,100,112,28.76831066408496
100B,7137,0.0036763489988516085,100,112,27.200899596648
100B,7138,0.004761709000376868,100,112,21.00086334383001
100B,7139,0.005300379998516291,100,112,18.866571835980153
100B,7140,0.004703333999714232,100,112,21.261513642466358
100B,7141,0.004981199999747332,100,112,20.075483820178356
100B,7142,0.004640054999981658,100,112,21.551468678796976
100B,7143,0.0038449509993370157,100,112,26.008133788244113
100B,7144,0.004166165001151967,100,112,24.002889941312805
100B,7145,0.003701956000440987,100,112,27.012746771730335
100B,7146,0.004294274000130827,100,112,23.286823336599728
100B,7147,0.003930003998902976,100,112,25.44526672947765
100B,7148,0.004437605999555672,100,112,22.534672976828674
100B,7149,0.005219607000981341,100,112,19.15853051411705
100B,7150,0.006684983998638927,100,112,14.958898932347505
100B,7151,0.004754132000016398,100,112,21.03433392250259
100B,7152,0.003762308999284869,100,112,26.57942237572931
100B,7153,0.00331298699893523,100,112,30.18424160195596
100B,7154,0.004226068000207306,100,112,23.662657580307414
100B,7155,0.004044567000164534,100,112,24.724525516806118
100B,7156,0.005197928001507535,100,112,19.238435001600138
100B,7157,0.004669335001381114,100,112,21.416325873046507
100B,7158,0.004351173998657032,100,112,22.982303174008788
100B,7159,0.003976264999437262,100,112,25.14922924255612
100B,7160,0.004650050001146155,100,112,21.505145100665963
100B,7161,0.00544130000162113,100,112,18.377961143514774
100B,7162,0.004764335000800202,100,112,20.989288113284296
100B,7163,0.004231517001244356,100,112,23.632186747824278
100B,7164,0.004129204000491882,100,112,24.21774269037997
100B,7165,0.0048422820000268985,100,112,20.65142013609379
100B,7166,0.005754244000854669,100,112,17.37847751766299
100B,7167,0.004267457999958424,100,112,23.433153882469203
100B,7168,0.0039810050002415664,100,112,25.119285204095956
100B,7169,0.0040043910012173,100,112,24.972586335750147
100B,7170,0.004396690999783459,100,112,22.744377534133076
100B,7171,0.004924767999909818,100,112,20.30552505251642
100B,7172,0.005128340000737808,100,112,19.499487160682236
100B,7173,0.0054170700004760874,100,112,18.46016388771261
100B,7174,0.005432314001154737,100,112,18.408361515689847
100B,7175,0.004715830998975434,100,112,21.20517041889883
100B,7176,0.004618544000550173,100,112,21.651845254280946
100B,7177,0.004593841998939752,100,112,21.768271530252843
100B,7178,0.005317782999554765,100,112,18.80482900644358
100B,7179,0.005782797001302242,100,112,17.292669961868064
100B,7180,0.005114597001011134,100,112,19.55188257847694
100B,7181,0.005268007000267971,100,112,18.982510842319158
100B,7182,0.00482640399968659,100,112,20.719359590803766
100B,7183,0.004978295999535476,100,112,20.08719449573328
100B,7184,0.005522424999071518,100,112,18.107986983401847
100B,7185,0.005779311000878806,100,112,17.303100661098515
100B,7186,0.005196170999624883,100,112,19.244940169832574
100B,7187,0.006187854000017978,100,112,16.160691574123994
100B,7188,0.0046008040008018725,100,112,21.735331473057975
100B,7189,0.004536856000413536,100,112,22.04169583316838
100B,7190,0.003278468999269535,100,112,30.502042271035865
100B,7191,0.0045925300000817515,100,112,21.774490313230377
100B,7192,0.00454311300018162,100,112,22.011338920251884
100B,7193,0.00539256600131921,100,112,18.54404748602734
100B,7194,0.0037365550015238114,100,112,26.76261956781549
100B,7195,0.00354537299972435,100,112,28.205776940190756
100B,7196,0.0042833540010178695,100,112,23.34619085329782
100B,7197,0.005315152000548551,100,112,18.81413739243572
100B,7198,0.0037063550007587764,100,112,26.980685870492085
100B,7199,0.003920823000953533,100,112,25.50484935833122
100B,7200,0.004085402999407961,100,112,24.477389382269404
100B,7201,0.004294192000088515,100,112,23.287268011756048
100B,7202,0.005245616999673075,100,112,19.063534376648608
100B,7203,0.005578013999183895,100,112,17.92752761370458
100B,7204,0.004837302998566884,100,112,20.67267649548237
100B,7205,0.004339649000030477,100,112,23.043338297474687
100B,7206,0.004540229001577245,100,112,22.025320741588292
100B,7207,0.004923435999444337,100,112,20.31101856737573
100B,7208,0.0052256029994168784,100,112,19.136547497228346
100B,7209,0.005205420000493177,100,112,19.21074572090738
100B,7210,0.004959904999850551,100,112,20.161676484330478
100B,7211,0.005403184000897454,100,112,18.507605882640732
100B,7212,0.004682840000896249,100,112,21.35456261176145
100B,7213,0.004846578998694895,100,112,20.633110494418514
100B,7214,0.004988648001017282,100,112,20.045511324833516
100B,7215,0.006289609000305063,100,112,15.899239522703196
100B,7216,0.005203013999562245,100,112,19.21962923959334
100B,7217,0.0057755529996939,100,112,17.314359335859255
100B,7218,0.004555231000267668,100,112,21.952783512872113
100B,7219,0.00414153699966846,100,112,24.145625164764972
100B,7220,0.00457190300039656,100,112,21.87273001884033
100B,7221,0.005233568999756244,100,112,19.107419813258897
100B,7222,0.005308856001647655,100,112,18.83644988090919
100B,7223,0.005112320999614894,100,112,19.56058706163656
100B,7224,0.005375923999963561,100,112,18.601453443292318
100B,7225,0.0036997410006733844,100,112,27.02891904644113
100B,7226,0.003913123999154777,100,112,25.5550296953533
100B,7227,0.004085255999598303,100,112,24.478270152429335
100B,7228,0.0057304799993289635,100,112,17.450545157074096
100B,7229,0.005060471999968286,100,112,19.76100253111305
100B,7230,0.00419343399880745,100,112,23.846804320382418
100B,7231,0.00459725300061109,100,112,21.752120230648064
100B,7232,0.005049813998994068,100,112,19.802709569089114
100B,7233,0.00559231599982013,100,112,17.881679075934976
100B,7234,0.005559458000789164,100,112,17.987364952807454
100B,7235,0.005002803000024869,100,112,19.988794281826188
100B,7236,0.004249835001246538,100,112,23.530325288080256
100B,7237,0.00386577499921259,100,112,25.868034228678273
100B,7238,0.004364647000329569,100,112,22.91136029842714
100B,7239,0.0052840919997834135,100,112,18.924727276530923
100B,7240,0.006929396999112214,100,112,14.43127013978444
100B,7241,0.004530674001216539,100,112,22.071771213984682
100B,7242,0.003672408998681931,100,112,27.230082497862067
100B,7243,0.0033798280001064995,100,112,29.58730444177898
100B,7244,0.0047481599995080614,100,112,21.06078986604508
100B,7245,0.004695585999797913,100,112,21.296596421469815
100B,7246,0.005067326999778743,100,112,19.73427015946797
100B,7247,0.005533854000532301,100,112,18.07058877779952
100B,7248,0.004902349000985851,100,112,20.398384525436732
100B,7249,0.0047516849990643095,100,112,21.0451660873336
100B,7250,0.005413382001279388,100,112,18.472740326909538
100B,7251,0.00557748699975491,100,112,17.929221530125353
100B,7252,0.005629188000966678,100,112,17.76455147400076
100B,7253,0.0052415009995456785,100,112,19.078504422429333
100B,7254,0.005032795001170598,100,112,19.869674798345773
100B,7255,0.00488329700056056,100,112,20.477968058981638
100B,7256,0.004171579001194914,100,112,23.971738272571567
100B,7257,0.005009564998545102,100,112,19.96181305742962
100B,7258,0.005370388000301318,100,112,18.620628527098837
100B,7259,0.004955381999025121,100,112,20.180078956510947
100B,7260,0.005166664999705972,100,112,19.35484495427725
100B,7261,0.004512559000431793,100,112,22.160375075523955
100B,7262,0.004653781999877538,100,112,21.48789951970923
100B,7263,0.005444054000690812,100,112,18.36866423207975
100B,7264,0.007310950000828598,100,112,13.678112965984768
100B,7265,0.005413314998804708,100,112,18.472968970414726
100B,7266,0.004143509000641643,100,112,24.13413364964683
100B,7267,0.004234856000039144,100,112,23.613553801847253
100B,7268,0.003926252999008284,100,112,25.469576215607756
100B,7269,0.0045048090014461195,100,112,22.198499418709723
100B,7270,0.004097336999620893,100,112,24.40609596165815
100B,7271,0.004573453999910271,100,112,21.865312300498037
100B,7272,0.004774910001287935,100,112,20.94280310477622
100B,7273,0.004305503000068711,100,112,23.226089959385494
100B,7274,0.004670843998610508,100,112,21.409406957232612
100B,7275,0.004970384999978705,100,112,20.119165819233004
100B,7276,0.004829218998565921,100,112,20.707282073912133
100B,7277,0.0043535719996725675,100,112,22.96964423868975
100B,7278,0.004508824998993077,100,112,22.17872727868841
100B,7279,0.00410490300055244,100,112,24.361111574753885
100B,7280,0.0040972810002131155,100,112,24.406429530900766
100B,7281,0.004764141000123345,100,112,20.99014281848731
100B,7282,0.006010068000250612,100,112,16.63874684875947
100B,7283,0.004661319000661024,100,112,21.45315520903396
100B,7284,0.003913632001058431,100,112,25.551712571073434
100B,7285,0.004318768000302953,100,112,23.154751538629814
100B,7286,0.003981380999903195,100,112,25.116912951167308
100B,7287,0.004259819001163123,100,112,23.475175816788337
100B,7288,0.004663882000386366,100,112,21.441365796071985
100B,7289,0.004785900000570109,100,112,20.89471154601804
100B,7290,0.004611064001437626,100,112,21.686968554073907
100B,7291,0.00433277499905671,100,112,23.07989683788589
100B,7292,0.004581152001264854,100,112,21.82857062424256
100B,7293,0.00536158600152703,100,112,18.65119760673783
100B,7294,0.005026443999668118,100,112,19.89478048628468
100B,7295,0.005203175000133342,100,112,19.219034531307766
100B,7296,0.004529230000116513,100,112,22.07880809705569
100B,7297,0.0037586260004900396,100,112,26.605466994311826
100B,7298,0.00376323999989836,100,112,26.572846802941314
100B,7299,0.004608826000549016,100,112,21.69749953417372
100B,7300,0.005502594998688437,100,112,18.173243719342484
100B,7301,0.004196665000563371,100,112,23.828444726127948
100B,7302,0.004301035000025877,100,112,23.250217680023148
100B,7303,0.004098293999049929,100,112,24.400396853710863
100B,7304,0.0043619940006465185,100,112,22.92529517124012
100B,7305,0.004215142000248306,100,112,23.72399316419451
100B,7306,0.004302411000026041,100,112,23.24278177965674
100B,7307,0.00428024299981189,100,112,23.363159522577305
100B,7308,0.0035137140002916567,100,112,28.45991449267057
100B,7309,0.004087880000952282,100,112,24.462557603624553
100B,7310,0.004955485999744269,100,112,20.179655437460738
100B,7311,0.0037527000004047295,100,112,26.64748047784661
100B,7312,0.00428602099964337,100,112,23.331663565885652
100B,7313,0.004336817999501363,100,112,23.05838059413555
100B,7314,0.003444185000262223,100,112,29.034445011631632
100B,7315,0.0054132000004756264,100,112,18.473361411219535
100B,7316,0.0038561099991056835,100,112,25.93287017828646
100B,7317,0.0035328689991729334,100,112,28.305606583037928
100B,7318,0.0036421999993763166,100,112,27.455933231871896
100B,7319,0.0039754739991622046,100,112,25.15423318604878
100B,7320,0.004722872999991523,100,112,21.17355262362115
100B,7321,0.004960324999046861,100,112,20.159969360720368
100B,7322,0.00415634700038936,100,112,24.059588862679696
100B,7323,0.0053995870002836455,100,112,18.51993494960761
100B,7324,0.005041245000029448,100,112,19.836369785522393
100B,7325,0.00466673699884268,100,112,21.428248479569202
100B,7326,0.0054715340011171065,100,112,18.27641023149693
100B,7327,0.004803972999070538,100,112,20.816103674884886
100B,7328,0.004704533999756677,100,112,21.256090402401615
100B,7329,0.004601989001457696,100,112,21.72973467957543
100B,7330,0.004414918999827933,100,112,22.65047218395115
100B,7331,0.004226424000080442,100,112,23.660664428863903
100B,7332,0.005097354000099585,100,112,19.618021427989174
100B,7333,0.005585829998381087,100,112,17.90244243540933
100B,7334,0.005376029999752063,100,112,18.601086676341446
100B,7335,0.005241457998636179,100,112,19.078660942436226
100B,7336,0.004762774999107933,100,112,20.996162955153242
100B,7337,0.004595538999637938,100,112,21.760233132148056
100B,7338,0.005176773000130197,100,112,19.317053306661307
100B,7339,0.003990206998423673,100,112,25.061356475868266
100B,7340,0.0049979649993474595,100,112,20.00814331694122
100B,7341,0.004718550999314175,100,112,21.192946736092214
100B,7342,0.0034066700009134365,100,112,29.35417870624006
100B,7343,0.004120707000765833,100,112,24.267680274626418
100B,7344,0.0036179210001137108,100,112,27.640183408332305
100B,7345,0.004252415999872028,100,112,23.516043586283516
100B,7346,0.005612634999124566,100,112,17.816943381423798
100B,7347,0.004885457001364557,100,112,20.468914161370982
100B,7348,0.0054678180003975285,100,112,18.288831119237997
100B,7349,0.004157625999141601,100,112,24.05218747926013
100B,7350,0.0033781239999370882,100,112,29.60222892998076
100B,7351,0.0036383380011102417,100,112,27.485076969068
100B,7352,0.005216397999902256,100,112,19.170316375758482
100B,7353,0.003932002000510693,100,112,25.432337009750224
100B,7354,0.003486715999315493,100,112,28.680282540829783
100B,7355,0.002872858000046108,100,112,34.80854257272551
100B,7356,0.005145006000020658,100,112,19.436323300613935
100B,7357,0.0042365869994682726,100,112,23.60390569402938
100B,7358,0.005240730000878102,100,112,19.08131118818269
100B,7359,0.003895477000696701,100,112,25.670797178911627
100B,7360,0.0037995380007487256,100,112,26.318989303513824
100B,7361,0.003412247999222018,100,112,29.306193460381454
100B,7362,0.004625745001249015,100,112,21.61813934252723
100B,7363,0.005455844999232795,100,112,18.32896645965237
100B,7364,0.0040855370007193414,100,112,24.47658654967339
100B,7365,0.003801904998908867,100,112,26.302603570762457
100B,7366,0.0034694179994403385,100,112,28.823278145248363
100B,7367,0.0047483650014328305,100,112,21.059880605181945
100B,7368,0.005619348001346225,100,112,17.79565885153278
100B,7369,0.005192381000597379,100,112,19.258987348673966
100B,7370,0.004599763000442181,100,112,21.740250528209145
100B,7371,0.004541821999737294,100,112,22.01759558295859
100B,7372,0.0043228409995208494,100,112,23.13293503302207
100B,7373,0.004392576998725417,100,112,22.765679469936835
100B,7374,0.005026814000302693,100,112,19.893316123090777
100B,7375,0.004293006999432691,100,112,23.293696006835003
100B,7376,0.004186913998637465,100,112,23.8839393482987
100B,7377,0.004203407999739284,100,112,23.790219746977336
100B,7378,0.004527256998699158,100,112,22.088430152901314
100B,7379,0.005149841001184541,100,112,19.418075233196227
100B,7380,0.006082719000914949,100,112,16.440016378359452
100B,7381,0.004818195000552805,100,112,20.75466019713331
100B,7382,0.00468971600093937,100,112,21.323252832361188
100B,7383,0.004367840001577861,100,112,22.894611515961092
100B,7384,0.004601397000442375,100,112,21.732530357712246
100B,7385,0.004806166998605477,100,112,20.806601191555618
100B,7386,0.0052455610002652975,100,112,19.063737890941013
100B,7387,0.004780671999469632,100,112,20.91756138281271
100B,7388,0.006267939001190825,100,112,15.954207592160888
100B,7389,0.006473131999882753,100,112,15.448472239066234
100B,7390,0.003818098000920145,100,112,26.19105114009657
100B,7391,0.003633865000665537,100,112,27.518908925258682
100B,7392,0.0047791010001674294,100,112,20.924437461459096
100B,7393,0.005020586999307852,100,112,19.91798967208141
100B,7394,0.0049188610009878175,100,112,20.329909704689307
100B,7395,0.004995761999452952,100,112,20.01696638289619
100B,7396,0.004365832999610575,100,112,22.905136318526118
100B,7397,0.004708353999376413,100,112,21.238844830538284
100B,7398,0.004757647999213077,100,112,21.01878911944309
100B,7399,0.005404146999353543,100,112,18.504307897613117
100B,7400,0.005986164000205463,100,112,16.70518883154015
100B,7401,0.005384572999901138,100,112,18.5715747565937
100B,7402,0.0041783679989748634,100,112,23.932789075671263
100B,7403,0.004258704999301699,100,112,23.481316507341322
100B,7404,0.004104743999050697,100,112,24.362055227592016
100B,7405,0.005298845999277546,100,112,18.87203364914439
100B,7406,0.006313125000815489,100,112,15.840015837969728
100B,7407,0.0061754929993185215,100,112,16.19303916481408
100B,7408,0.005073505999462213,100,112,19.71023588236614
100B,7409,0.004369749000034062,100,112,22.88460961927573
100B,7410,0.0040470650001225295,100,112,24.709264614473053
100B,7411,0.004893850000371458,100,112,20.433809780113755
100B,7412,0.005369983000491629,100,112,18.622032879963466
100B,7413,0.005673306999597116,100,112,17.626403790082467
100B,7414,0.005764451001596171,100,112,17.347705787127012
100B,7415,0.0038359149984898977,100,112,26.069399358267184
100B,7416,0.00583851000010327,100,112,17.127657569864784
100B,7417,0.0037629670005117077,100,112,26.57477463565359
100B,7418,0.003726585000549676,100,112,26.834219529475345
100B,7419,0.004646800000045914,100,112,21.520185934193837
100B,7420,0.005315459000485134,100,112,18.813050762102225
100B,7421,0.004903619999822695,100,112,20.393097345148238
100B,7422,0.004829966001125285,100,112,20.704079485590995
100B,7423,0.004861024999627261,100,112,20.571792987624605
100B,7424,0.004892422000921215,100,112,20.43977399765813
100B,7425,0.004870783001024392,100,112,20.53057998661994
100B,7426,0.005004280001230654,100,112,19.98289463727209
100B,7427,0.005349188000764116,100,112,18.694426142007963
100B,7428,0.003913923999789404,100,112,25.549806282743532
100B,7429,0.0038656839988107095,100,112,25.868643176929446
100B,7430,0.003932571999030188,100,112,25.428650772232785
100B,7431,0.0042759759999171365,100,112,23.38647363828466
100B,7432,0.004159309000897338,100,112,24.042455123777962
100B,7433,0.0042751940000016475,100,112,23.390751390454202
100B,7434,0.003601513999456074,100,112,27.766100594112007
100B,7435,0.0040329929997824365,100,112,24.79548067784759
100B,7436,0.005452526000226499,100,112,18.340123457613224
100B,7437,0.005926857000304153,100,112,16.872349036743795
100B,7438,0.006013334001181647,100,112,16.629709904746612
100B,7439,0.0048889919999055564,100,112,20.454114059080432
100B,7440,0.004244478999680723,100,112,23.560017615241392
100B,7441,0.0055590060001122765,100,112,17.98882749865359
100B,7442,0.005452089999380405,100,112,18.341590107897037
100B,7443,0.0047761610003362875,100,112,20.937317647574915
100B,7444,0.005847492000611965,100,112,17.101348747383422
100B,7445,0.00507126199954655,100,112,19.71895753146683
100B,7446,0.0053359470002760645,100,112,18.740815827973243
100B,7447,0.005821938999361009,100,112,17.17640806799514
100B,7448,0.005164550000699819,100,112,19.362771197190376
100B,7449,0.004844154998863814,100,112,20.643435237612085
100B,7450,0.006044425999789382,100,112,16.54416813167776
100B,7451,0.005317471001035301,100,112,18.80593236531618
100B,7452,0.005338605000360985,100,112,18.73148509643216
100B,7453,0.0054915209984756075,100,112,18.209891217343795
100B,7454,0.004663231999074924,100,112,21.444354477717955
100B,7455,0.005017910998503794,100,112,19.92861173301346
100B,7456,0.004862183001023368,100,112,20.566893508317662
100B,7457,0.0039092070001061074,100,112,25.580635662753522
100B,7458,0.004911979000098654,100,112,20.358393225620784
100B,7459,0.004326580999986618,100,112,23.112938368727942
100B,7460,0.003031523001482128,100,112,32.98671986031756
100B,7461,0.004155648000960355,100,112,24.063635798048917
100B,7462,0.005878410000150325,100,112,17.011402742823787
100B,7463,0.003969436000261339,100,112,25.192495859214308
100B,7464,0.005337886999768671,100,112,18.734004673447327
100B,7465,0.00507639099851076,100,112,19.699034221228544
100B,7466,0.0046181170000636484,100,112,21.653847227911672
100B,7467,0.004792517000169028,100,112,20.865862342579714
100B,7468,0.00396159699994314,100,112,25.242345448422768
100B,7469,0.00468370399903506,100,112,21.350623357198078
100B,7470,0.004564457000014954,100,112,21.9084110113585
100B,7471,0.0033736629993654788,100,112,29.641372009832658
100B,7472,0.0042760359992826125,100,112,23.386145490069993
100B,7473,0.004004694999821368,100,112,24.97069065296123
100B,7474,0.004163200999755645,100,112,24.019978859024437
100B,7475,0.005698275999748148,100,112,17.54916750336765
100B,7476,0.004159451998930308,100,112,24.04162856686822
100B,7477,0.004567006999423029,100,112,21.896178397062556
100B,7478,0.00432561799971154,100,112,23.118083937756094
100B,7479,0.004454944999451982,100,112,22.446966239157014
100B,7480,0.004631138999684481,100,112,21.59296017822246
100B,7481,0.005866370998774073,100,112,17.046313644482684
100B,7482,0.005720951001421781,100,112,17.479611339993614
100B,7483,0.004405752999446122,100,112,22.697595623851747
100B,7484,0.004687046999606537,100,112,21.33539518771514
100B,7485,0.005041244001404266,100,112,19.836373714929184
100B,7486,0.005477373999383417,100,112,18.25692384913955
100B,7487,0.00439899599950877,100,112,22.732459863834126
100B,7488,0.005227087998719071,100,112,19.131110864118913
100B,7489,0.006341178999718977,100,112,15.769938051651234
100B,7490,0.006777512999178725,100,112,14.754674762278972
100B,7491,0.0057205089997296454,100,112,17.480961922221617
100B,7492,0.004331075000663986,100,112,23.088955971593485
100B,7493,0.004131419000259484,100,112,24.204758702450476
100B,7494,0.0035033989988733083,100,112,28.543708561930845
100B,7495,0.004586904999086983,100,112,21.801192747594484
100B,7496,0.005358874999728869,100,112,18.66063306292076
100B,7497,0.005646087000059197,100,112,17.711381351182073
100B,7498,0.0048897690012381645,100,112,20.450863829084454
100B,7499,0.004329539000536897,100,112,23.097147291570582
100B,7500,0.004813780000404222,100,112,20.77369551404568
100B,7501,0.0049313119998259936,100,112,20.27857900768165
100B,7502,0.006323900999632315,100,112,15.813024271855966
100B,7503,0.004786422001416213,100,112,20.892432796442073
100B,7504,0.0050844030010921415,100,112,19.66799248181542
100B,7505,0.0049303020005027065,100,112,20.282733185472967
100B,7506,0.004452058999959263,100,112,22.461517244249237
100B,7507,0.005564749000768643,100,112,17.970262447809827
100B,7508,0.004679611000028672,100,112,21.369297576099235
100B,7509,0.004742358998555574,100,112,21.08655207892485
100B,7510,0.005896099999517901,100,112,16.960363631583007
100B,7511,0.003400473999136011,100,112,29.407664938890257
100B,7512,0.003957082000852097,100,112,25.27114676381903
100B,7513,0.0046736320000491105,100,112,21.396635421648345
100B,7514,0.0038856560004205676,100,112,25.735680150063825
100B,7515,0.004797317000338808,100,112,20.844984809829654
100B,7516,0.004200953000690788,100,112,23.80412253685209
100B,7517,0.004082151001057355,100,112,24.496889011234053
100B,7518,0.0042439640001248335,100,112,23.56287659298207
100B,7519,0.004445586000656476,100,112,22.49422235566539
100B,7520,0.005446815999675891,100,112,18.359349756986543
100B,7521,0.005289703000016743,100,112,18.904653058911524
100B,7522,0.004966332999174483,100,112,20.13558092391756
100B,7523,0.004540525000265916,100,112,22.02388490188767
100B,7524,0.004527676999714458,100,112,22.086381163299983
100B,7525,0.004865898999923957,100,112,20.55118694439872
100B,7526,0.003959932999350713,100,112,25.252952516215913
100B,7527,0.0045543420001195045,100,112,21.95706866049498
100B,7528,0.005049281999163213,100,112,19.80479601190276
100B,7529,0.005401914000685792,100,112,18.511957055833292
100B,7530,0.004116221000003861,100,112,24.294128036348436
100B,7531,0.004077173000041512,100,112,24.526798347527038
100B,7532,0.004452686000149697,100,112,22.458354349854908
100B,7533,0.005055489998994744,100,112,19.780476278240968
100B,7534,0.005859454000528785,100,112,17.066436564051106
100B,7535,0.006620957999984967,100,112,15.103554500757603
100B,7536,0.004480067000258714,100,112,22.321094750195748
100B,7537,0.003954752999561606,100,112,25.286029244072953
100B,7538,0.004137932999583427,100,112,24.166655189938353
100B,7539,0.005122505999679561,100,112,19.521695046575935
100B,7540,0.005791589999716962,100,112,17.266415613827473
100B,7541,0.005349564999050926,100,112,18.693108695331514
100B,7542,0.0051893380004912615,100,112,19.270280716063063
100B,7543,0.00509906899969792,100,112,19.611423184491954
100B,7544,0.005072492000181228,100,112,19.71417599011043
100B,7545,0.004739185000289581,100,112,21.100674481770525
100B,7546,0.004081597000549664,100,112,24.500214006069957
100B,7547,0.005050396001024637,100,112,19.800427526814083
100B,7548,0.0058122640002693515,100,112,17.204999634456694
100B,7549,0.005074771001090994,100,112,19.705322659584365
100B,7550,0.005480117999468348,100,112,18.247782257553844
100B,7551,0.005776108000645763,100,112,17.312695674807344
100B,7552,0.004771805000927998,100,112,20.95643052902465
100B,7553,0.004995461000362411,100,112,20.01817249554049
100B,7554,0.005436167999505415,100,112,18.395310816203263
100B,7555,0.005848351000167895,100,112,17.09883691952299
100B,7556,0.005962836999970023,100,112,16.770540600137608
100B,7557,0.0054259690004982986,100,112,18.429887821109265
100B,7558,0.0053813970007468015,100,112,18.58253535023016
100B,7559,0.0059106410008098464,100,112,16.91863877137835
100B,7560,0.004684548001023359,100,112,21.346776674751673
100B,7561,0.004628358001355082,100,112,21.60593453892767
100B,7562,0.005030346999774338,100,112,19.879344308550884
100B,7563,0.0065853460000653286,100,112,15.185230965693824
100B,7564,0.005463069999677828,100,112,18.304726098310525
100B,7565,0.004556770998533466,100,112,21.945364388990278
100B,7566,0.00428442300108145,100,112,23.340365779653077
100B,7567,0.004157074999966426,100,112,24.055375474536216
100B,7568,0.004094904999874416,100,112,24.420590954629436
100B,7569,0.0044623180001508445,100,112,22.40987755615346
100B,7570,0.004801480999958585,100,112,20.82690736480318
100B,7571,0.005232666000665631,100,112,19.110717173096717
100B,7572,0.005050660000051721,100,112,19.79939255443367
100B,7573,0.005931038000198896,100,112,16.86045511707167
100B,7574,0.004648690999601968,100,112,21.511431929668426
100B,7575,0.004455986001630663,100,112,22.44172220545691
100B,7576,0.005069947999800206,100,112,19.724068176624446
100B,7577,0.00505212899952312,100,112,19.793635516717643
100B,7578,0.0062723579994781176,100,112,15.942967542401176
100B,7579,0.0051319150006747805,100,112,19.485903407763242
100B,7580,0.00578201299867942,100,112,17.29501473324938
100B,7581,0.004333087999839336,100,112,23.078229660627215
100B,7582,0.0037375209994934266,100,112,26.755702513391554
100B,7583,0.004133214000830776,100,112,24.194246893555476
100B,7584,0.0049555850000615465,100,112,20.179252297913976
100B,7585,0.005943767999269767,100,112,16.82434442466222
100B,7586,0.005664485001034336,100,112,17.653855554695614
100B,7587,0.005257353001070442,100,112,19.02097880428405
100B,7588,0.004719463000583346,100,112,21.188851356105463
100B,7589,0.004699997998613981,100,112,21.27660480482966
100B,7590,0.004336351001256844,100,112,23.060863839439218
100B,7591,0.004157915000178036,100,112,24.050515702153156
100B,7592,0.00551612799972645,100,112,18.128658364156724
100B,7593,0.00510823000149685,100,112,19.57625243395409
100B,7594,0.004501344001255347,100,112,22.21558716065951
100B,7595,0.0042371399995317915,100,112,23.600825087452883
100B,7596,0.004891435000899946,100,112,20.443898361442315
100B,7597,0.005052925998825231,100,112,19.79051346155659
100B,7598,0.004542689999652794,100,112,22.013388544594324
100B,7599,0.005193286000576336,100,112,19.25563121093317
100B,7600,0.0060387760004232405,100,112,16.559647185620282
100B,7601,0.0046967779999249615,100,112,21.29119153632504
100B,7602,0.004567625999698066,100,112,21.89321104806092
100B,7603,0.004604911999194883,100,112,21.715941589651198
100B,7604,0.0054800569996587,100,112,18.24798537793093
100B,7605,0.004525819000264164,100,112,22.095448358443672
100B,7606,0.005258194001726224,100,112,19.01793657045951
100B,7607,0.00514273099906859,100,112,19.444921388676793
100B,7608,0.004395267998916097,100,112,22.751741196364062
100B,7609,0.0037877369995840127,100,112,26.40098824469135
100B,7610,0.004427784000654356,100,112,22.584660856361012
100B,7611,0.004666969000027166,100,112,21.427183253074517
100B,7612,0.0051195609994465485,100,112,19.53292479781187
100B,7613,0.005339097999240039,100,112,18.729755478216337
100B,7614,0.004859291000684607,100,112,20.57913386663021
100B,7615,0.0054964369992376305,100,112,18.193604332019135
100B,7616,0.004358766000223113,100,112,22.942273110068598
100B,7617,0.003649574000519351,100,112,27.400458241364483
100B,7618,0.0038691969984938623,100,112,25.84515599462275
100B,7619,0.003281608998804586,100,112,30.47285646657712
100B,7620,0.004615312998794252,100,112,21.667002871988302
100B,7621,0.007379069000307936,100,112,13.551845089919459
100B,7622,0.004787075000422192,100,112,20.88958288541136
100B,7623,0.004460580999875674,100,112,22.41860421384282
100B,7624,0.004527446999418316,100,112,22.08750318067731
100B,7625,0.004304595000576228,100,112,23.23098920725728
100B,7626,0.004660915001295507,100,112,21.45501472826792
100B,7627,0.005162294999536243,100,112,19.3712292708928
100B,7628,0.0039108450000640005,100,112,25.569921589416996
100B,7629,0.0037077619999763556,100,112,26.970447402135765
100B,7630,0.004038574001242523,100,112,24.761215213398003
100B,7631,0.004617022999809706,100,112,21.658978091320225
100B,7632,0.0047815609996177955,100,112,20.913672335873848
100B,7633,0.005387232000430231,100,112,18.562408300220575
100B,7634,0.0037328730013541644,100,112,26.789017457524878
100B,7635,0.00425671599987254,100,112,23.492288422106228
100B,7636,0.005058820001067943,100,112,19.767455647540235
100B,7637,0.006813918000261765,100,112,14.675844352127275
100B,7638,0.0046098990005702944,100,112,21.69244922451206
100B,7639,0.005049526998845977,100,112,19.803835096406868
100B,7640,0.00459088299976429,100,112,21.782302011428804
100B,7641,0.003929586000595009,100,112,25.44797339588909
100B,7642,0.0035217099994042655,100,112,28.39529660787403
100B,7643,0.004622348000339116,100,112,21.63402668787888
100B,7644,0.004989088000002084,100,112,20.043743465731254
100B,7645,0.006146502999399672,100,112,16.269413682831843
100B,7646,0.005522576000657864,100,112,18.10749186395764
100B,7647,0.005831634998685331,100,112,17.147849620654195
100B,7648,0.0055926980003278,100,112,17.880457695755926
100B,7649,0.00466562100154988,100,112,21.433374028190638
100B,7650,0.0048170179998123785,100,112,20.759731436314947
100B,7651,0.004898976998447324,100,112,20.412424886194376
100B,7652,0.00525339700106997,100,112,19.03530229671064
100B,7653,0.005617300999801955,100,112,17.802143770384678
100B,7654,0.005324527999619022,100,112,18.78100744463268
100B,7655,0.004901162999885855,100,112,20.403320600096126
100B,7656,0.004442442999788909,100,112,22.510136878458923
100B,7657,0.004279483999198419,100,112,23.367303165225245
100B,7658,0.0043456980001792544,100,112,23.011263091884235
100B,7659,0.005210761999478564,100,112,19.19105113801147
100B,7660,0.005540526999538997,100,112,18.048824598873097
100B,7661,0.004943722000462003,100,112,20.2276746124994
100B,7662,0.0046388020000449615,100,112,21.557290006995505
100B,7663,0.004538143000900163,100,112,22.03544489015981
100B,7664,0.004069394000907778,100,112,24.57368344714042
100B,7665,0.004482941001697327,100,112,22.306784756287914
100B,7666,0.004037726999740698,100,112,24.76640941956253
100B,7667,0.0047106179990805686,100,112,21.228637095922082
100B,7668,0.005634458999338676,100,112,17.747932855973772
100B,7669,0.004297044000850292,100,112,23.271811966601266
100B,7670,0.0033369070006301627,100,112,29.967871439364465
100B,7671,0.0038417710002249805,100,112,26.029661839329787
100B,7672,0.00361785400127701,100,112,27.64069527534902
100B,7673,0.003909852001015679,100,112,25.576415673540218
100B,7674,0.004867978999754996,100,112,20.542405792020254
100B,7675,0.00460188099896186,100,112,21.730244659207624
100B,7676,0.004074767000929569,100,112,24.54128051424466
100B,7677,0.004750678999698721,100,112,21.049622592126685
100B,7678,0.004369693999251467,100,112,22.884897664946354
100B,7679,0.0057042659991566325,100,112,17.53073927737326
100B,7680,0.004452019000382279,100,112,22.461719051830947
100B,7681,0.003264299000875326,100,112,30.634448613066656
100B,7682,0.0038230419995670673,100,112,26.157180593706347
100B,7683,0.004264130000592559,100,112,23.451442612233595
100B,7684,0.004620353000063915,100,112,21.643367941500717
100B,7685,0.005372681000153534,100,112,18.612681452173003
100B,7686,0.005140894998476142,100,112,19.45186587736997
100B,7687,0.005069302998890635,100,112,19.726577800120445
100B,7688,0.0051580330000433605,100,112,19.387235405271614
100B,7689,0.004351650999524281,100,112,22.979783997138536
100B,7690,0.0052523250014928635,100,112,19.03918740206996
100B,7691,0.005372644000090077,100,112,18.6128096330826
100B,7692,0.005791950999991968,100,112,17.265339434007412
100B,7693,0.0060265280008025,100,112,16.593302144565474
100B,7694,0.004219622000164236,100,112,23.6988052475098
100B,7695,0.004425416000231053,100,112,22.596745705890466
100B,7696,0.004751382999529596,100,112,21.046503725315418
100B,7697,0.004246939999575261,100,112,23.54636514996705
100B,7698,0.00552342299852171,100,112,18.104715142541867
100B,7699,0.004888725999990129,100,112,20.455226985558593
100B,7700,0.004897195000012289,100,112,20.419852589032917
100B,7701,0.0046752779999224,100,112,21.389102423783097
100B,7702,0.004372260000309325,100,112,22.871466928527877
100B,7703,0.010459078999701887,100,112,9.561071295364561
100B,7704,0.0039100230005715275,100,112,25.575297123669866
100B,7705,0.003195417999450001,100,112,31.294810261822434
100B,7706,0.004812710001715459,100,112,20.778314081745144
100B,7707,0.003961354999773903,100,112,25.243887509629296
100B,7708,0.0034244809994561365,100,112,29.201505283831807
100B,7709,0.0033691900007397635,100,112,29.680724440605395
100B,7710,0.003872404000503593,100,112,25.823751857243032
100B,7711,0.007041135999315884,100,112,14.202253728619358
100B,7712,0.0056205290002253605,100,112,17.7919195855035
100B,7713,0.0043510510004125535,100,112,22.982952852200146
100B,7714,0.002557370000431547,100,112,39.102671878971506
100B,7715,0.0032909499986999435,100,112,30.386362612468737
100B,7716,0.0031923139995342353,100,112,31.325239313736112
100B,7717,0.004298120000385097,100,112,23.265986056936597
100B,7718,0.003391643000213662,100,112,29.48423521983308
100B,7719,0.004259852999894065,100,112,23.474988456758208
100B,7720,0.0033807379986683372,100,112,29.579340380529256
100B,7721,0.004301133998524165,100,112,23.24968253356271
100B,7722,0.005091517999971984,100,112,19.640507997919332
100B,7723,0.0035526920000847895,100,112,28.147669428594813
100B,7724,0.0036453760003496427,100,112,27.432012497588342
100B,7725,0.003007433000675519,100,112,33.25094855896652
100B,7726,0.0034650569996301783,100,112,28.859554117197174
100B,7727,0.0036597319995053113,100,112,27.324405178717207
100B,7728,0.0035989019997941796,100,112,27.786252586405237
100B,7729,0.003618259001086699,100,112,27.637601390604225
100B,7730,0.004774096998517052,100,112,20.946369550317552
100B,7731,0.00437183800022467,100,112,22.873674640931565
100B,7732,0.004882335000729654,100,112,20.48200297297404
100B,7733,0.0043878699998458615,100,112,22.790100892577225
100B,7734,0.004104456000277423,100,112,24.36376464828492
100B,7735,0.00465506700129481,100,112,21.481967922735574
100B,7736,0.0037158119994273875,100,112,26.91201815791815
100B,7737,0.004386279999380349,100,112,22.798362168882747
100B,7738,0.0034003769997070776,100,112,29.40850382431548
100B,7739,0.0034130760013795225,100,112,29.299083864403038
100B,7740,0.004422439000336453,100,112,22.611956884513756
100B,7741,0.003679063998788479,100,112,27.180826436542052
100B,7742,0.005724491000364651,100,112,17.46880202862228
100B,7743,0.004214734000925091,100,112,23.726289720312366
100B,7744,0.004281912000806187,100,112,23.354053044801542
100B,7745,0.004039708999698632,100,112,24.75425829124329
100B,7746,0.004733694999231375,100,112,21.125146427101306
100B,7747,0.004185821000646683,100,112,23.89017590206333
100B,7748,0.005028474999562604,100,112,19.886744989027164
100B,7749,0.00427275199945143,100,112,23.404119877034475
100B,7750,0.004204382999887457,100,112,23.784702773909228
100B,7751,0.004362998999567935,100,112,22.920014423542828
100B,7752,0.005018093999751727,100,112,19.927884970856972
100B,7753,0.005424382999990485,100,112,18.43527641764518
100B,7754,0.00461162399915338,100,112,21.68433506685679
100B,7755,0.0035008569993806304,100,112,28.564434370696073
100B,7756,0.0039336469999398105,100,112,25.421701540969515
100B,7757,0.004769017999933567,100,112,20.968677409351994
100B,7758,0.004661438000766793,100,112,21.452607539465347
100B,7759,0.004857259000345948,100,112,20.58774300338477
100B,7760,0.006562786000358756,100,112,15.237431175499777
100B,7761,0.004954820000421023,100,112,20.182367874413753
100B,7762,0.0044637280007009394,100,112,22.402798733322683
100B,7763,0.004693127000791719,100,112,21.307754932506672
100B,7764,0.005224680000537774,100,112,19.13992818501938
100B,7765,0.004806652999832295,100,112,20.804497433762958
100B,7766,0.004771465999510838,100,112,20.957919434038057
100B,7767,0.004723687001387589,100,112,21.169903926874255
100B,7768,0.004374190999442362,100,112,22.86137025400774
100B,7769,0.004247090000717435,100,112,23.54553352603962
100B,7770,0.0049122070013254415,100,112,20.357448286079435
100B,7771,0.005481652999151265,100,112,18.24267242298686
100B,7772,0.0059106200005771825,100,112,16.918698882728854
100B,7773,0.005540005000511883,100,112,18.050525223489917
100B,7774,0.0052735270000994205,100,112,18.962641131469457
100B,7775,0.00487324400091893,100,112,20.520211994544773
100B,7776,0.00486197400095989,100,112,20.567777610546088
100B,7777,0.004010984001070028,100,112,24.93153799001007
100B,7778,0.005409614999734913,100,112,18.485603874749
100B,7779,0.004547751999780303,100,112,21.988885938554013
100B,7780,0.003923229000065476,100,112,25.48920799635481
100B,7781,0.003941765999115887,100,112,25.369339535231
100B,7782,0.004072084999279468,100,112,24.557444163786958
100B,7783,0.004670474998420104,100,112,21.41109845012066
100B,7784,0.0048218410011031665,100,112,20.738966709421042
100B,7785,0.004284216000087326,100,112,23.341493518991964
100B,7786,0.004365210001196829,100,112,22.908405316716163
100B,7787,0.004672330000175862,100,112,21.402597846521136
100B,7788,0.004375770000478951,100,112,22.853120705396872
100B,7789,0.00462608099951467,100,112,21.61656918901575
100B,7790,0.003402385000299546,100,112,29.391147677642596
100B,7791,0.0035856829999829642,100,112,27.888689546865997
100B,7792,0.004131077001147787,100,112,24.206762539699888
100B,7793,0.004206853000141564,100,112,23.770737888068567
100B,7794,0.0049621050002315314,100,112,20.152737597316868
100B,7795,0.00474883199967735,100,112,21.057809584924104
100B,7796,0.003442979999817908,100,112,29.04460670851669
100B,7797,0.004329446999690845,100,112,23.097638106469663
100B,7798,0.003798461999394931,100,112,26.326444759992157
100B,7799,0.0044912360008311225,100,112,22.26558568320493
100B,7800,0.004780516999744577,100,112,20.918239597378903
100B,7801,0.0047367789993586484,100,112,21.11139236463002
100B,7802,0.004182561000561691,100,112,23.908796545124062
100B,7803,0.004718082998806494,100,112,21.195048926713756
100B,7804,0.005760113999713212,100,112,17.36076751345179
100B,7805,0.005593904001216288,100,112,17.876602812321575
100B,7806,0.004796683999302331,100,112,20.847735647073023
100B,7807,0.0054300890005833935,100,112,18.415904415057707
100B,7808,0.005718860000342829,100,112,17.486002453986508
100B,7809,0.004568198999550077,100,112,21.890464931551584
100B,7810,0.004960955000569811,100,112,20.157409206193986
100B,7811,0.0054084330004116055,100,112,18.489643856619757
100B,7812,0.0054517839998879936,100,112,18.34261959058805
100B,7813,0.005175222999241669,100,112,19.322838844751832
100B,7814,0.0048012739989644615,100,112,20.8278052911723
100B,7815,0.004618821001713513,100,112,21.650546744050374
100B,7816,0.0042698760007624514,100,112,23.419883851930003
100B,7817,0.004822771999897668,100,112,20.734963212468234
100B,7818,0.005290780998620903,100,112,18.90080122879137
100B,7819,0.0038930029986659065,100,112,25.687110961452895
100B,7820,0.004653546000554343,100,112,21.488989254234887
100B,7821,0.004577552999762702,100,112,21.84573286320966
100B,7822,0.005446110999400844,100,112,18.361726378878718
100B,7823,0.006169111999042798,100,112,16.209788380485886
100B,7824,0.005037730999902124,100,112,19.850206373056213
100B,7825,0.0037326199999370147,100,112,26.790833248947774
100B,7826,0.003783029000260285,100,112,26.43384441227378
100B,7827,0.005647869998938404,100,112,17.705789973706267
100B,7828,0.005071333000159939,100,112,19.71868145847378
100B,7829,0.004646096000215039,100,112,21.523446780990238
100B,7830,0.005899059000512352,100,112,16.951856218307814
100B,7831,0.003358332000061637,100,112,29.77668675942839
100B,7832,0.003739907000635867,100,112,26.738632801028952
100B,7833,0.0038180589999683434,100,112,26.191318678110825
100B,7834,0.00479775199892174,100,112,20.843094854105484
100B,7835,0.005520213999261614,100,112,18.115239737694235
100B,7836,0.005320385000231909,100,112,18.795632270153593
100B,7837,0.004813899999135174,100,112,20.77317767672058
100B,7838,0.005099608999444172,100,112,19.609346522625444
100B,7839,0.005103043999042711,100,112,19.59614693088266
100B,7840,0.0045825779998267535,100,112,21.821778048028982
100B,7841,0.00544443899889302,100,112,18.36736530987533
100B,7842,0.0056612509997648885,100,112,17.66394035596602
100B,7843,0.00553768500139995,100,112,18.05808744533493
100B,7844,0.004536088999884669,100,112,22.045422830668123
100B,7845,0.0044243340016691945,100,112,22.602271881434
100B,7846,0.005305491000399343,100,112,18.848396876457436
100B,7847,0.005705055000362336,100,112,17.528314800409262
100B,7848,0.0049396610011172015,100,112,20.24430420981987
100B,7849,0.006159845999718527,100,112,16.23417208881025
100B,7850,0.004793409001649707,100,112,20.861979431670413
100B,7851,0.004657726998630096,100,112,21.46969971177173
100B,7852,0.003957305998483207,100,112,25.269716326796292
100B,7853,0.004628980999768828,100,112,21.603026671527495
100B,7854,0.005499687998963054,100,112,18.182849648717276
100B,7855,0.004936421000820701,100,112,20.257591478395902
100B,7856,0.0045348619987635175,100,112,22.051387677787364
100B,7857,0.004286610999770346,100,112,23.32845224475873
100B,7858,0.004231527000229107,100,112,23.632130905601148
100B,7859,0.004963299999872106,100,112,20.147885479938104
100B,7860,0.005581433999395813,100,112,17.916542596548656
100B,7861,0.004624870000043302,100,112,21.622229381380173
100B,7862,0.004856060000747675,100,112,20.592826279865417
100B,7863,0.006287417998464662,100,112,15.904779994652689
100B,7864,0.004041880998556735,100,112,24.74095601421906
100B,7865,0.00446081800146203,100,112,22.41741312181422
100B,7866,0.005022688001190545,100,112,19.909657931429678
100B,7867,0.003943014000469702,100,112,25.36130989849078
100B,7868,0.0036014460001752013,100,112,27.766624848778864
100B,7869,0.0036625949996960117,100,112,27.30304606660027
100B,7870,0.004817561000891146,100,112,20.75739154761136
100B,7871,0.004847286998483469,100,112,20.63009680080552
100B,7872,0.004805815999134211,100,112,20.808120830680043
100B,7873,0.0042057430000568274,100,112,23.777011576467896
100B,7874,0.005189124000025913,100,112,19.27107542612214
100B,7875,0.00511473799997475,100,112,19.551343587979222
100B,7876,0.006442200001401943,100,112,15.522647539386876
100B,7877,0.005197401998884743,100,112,19.24038202576171
100B,7878,0.0047516859995084815,100,112,21.045161656377147
100B,7879,0.004683968001700123,100,112,21.349419971208892
100B,7880,0.004973013999915565,100,112,20.108529757144833
100B,7881,0.004482713999095722,100,112,22.30791436173991
100B,7882,0.005277817999740364,100,112,18.947224024193215
100B,7883,0.005164721000255668,100,112,19.36213011216864
100B,7884,0.0051252239991299575,100,112,19.51134233683751
100B,7885,0.004987188000086462,100,112,20.05137965488093
100B,7886,0.004106731001229491,100,112,24.350267882182095
100B,7887,0.005605266000202391,100,112,17.840366540390637
100B,7888,0.005812927998704254,100,112,17.203034343843715
100B,7889,0.005307592999088229,100,112,18.840932229954074
100B,7890,0.005021499000577023,100,112,19.91437218020136
100B,7891,0.004679288000261295,100,112,21.37077264626925
100B,7892,0.0043408700003055856,100,112,23.03685666535977
100B,7893,0.004301196999222157,100,112,23.24934198970295
100B,7894,0.005295543000102043,100,112,18.883804738829056
100B,7895,0.005937756001003436,100,112,16.84137913095465
100B,7896,0.005125870000483701,100,112,19.5088833682016
100B,7897,0.0051434899996820604,100,112,19.44205199313723
100B,7898,0.004730717999336775,100,112,21.13844029891859
100B,7899,0.004311458000302082,100,112,23.19401000612635
100B,7900,0.005453945999761345,100,112,18.33534838892351
100B,7901,0.004678291001255275,100,112,21.375327010048775
100B,7902,0.00420334399859712,100,112,23.790581982672684
100B,7903,0.0034144229994126363,100,112,29.287525305799086
100B,7904,0.004029075000289595,100,112,24.819592584603758
100B,7905,0.0047330390007118694,100,112,21.128074369334286
100B,7906,0.005857269999978598,100,112,17.072800127084015
100B,7907,0.005630256000586087,100,112,17.7611817277208
100B,7908,0.004837890000999323,100,112,20.670168188888923
100B,7909,0.004906674999801908,100,112,20.38040016998012
100B,7910,0.004511128001468023,100,112,22.167404686246485
100B,7911,0.0045661009989999,100,112,21.900523011186724
100B,7912,0.0045961759988131234,100,112,21.75721730974252
100B,7913,0.005326050999428844,100,112,18.775636960803382
100B,7914,0.0047980880008253735,100,112,20.841635247789924
100B,7915,0.003614712000853615,100,112,27.664721276932987
100B,7916,0.0038600360003329115,100,112,25.906494134089794
100B,7917,0.004373576000944013,100,112,22.864584947972904
100B,7918,0.004743490000691963,100,112,21.081524359788332
100B,7919,0.00465999999869382,100,112,21.459227473826097
100B,7920,0.004280940998796723,100,112,23.3593502055057
100B,7921,0.0037991169992892537,100,112,26.321905858310814
100B,7922,0.00429282500044792,100,112,23.294683568411443
100B,7923,0.0046570410013373476,100,112,21.472862268398178
100B,7924,0.004972527000063565,100,112,20.110499148364944
100B,7925,0.005412295999121852,100,112,18.47644696746539
100B,7926,0.00582503599980555,100,112,17.167275876636328
100B,7927,0.004521695000221371,100,112,22.115600454056334
100B,7928,0.004275515999324853,100,112,23.38898977709147
100B,7929,0.003857751999021275,100,112,25.921832203151045
100B,7930,0.005583987000136403,100,112,17.908351147228178
100B,7931,0.005826458998853923,100,112,17.16308310410667
100B,7932,0.004266051999366027,100,112,23.440876954819323
100B,7933,0.004125233999729971,100,112,24.24104911540673
100B,7934,0.0038717179995728657,100,112,25.828327375865744
100B,7935,0.004632080999726895,100,112,21.58856894037387
100B,7936,0.0065415349999966566,100,112,15.286931889847125
100B,7937,0.008178595000572386,100,112,12.227038995451103
100B,7938,0.0046805910005787155,100,112,21.364823371158867
100B,7939,0.004204987000775873,100,112,23.781286358685236
100B,7940,0.0039077769997675205,100,112,25.58999656478585
100B,7941,0.00432267900032457,100,112,23.133801976156793
100B,7942,0.003905456000211416,100,112,25.605204614925032
100B,7943,0.005453428000691929,100,112,18.337089989509725
100B,7944,0.003615125999203883,100,112,27.661553158042576
100B,7945,0.0036249630011297995,100,112,27.586488460387816
100B,7946,0.00425398200059135,100,112,23.507386722863167
100B,7947,0.00419202200100699,100,112,23.8548366339629
100B,7948,0.004962479000823805,100,112,20.151218772593158
100B,7949,0.004261341000528773,100,112,23.466791319350268
100B,7950,0.004104099998585298,100,112,24.36587803281364
100B,7951,0.005036914000811521,100,112,19.853426122401242
100B,7952,0.005132408999998006,100,112,19.484027870740395
100B,7953,0.005292126999847824,100,112,18.895993993128947
100B,7954,0.004892410999673302,100,112,20.439819959254784
100B,7955,0.0038826399995741667,100,112,25.75567140166681
100B,7956,0.00452164200032712,100,112,22.115859679462783
100B,7957,0.003988274000221281,100,112,25.073502972577035
100B,7958,0.004876308001257712,100,112,20.50731823629838
100B,7959,0.004839219998757471,100,112,20.664487257383673
100B,7960,0.005328578999979072,100,112,18.766729366383185
100B,7961,0.0034422270000504795,100,112,29.050960322643892
100B,7962,0.0034433379987603985,100,112,29.041586982166724
100B,7963,0.003924922999431146,100,112,25.47820683730442
100B,7964,0.00425383400033752,100,112,23.508204596621663
100B,7965,0.0044792070002586115,100,112,22.325380361797613
100B,7966,0.0038829550012451364,100,112,25.75358199307828
100B,7967,0.00368995300050301,100,112,27.100616183015916
100B,7968,0.0038171719988895347,100,112,26.197404787914014
100B,7969,0.004039386998556438,100,112,24.756231585569086
100B,7970,0.004612957998688216,100,112,21.678064276422404
100B,7971,0.0035183420004614163,100,112,28.42247853872233
100B,7972,0.003835207000520313,100,112,26.074211896889334
100B,7973,0.004014912001366611,100,112,24.90714615064082
100B,7974,0.004890403000899823,100,112,20.44821254640982
100B,7975,0.005224000999078271,100,112,19.142415940893603
100B,7976,0.006636396999965655,100,112,15.068417395842584
100B,7977,0.0031318370001827134,100,112,31.930141956355307
100B,7978,0.003935636999813141,100,112,25.40884741269275
100B,7979,0.0037867360006202944,100,112,26.40796717373994
100B,7980,0.004887852999672759,100,112,20.458880413689812
100B,7981,0.0043675479992089095,100,112,22.896142187358425
100B,7982,0.003694093000376597,100,112,27.070244303488142
100B,7983,0.004164941999988514,100,112,24.009938193683315
100B,7984,0.004044122999403044,100,112,24.727240001048703
100B,7985,0.004265236999344779,100,112,23.445356029538775
100B,7986,0.0041076149991567945,100,112,24.345027472274754
100B,7987,0.0035369059987715445,100,112,28.273298763024094
100B,7988,0.003366963001099066,100,112,29.700356067874033
100B,7989,0.004005306998806191,100,112,24.966875205772165
100B,7990,0.0046359030002349755,100,112,21.570770569386678
100B,7991,0.0040712549998715986,100,112,24.5624506456004
100B,7992,0.0036709759988298174,100,112,27.240712015517566
100B,7993,0.003527912000208744,100,112,28.34537822771177
100B,7994,0.003834828999970341,100,112,26.076782041852038
100B,7995,0.0043439439996291185,100,112,23.020554594750276
100B,7996,0.004339359998994041,100,112,23.04487298200246
100B,7997,0.005259940999167156,100,112,19.01162009532687
100B,7998,0.00512006300050416,100,112,19.531009675106194
100B,7999,0.005209232000197517,100,112,19.196687725985008
100B,8000,0.004597851000653463,100,112,21.749291133137554
100B,8001,0.004721523999251076,100,112,21.179602182655834
100B,8002,0.004802570001629647,100,112,20.822184781495572
100B,8003,0.0054748170005041175,100,112,18.26545069740086
100B,8004,0.0046532699998351745,100,112,21.49026383673033
100B,8005,0.005028252999181859,100,112,19.887623000726272
100B,8006,0.004408853999848361,100,112,22.681631100381054
100B,8007,0.0057184260003850795,100,112,17.487329554193057
100B,8008,0.005652796000504168,100,112,17.690360662419288
100B,8009,0.005762336000771029,100,112,17.354073068043846
100B,8010,0.005635868001263589,100,112,17.743495762778604
100B,8011,0.005179390000193962,100,112,19.307292943040615
100B,8012,0.007553561001259368,100,112,13.238788961038045
100B,8013,0.006846262000181014,100,112,14.606510822600132
100B,8014,0.0044546919998538215,100,112,22.44824109125422
100B,8015,0.004033777999211452,100,112,24.7906553160706
100B,8016,0.005131157999130664,100,112,19.488778169945707
100B,8017,0.004117757998756133,100,112,24.285059984148507
100B,8018,0.00403878199904284,100,112,24.759940007581303
100B,8019,0.004091419999895152,100,112,24.44139198678274
100B,8020,0.004092539000339457,100,112,24.43470911131341
100B,8021,0.0053750520000903634,100,112,18.604471175035858
100B,8022,0.005250492000413942,100,112,19.045834179371408
100B,8023,0.0046747579999646405,100,112,21.39148165546888
100B,8024,0.005543907000173931,100,112,18.037820619440886
100B,8025,0.005160351000085939,100,112,19.37852677043376
100B,8026,0.004478645001654513,100,112,22.32818184139572
100B,8027,0.004480117000639439,100,112,22.320845635443714
100B,8028,0.005580867000389844,100,112,17.918362862439587
100B,8029,0.006078684999010875,100,112,16.450926477728657
100B,8030,0.00552713100114488,100,112,18.09256917907069
100B,8031,0.004969128000084311,100,112,20.12425520097355
100B,8032,0.005259270999886212,100,112,19.01404206061326
100B,8033,0.004369696998764994,100,112,22.884881955948654
100B,8034,0.00444690000040282,100,112,22.487575612435975
100B,8035,0.004704213000877644,100,112,21.25754084293025
100B,8036,0.005677101000401308,100,112,17.61462408242008
100B,8037,0.00591957899996487,100,112,16.893093242035196
100B,8038,0.004903238999759196,100,112,20.39468196531132
100B,8039,0.005464515001222026,100,112,18.299885713121306
100B,8040,0.004316255999583518,100,112,23.16822728069168
100B,8041,0.004929470000206493,100,112,20.28615652307673
100B,8042,0.005666699998982949,100,112,17.64695502107891
100B,8043,0.005966759999864735,100,112,16.759514376691367
100B,8044,0.00552649599922006,100,112,18.094648039935745
100B,8045,0.005322181999872555,100,112,18.789286048916516
100B,8046,0.004443682999408338,100,112,22.503855476035234
100B,8047,0.0047595750002074055,100,112,21.010279278221763
100B,8048,0.0055585869995411485,100,112,17.99018347796928
100B,8049,0.005379713000365882,100,112,18.588352202654463
100B,8050,0.004487964999498217,100,112,22.281813697562395
100B,8051,0.004227191999234492,100,112,23.656365743053342
100B,8052,0.004772837000928121,100,112,20.951899254165625
100B,8053,0.004149907001192332,100,112,24.096925538637
100B,8054,0.003513286999805132,100,112,28.463373474910135
100B,8055,0.0046754989998589735,100,112,21.388091410781243
100B,8056,0.0058193770000798395,100,112,17.18397003641937
100B,8057,0.005509470000106376,100,112,18.150566206562377
100B,8058,0.0058410880010342225,100,112,17.12009817045968
100B,8059,0.004897602999335504,100,112,20.418151494428557
100B,8060,0.004851548999795341,100,112,20.611973620016705
100B,8061,0.004711929999757558,100,112,21.222726145156077
100B,8062,0.005306453000230249,100,112,18.844979875570548
100B,8063,0.005417845999545534,100,112,18.457519835076212
100B,8064,0.005451430999528384,100,112,18.343807343182227
100B,8065,0.004487079999307753,100,112,22.286208406230237
100B,8066,0.0053740789990115445,100,112,18.60783959789073
100B,8067,0.004864044998612371,100,112,20.559020327428776
100B,8068,0.004641425999579951,100,112,21.545102735463196
100B,8069,0.005134136999913608,100,112,19.477470118480028
100B,8070,0.005976215999908163,100,112,16.73299626411373
100B,8071,0.005169371999727446,100,112,19.34470957115729
100B,8072,0.004946548000589246,100,112,20.216118389650262
100B,8073,0.004172220000327798,100,112,23.968055373912048
100B,8074,0.003796879000219633,100,112,26.337420811728645
100B,8075,0.003606752999985474,100,112,27.72576885647638
100B,8076,0.0041674950007291045,100,112,23.99522974412806
100B,8077,0.004843310000069323,100,112,20.64703684021231
100B,8078,0.00466085399966687,100,112,21.45529553321074
100B,8079,0.004758827000841848,100,112,21.01358170454815
100B,8080,0.0044299279998085694,100,112,22.573730318940015
100B,8081,0.004346661000454333,100,112,23.006164959620165
100B,8082,0.004758319000757183,100,112,21.015825123134277
100B,8083,0.005179930998565396,100,112,19.305276465592964
100B,8084,0.00491300300018338,100,112,20.35414999670618
100B,8085,0.004467557999305427,100,112,22.383593008875774
100B,8086,0.00526963799893565,100,112,18.976635590565763
100B,8087,0.006670355000096606,100,112,14.99170583852759
100B,8088,0.0041278079988842364,100,112,24.225932995679646
100B,8089,0.005909546000111732,100,112,16.92177368584817
100B,8090,0.004557751000902499,100,112,21.940645722023557
100B,8091,0.003426698000112083,100,112,29.182612531576794
100B,8092,0.0033052140006475383,100,112,30.25522703837288
100B,8093,0.003978642000220134,100,112,25.134204081308926
100B,8094,0.004258137998476741,100,112,23.484443208691896
100B,8095,0.004196691999823088,100,112,23.82829142672741
100B,8096,0.004218752999804565,100,112,23.703686848846694
100B,8097,0.0038675060004607076,100,112,25.856456328209376
100B,8098,0.004401817999678315,100,112,22.717886111444862
100B,8099,0.005135512999913772,100,112,19.47225136060975
100B,8100,0.005464314999699127,100,112,18.300555514370263
100B,8101,0.005122282998854644,100,112,19.522544932086
100B,8102,0.0051686569986486575,100,112,19.347385602516272
100B,8103,0.004601141999955871,100,112,21.733734799090985
100B,8104,0.004991588999473606,100,112,20.033700693415586
100B,8105,0.004136158999244799,100,112,24.177020278538258
100B,8106,0.003947556000639452,100,112,25.33212954643362
100B,8107,0.0051222860001871595,100,112,19.522533493121266
100B,8108,0.003465412000878132,100,112,28.85659770747608
100B,8109,0.0035172840016457485,100,112,28.431028018553427
100B,8110,0.003837444999589934,100,112,26.059005408725312
100B,8111,0.004574796999804676,100,112,21.858893411941466
100B,8112,0.0054459870007121935,100,112,18.362144453690874
100B,8113,0.0051459850001265295,100,112,19.432625629017807
100B,8114,0.003915601000699098,100,112,25.538863633487125
100B,8115,0.0040583699992566835,100,112,24.640434464653456
100B,8116,0.003896756999893114,100,112,25.662364885144996
100B,8117,0.004239783998855273,100,112,23.586107223150908
100B,8118,0.004017553999801748,100,112,24.890766870821057
100B,8119,0.003796345999944606,100,112,26.341118539105537
100B,8120,0.0038494850014103577,100,112,25.97750087696469
100B,8121,0.0041729640015546465,100,112,23.963782089360176
100B,8122,0.005052607000834541,100,112,19.791762942077813
100B,8123,0.006693392999295611,100,112,14.940105864174365
100B,8124,0.004377509001642466,100,112,22.84404211675623
100B,8125,0.004297093999412027,100,112,23.271541188925127
100B,8126,0.0032587250007054536,100,112,30.686848377310714
100B,8127,0.00361509600043064,100,112,27.6617826990176
100B,8128,0.004225620999932289,100,112,23.665160695103133
100B,8129,0.004613537001205259,100,112,21.67534366233014
100B,8130,0.004579974000080256,100,112,21.83418508451089
100B,8131,0.004246883998348494,100,112,23.546675642397453
100B,8132,0.0039991739995457465,100,112,25.005163569116693
100B,8133,0.00467698600004951,100,112,21.38129128437447
100B,8134,0.005525595999642974,100,112,18.097595265101052
100B,8135,0.005982991999189835,100,112,16.714045416330347
100B,8136,0.005067087999123032,100,112,19.73520097091409
100B,8137,0.004567828000290319,100,112,21.89224287640521
100B,8138,0.005170513999473769,100,112,19.34043694885606
100B,8139,0.004259676999936346,100,112,23.475958388745045
100B,8140,0.004549903000224731,100,112,21.978490529371893
100B,8141,0.005676034999851254,100,112,17.617932236608937
100B,8142,0.006208914001035737,100,112,16.105876161808418
100B,8143,0.005128167000293615,100,112,19.500144982461464
100B,8144,0.004923509999571252,100,112,20.310713293708794
100B,8145,0.004475145000469638,100,112,22.345644663917177
100B,8146,0.003557920999810449,100,112,28.10630140616601
100B,8147,0.003676569000162999,100,112,27.199271928683114
100B,8148,0.005102680001073168,100,112,19.597544815463355
100B,8149,0.005095103000712697,100,112,19.626688603942277
100B,8150,0.0041762870005186414,100,112,23.94471452454807
100B,8151,0.003188149999914458,100,112,31.366152785371806
100B,8152,0.003593706998799462,100,112,27.826419914981017
100B,8153,0.004117698999834829,100,112,24.285407943613958
100B,8154,0.004664439000407583,100,112,21.438805393587934
100B,8155,0.004130570001507294,100,112,24.20973375672336
100B,8156,0.004057310999996844,100,112,24.646865867585156
100B,8157,0.0041322800007037586,100,112,24.19971540722537
100B,8158,0.0049857240010169335,100,112,20.057267506104047
100B,8159,0.00530398199953197,100,112,18.853759309293306
100B,8160,0.0069750189995829714,100,112,14.336878509718595
100B,8161,0.005019584999899962,100,112,19.921965660904824
100B,8162,0.005803395999464556,100,112,17.231290094494053
100B,8163,0.003837742000541766,100,112,26.05698871520889
100B,8164,0.0035232760001235874,100,112,28.382675667898926
100B,8165,0.005644313001539558,100,112,17.716948009921442
100B,8166,0.005346001000361866,100,112,18.705570760879223
100B,8167,0.005384451998907025,100,112,18.571992102501557
100B,8168,0.003826443000434665,100,112,26.133931692864756
100B,8169,0.003599091998694348,100,112,27.78478572825514
100B,8170,0.004508144998908392,100,112,22.18207267605947
100B,8171,0.004746235001221066,100,112,21.069331791256214
100B,8172,0.0048797020008350955,100,112,20.493054695324908
100B,8173,0.005000027000278351,100,112,19.999891999469803
100B,8174,0.004732077999506146,100,112,21.13236510692265
100B,8175,0.0036564139991241973,100,112,27.349200616766183
100B,8176,0.004504069000176969,100,112,22.202146547060206
100B,8177,0.005573911999817938,100,112,17.94072098792847
100B,8178,0.00606502699884004,100,112,16.487972768979493
100B,8179,0.005587600999206188,100,112,17.896768222034225
100B,8180,0.004954550000547897,100,112,20.183467719357264
100B,8181,0.0050799790005839895,100,112,19.685120743314904
100B,8182,0.004736973000035505,100,112,21.110527756702535
100B,8183,0.004894257999694673,100,112,20.43210635937837
100B,8184,0.005610444999547326,100,112,17.82389810577742
100B,8185,0.004729198999484652,100,112,21.1452298816136
100B,8186,0.0054425609996542335,100,112,18.37370311630003
100B,8187,0.004447302000698983,100,112,22.485542916645414
100B,8188,0.004617474000042421,100,112,21.656862604766438
100B,8189,0.004963753999618348,100,112,20.14604269423682
100B,8190,0.0050082210000255145,100,112,19.967169979018607
100B,8191,0.005710088000341784,100,112,17.51286494954445
100B,8192,0.005441563000204042,100,112,18.377072910163918
100B,8193,0.004247676000886713,100,112,23.54228523529684
100B,8194,0.004697832999227103,100,112,21.286410141963795
100B,8195,0.005369485999835888,100,112,18.62375653890454
100B,8196,0.0062221940006566,100,112,16.071501465471417
100B,8197,0.0042875470007857075,100,112,23.323359483097136
100B,8198,0.003993369999079732,100,112,25.041506302457545
100B,8199,0.00405092499931925,100,112,24.685719932312942
100B,8200,0.0036491499995463528,100,112,27.403641947421068
100B,8201,0.003909742999894661,100,112,25.577128727564517
100B,8202,0.004360536999229225,100,112,22.932955279974955
100B,8203,0.006133163000413333,100,112,16.304800637658037
100B,8204,0.005694743000276503,100,112,17.560054948071333
100B,8205,0.0053181010007392615,100,112,18.803704552828
100B,8206,0.004717162999440916,100,112,21.19918264682652
100B,8207,0.003941886001484818,100,112,25.368567219430574
100B,8208,0.0037343059993872885,100,112,26.778737472614093
100B,8209,0.004658103998735896,100,112,21.467962077947966
100B,8210,0.00550544500038086,100,112,18.16383598293728
100B,8211,0.005545428000914399,100,112,18.032873203567114
100B,8212,0.06031014300060633,100,112,1.6580958861098147
100B,8213,0.017391110999597004,100,112,5.750063926468944
100B,8214,0.004243319999659434,100,112,23.56645268516773
100B,8215,0.0036194730000715936,100,112,27.628331527275375
100B,8216,0.003830364999885205,100,112,26.10717255483406
100B,8217,0.004347226000390947,100,112,23.003174896130773
100B,8218,0.0038657929999317275,100,112,25.86791377649193
100B,8219,0.0377553739999712,100,112,2.6486295699276154
100B,8220,0.0251736649988743,100,112,3.9724052895941746
100B,8221,0.012135431001297547,100,112,8.240333613969522
100B,8222,0.015529785001490382,100,112,6.4392391775161775
100B,8223,0.0032694239998818375,100,112,30.586427457440262
100B,8224,0.015601017999870237,100,112,6.409838127283217
100B,8225,0.003350307000800967,100,112,29.848010936338884
100B,8226,0.01716135700007726,100,112,5.8270450291052045
100B,8227,0.004998725000405102,100,112,20.005101299210477
100B,8228,0.017568023000421817,100,112,5.692160125109066
100B,8229,0.004571666999254376,100,112,21.873859145101704
100B,8230,0.020367126999190077,100,112,4.909872659210924
100B,8231,0.005518157999176765,100,112,18.121989260713207
100B,8232,0.015963253999871085,100,112,6.264386947724291
100B,8233,0.0037373849991126917,100,112,26.756676131504094
100B,8234,0.01591201300107059,100,112,6.2845599732272595
100B,8235,0.004016404000140028,100,112,24.897893736913318
100B,8236,0.01813464000042586,100,112,5.514308527638358
100B,8237,0.005001917999834404,100,112,19.99233094251258
100B,8238,0.01766797799973574,100,112,5.659957240239698
100B,8239,0.004729435000626836,100,112,21.144174724199843
100B,8240,0.0180544809991261,100,112,5.538791173495397
100B,8241,0.004645372000595671,100,112,21.526801295391866
100B,8242,0.018885689998569433,100,112,5.295014373717607
100B,8243,0.005540652999115991,100,112,18.04841415189779
100B,8244,0.017388925998602645,100,112,5.750786449262932
100B,8245,0.004787120000401046,100,112,20.889386518746637
100B,8246,0.017509383000287926,100,112,5.711223519318504
100B,8247,0.00482345499949588,100,112,20.73202714868314
100B,8248,0.019686711999383988,100,112,5.079568391264579
100B,8249,0.006549970999913057,100,112,15.267243168149504
100B,8250,0.017757453000740497,100,112,5.631438247130934
100B,8251,0.005150643000888522,100,112,19.41505167078155
100B,8252,0.018357536999246804,100,112,5.4473538582056475
100B,8253,0.005408177001299919,100,112,18.49051907435053
100B,8254,0.01906003200019768,100,112,5.246580908099359
100B,8255,0.005725306000385899,100,112,17.46631533637849
100B,8256,0.01843718200143485,100,112,5.423822360283563
100B,8257,0.0052251449997129384,100,112,19.13822487327985
100B,8258,0.018139036999855307,100,112,5.512971829805391
100B,8259,0.00539754700002959,100,112,18.52693454998202
100B,8260,0.01836357100000896,100,112,5.445563937425417
100B,8261,0.004881007000221871,100,112,20.487575616149375
100B,8262,0.01870075799888582,100,112,5.347376828573363
100B,8263,0.005396534999817959,100,112,18.530408864831468
100B,8264,0.017962330000955262,100,112,5.567206481268402
100B,8265,0.004791506000401569,100,112,20.870265004701896
100B,8266,0.017887535999761894,100,112,5.5904849053179335
100B,8267,0.004922583999359631,100,112,20.314533995358698
100B,8268,0.016284763998555718,100,112,6.140709193505593
100B,8269,0.003909208000550279,100,112,25.580629116159464
100B,8270,0.016885345999980927,100,112,5.922294988809406
100B,8271,0.004287779000151204,100,112,23.322097523327017
100B,8272,0.018313828000827925,100,112,5.460354874768903
100B,8273,0.0047538979997625574,100,112,21.035369291683306
100B,8274,0.01561953200143762,100,112,6.402240476270096
100B,8275,0.0032791449993965216,100,112,30.495754234229814
100B,8276,0.01668677599991497,100,112,5.992769364226472
100B,8277,0.004225691000101506,100,112,23.664768672768048
100B,8278,0.017351195998344338,100,112,5.7632914762499405
100B,8279,0.00481969999964349,100,112,20.748179348797006
100B,8280,0.01817432300049404,100,112,5.502268227393211
100B,8281,0.005313139001373202,100,112,18.821265540795114
100B,8282,0.017853974000900052,100,112,5.6009939296964815
100B,8283,0.00512786400031473,100,112,19.50129722509457
100B,8284,0.01705795399902854,100,112,5.862367784887628
100B,8285,0.004418069998791907,100,112,22.634317705999308
100B,8286,0.017365884999890113,100,112,5.758416573680684
100B,8287,0.004512052999416483,100,112,22.162860235226052
100B,8288,0.019782620000114548,100,112,5.054942166377405
100B,8289,0.005674231999364565,100,112,17.62353037577572
100B,8290,0.0177303620002931,100,112,5.640042769479095
100B,8291,0.004886475000603241,100,112,20.464649872895063
100B,8292,0.01749512300011702,100,112,5.715878647971273
100B,8293,0.0044076789999962784,100,112,22.68767757363557
100B,8294,0.018688135998672806,100,112,5.350988456371561
100B,8295,0.005668399999194662,100,112,17.641662552785174
100B,8296,0.01749744699918665,100,112,5.715119468837276
100B,8297,0.004601476999596343,100,112,21.732152525976407
100B,8298,0.018247449999762466,100,112,5.480217783926069
100B,8299,0.0049424460012232885,100,112,20.23289682380937
100B,8300,0.020401846000822843,100,112,4.901517244859451
100B,8301,0.006184293999467627,100,112,16.169994506827855
100B,8302,0.016080838000561926,100,112,6.218581394608019
100B,8303,0.0036458809991017915,100,112,27.428212831037616
100B,8304,0.01774535399999877,100,112,5.635277831031544
100B,8305,0.00530946399885579,100,112,18.834292881833342
100B,8306,0.021695145000194316,100,112,4.609326187914593
100B,8307,0.008305291999931796,100,112,12.040515854327722
100B,8308,0.015880107999691973,100,112,6.2971863920534865
100B,8309,0.003286264000053052,100,112,30.429691588498564
100B,8310,0.0156886350014247,100,112,6.374040825790065
100B,8311,0.0036059360008948715,100,112,27.73205070061792
100B,8312,0.018743687000096543,100,112,5.335129635886735
100B,8313,0.005381316999773844,100,112,18.5828116061928
100B,8314,0.01794435000010708,100,112,5.572784748369446
100B,8315,0.004839588998947875,100,112,20.662911669098342
100B,8316,0.017998876001001918,100,112,5.555902490490708
100B,8317,0.005251563999991049,100,112,19.04194636115459
100B,8318,0.018428748000587802,100,112,5.426304597404577
100B,8319,0.004959284000506159,100,112,20.164201120523387
100B,8320,0.01887269600047148,100,112,5.29866003232934
100B,8321,0.005184450999877299,100,112,19.288445392263657
100B,8322,0.018893631000537425,100,112,5.292788876693713
100B,8323,0.005245972000921029,100,112,19.062244324301222
100B,8324,0.019922679999581305,100,112,5.01940501991206
100B,8325,0.005970248999801697,100,112,16.749720154606873
100B,8326,0.01860516499982623,100,112,5.374851553368862
100B,8327,0.005181053000342217,100,112,19.301095741231528
100B,8328,0.016387626999858185,100,112,6.102164761308357
100B,8329,0.004217753999910201,100,112,23.709301206786616
100B,8330,0.017233223999937763,100,112,5.802744744707151
100B,8331,0.004691168998760986,100,112,21.316648371954116
100B,8332,0.018964328000947717,100,112,5.273057921957617
100B,8333,0.005306377999659162,100,112,18.84524623131318
100B,8334,0.018494052999812993,100,112,5.407143582913446
100B,8335,0.004709861999799614,100,112,21.23204459159411
100B,8336,0.018326481000258354,100,112,5.4565849274931875
100B,8337,0.005921908999880543,100,112,16.886446583697452
100B,8338,0.020226149999871268,100,112,4.9440946497794425
100B,8339,0.007379145999948378,100,112,13.551703679626284
100B,8340,0.01918735500112234,100,112,5.211765769390863
100B,8341,0.004675629999837838,100,112,21.387492167572763
100B,8342,0.015981589998773416,100,112,6.257199690873998
100B,8343,0.003750198999114218,100,112,26.665251636945023
100B,8344,0.01787579099982395,100,112,5.594158043187283
100B,8345,0.005400100999395363,100,112,18.51817216218674
100B,8346,0.018080330000884715,100,112,5.530872500397214
100B,8347,0.005128353999680257,100,112,19.49943393264872
100B,8348,0.018380764000539784,100,112,5.4404702653852315
100B,8349,0.005300355998770101,100,112,18.866657262871417
100B,8350,0.018663010001546354,100,112,5.358192488334644
100B,8351,0.005427444999440922,100,112,18.42487579520399
100B,8352,0.01846774200021173,100,112,5.414847142593476
100B,8353,0.00553615299941157,100,112,18.063084602363567
100B,8354,0.018509961000745534,100,112,5.402496525842072
100B,8355,0.0050037969995173626,100,112,19.984823526942723
100B,8356,0.018100646000675624,100,112,5.524664699606158
100B,8357,0.005366449999200995,100,112,18.6342926916097
100B,8358,0.01759461899928283,100,112,5.683555864669538
100B,8359,0.00430430500091461,100,112,23.232554379569123
100B,8360,0.017706853001072886,100,112,5.647530930196396
100B,8361,0.004503657000896055,100,112,22.20417762278607
100B,8362,0.019266741001047194,100,112,5.190291393576358
100B,8363,0.00626764499975252,100,112,15.954955968940254
100B,8364,0.01930019999963406,100,112,5.1812934581971195
100B,8365,0.005914307999773882,100,112,16.908148849167688
100B,8366,0.01726745099949767,100,112,5.791242726150439
100B,8367,0.004255710999132134,100,112,23.497836206545266
100B,8368,0.01914085800126486,100,112,5.224426198313149
100B,8369,0.005402148000939633,100,112,18.51115518912224
100B,8370,0.02083299699916097,100,112,4.800077492644357
100B,8371,0.005245243000899791,100,112,19.064893653705955
100B,8372,0.018446303998643998,100,112,5.421140191951248
100B,8373,0.004894570000033127,100,112,20.43080393156563
100B,8374,0.0177530740002112,100,112,5.632827306347642
100B,8375,0.004462648999833618,100,112,22.40821539039443
100B,8376,0.019572496999899158,100,112,5.109210133000159
100B,8377,0.0056966749998537125,100,112,17.554099540972224
100B,8378,0.019710454000232858,100,112,5.07344985553446
100B,8379,0.006963608999285498,100,112,14.360369746529495
100B,8380,0.02104073500049708,100,112,4.752685683158765
100B,8381,0.00663033999990148,100,112,15.082182814378433
100B,8382,0.016982764000204043,100,112,5.888323007891915
100B,8383,0.004220819999318337,100,112,23.6920787942035
100B,8384,0.01842374199986807,100,112,5.427779003891613
100B,8385,0.004771117999553098,100,112,20.95944808100886
100B,8386,0.018025236000539735,100,112,5.547777571234334
100B,8387,0.004617840000719298,100,112,21.655146125552964
100B,8388,0.01835389400002896,100,112,5.448435084121234
100B,8389,0.005053730001236545,100,112,19.78736497112668
100B,8390,0.017918563000421273,100,112,5.580804665957251
100B,8391,0.005370275999666774,100,112,18.621016872541563
100B,8392,0.016904546000660048,100,112,5.915568510156702
100B,8393,0.00399631300024339,100,112,25.023065008649134
100B,8394,0.018857873999877484,100,112,5.302824698088962
100B,8395,0.006093943000450963,100,112,16.40973668322789
100B,8396,0.019458737000604742,100,112,5.139079684200068
100B,8397,0.005914475999816204,100,112,16.907668575053407
100B,8398,0.019240804998844396,100,112,5.197287743730369
100B,8399,0.005123556000398821,100,112,19.51769434982577
100B,8400,0.018208864999905927,100,112,5.4918304902868265
100B,8401,0.00508780400014075,100,112,19.654845193964544
100B,8402,0.019469610999294673,100,112,5.1362094498766675
100B,8403,0.005942910000158008,100,112,16.826773415269834
100B,8404,0.01896118100012245,100,112,5.273933095167131
100B,8405,0.005599342001005425,100,112,17.859241314790893
100B,8406,0.017943074999493547,100,112,5.573180739801988
100B,8407,0.0049216299994441215,100,112,20.318471728125562
100B,8408,0.01836981700034812,100,112,5.44371236785347
100B,8409,0.005420748000688036,100,112,18.447638589232955
100B,8410,0.01932174800094799,100,112,5.175515175702201
100B,8411,0.0060606610004469985,100,112,16.499850427638933
100B,8412,0.017805722998673446,100,112,5.616171834609028
100B,8413,0.004416927000420401,100,112,22.640174943004958
100B,8414,0.015900512000371236,100,112,6.28910565884075
100B,8415,0.0038267980016826186,100,112,26.131507321795045
100B,8416,0.018529248000049847,100,112,5.396873094889279
100B,8417,0.005394952000642661,100,112,18.535846099851813
100B,8418,0.01710035100040841,100,112,5.847833181764029
100B,8419,0.003975748999437201,100,112,25.15249328218552
100B,8420,0.017388344000210054,100,112,5.75097893156427
100B,8421,0.004558527998597128,100,112,21.936905955337924
100B,8422,0.018772543999148184,100,112,5.326928518827153
100B,8423,0.005305471999236033,100,112,18.848464380624307
100B,8424,0.01759637600116548,100,112,5.68298836040879
100B,8425,0.004352591000497341,100,112,22.974821201572507
100B,8426,0.017438467000829405,100,112,5.734449019816009
100B,8427,0.005044719000579789,100,112,19.82270964715914
100B,8428,0.016754399999626912,100,112,5.968581387708709
100B,8429,0.0035921449998568278,100,112,27.838519882684498
100B,8430,0.016884562999621266,100,112,5.922569627786225
100B,8431,0.003778627000428969,100,112,26.46463913708537
100B,8432,0.0179625999990094,100,112,5.567122799901729
100B,8433,0.004941424000207917,100,112,20.237081455829813
100B,8434,0.017288248000113526,100,112,5.784276116315739
100B,8435,0.004740488999232184,100,112,21.094870173983523
100B,8436,0.01605168800051615,100,112,6.2298743905802585
100B,8437,0.0038054759988881415,100,112,26.27792161327974
100B,8438,0.01699909899980412,100,112,5.882664722474545
100B,8439,0.004000635999545921,100,112,24.996025634761615
100B,8440,0.017372655000144732,100,112,5.756172559644273
100B,8441,0.0045777369996358175,100,112,21.84485478478897
100B,8442,0.01953610300006403,100,112,5.118728131177044
100B,8443,0.006655457998931524,100,112,15.025261975367304
100B,8444,0.018717355000262614,100,112,5.342635217347587
100B,8445,0.005353933000151301,100,112,18.67785794054091
100B,8446,0.018712541999775567,100,112,5.344009381579444
100B,8447,0.004860593000557856,100,112,20.57362136441436
100B,8448,0.018481502000213368,100,112,5.410815636025984
100B,8449,0.005155644999831566,100,112,19.39621521715847
100B,8450,0.019594781999330735,100,112,5.1033994664199644
100B,8451,0.0057875760012393584,100,112,17.27839081138388
100B,8452,0.01814231699972879,100,112,5.511975124318184
100B,8453,0.005046516000220436,100,112,19.81565103442294
100B,8454,0.01675052900100127,100,112,5.969960709540723
100B,8455,0.005453032999866991,100,112,18.338418271526905
100B,8456,0.017364797000482213,100,112,5.758777369941212
100B,8457,0.0040863519989216,100,112,24.471704842458575
100B,8458,0.016335258000253816,100,112,6.1217276151038575
100B,8459,0.004282608999346849,100,112,23.35025215125902
100B,8460,0.016864114000782138,100,112,5.929751186179251
100B,8461,0.004227798999636434,100,112,23.652969313015923
100B,8462,0.017524341999887838,100,112,5.706348346810398
100B,8463,0.0037542629997915355,100,112,26.636386424060525
100B,8464,0.015608693000103813,100,112,6.40668632532749
100B,8465,0.0038634749998891493,100,112,25.88343395592548
100B,8466,0.018811717998687527,100,112,5.315835587529905
100B,8467,0.005637855001623393,100,112,17.737242261676734
100B,8468,0.016863644999830285,100,112,5.929916100641729
100B,8469,0.004163059000347857,100,112,24.02079816587855
100B,8470,0.017905233999044867,100,112,5.584959124540588
100B,8471,0.0047326599997177254,100,112,21.129766348304
100B,8472,0.01856010500159755,100,112,5.387900552900566
100B,8473,0.0053248900003382005,100,112,18.7797306599101
100B,8474,0.019710599999598344,100,112,5.073412275731727
100B,8475,0.005298103998939041,100,112,18.874676680568232
100B,8476,0.018588286999147385,100,112,5.379731871182472
100B,8477,0.005585883000094327,100,112,17.902272567884314
100B,8478,0.019858079998812173,100,112,5.035733565681153
100B,8479,0.006425465000575059,100,112,15.56307597832224
100B,8480,0.019891390998964198,100,112,5.027300504283852
100B,8481,0.005746278000515304,100,112,17.402569104911457
100B,8482,0.01938342100038426,100,112,5.159048033781941
100B,8483,0.005818030000227736,100,112,17.187948497358327
100B,8484,0.018544902999565238,100,112,5.392317231443291
100B,8485,0.005298154999763938,100,112,18.87449499013441
100B,8486,0.020492677998845465,100,112,4.879791699534531
100B,8487,0.004135576000408037,100,112,24.180428552185596
100B,8488,0.017566607999469852,100,112,5.69261863206704
100B,8489,0.00490198099942063,100,112,20.399915873158037
100B,8490,0.018119737000233727,100,112,5.518843899263555
100B,8491,0.005041470001742709,100,112,19.83548448476982
100B,8492,0.01833911799985799,100,112,5.452824939605839
100B,8493,0.0046259660011855885,100,112,21.617106562039368
100B,8494,0.019618409000031534,100,112,5.097253299176262
100B,8495,0.006374922000759398,100,112,15.686466436465848
100B,8496,0.020031797999763512,100,112,4.9920631189062785
100B,8497,0.005519119000382489,100,112,18.118833819866857
100B,8498,0.018005410000114352,100,112,5.553886304136641
100B,8499,0.004701972000475507,100,112,21.267672370207027
100B,8500,0.01662183400003414,100,112,6.016183292396892
100B,8501,0.0034929640005429974,100,112,28.628980998502858
100B,8502,0.018208733999927063,100,112,5.491870000429495
100B,8503,0.00537692999932915,100,112,18.59797319520181
100B,8504,0.01740861500002211,100,112,5.744282356745382
100B,8505,0.00417908199960948,100,112,23.92870013303033
100B,8506,0.018041475999780232,100,112,5.5427837501332
100B,8507,0.005119088000355987,100,112,19.53472962235576
100B,8508,0.01812869400055206,100,112,5.516117156423666
100B,8509,0.0053075399991939776,100,112,18.841120371242866
100B,8510,0.017616297998756636,100,112,5.676561557204472
100B,8511,0.004702087000623578,100,112,21.267152221287752
100B,8512,0.01776645800055121,100,112,5.628583930285793
100B,8513,0.004960041998856468,100,112,20.161119608070837
100B,8514,0.01930828200056567,100,112,5.179124688414554
100B,8515,0.005527903998881811,100,112,18.09003919392017
100B,8516,0.017413699999451637,100,112,5.742604960643002
100B,8517,0.004411181998875691,100,112,22.669660881253076
100B,8518,0.01839786699929391,100,112,5.435412703213796
100B,8519,0.00519125499886286,100,112,19.263164691756604
100B,8520,0.01922198899956129,100,112,5.202375258995431
100B,8521,0.005663083000399638,100,112,17.658226092208626
100B,8522,0.02008112300063658,100,112,4.979801179288128
100B,8523,0.0058553890012262855,100,112,17.078284633020477
100B,8524,0.01884509999945294,100,112,5.3064191754303724
100B,8525,0.0053119040003366536,100,112,18.825641426061594
100B,8526,0.01987306500086561,100,112,5.031936442398005
100B,8527,0.006251693001104286,100,112,15.99566709087222
100B,8528,0.018929028999991715,100,112,5.282891161508801
100B,8529,0.005710817000363022,100,112,17.51062938869224
100B,8530,0.016963103000307456,100,112,5.895147839294939
100B,8531,0.004821177000849275,100,112,20.74182299931832
100B,8532,0.017449947999921278,100,112,5.730676102900199
100B,8533,0.004309597999963444,100,112,23.20402042159112
100B,8534,0.018717451999691548,100,112,5.342607530215542
100B,8535,0.004847633999816026,100,112,20.628620065746535
100B,8536,0.019466114001261303,100,112,5.137132146329797
100B,8537,0.005551922000449849,100,112,18.01178042340966
100B,8538,0.017665230998318293,100,112,5.660837382172917
100B,8539,0.00434239400055958,100,112,23.028771683802432
100B,8540,0.018774848998873495,100,112,5.326274528546146
100B,8541,0.00549936200150114,100,112,18.183927512446605
100B,8542,0.01941284999884374,100,112,5.151227151394884
100B,8543,0.006257548000576207,100,112,15.98070042623593
100B,8544,0.017017018999467837,100,112,5.876469903637484
100B,8545,0.004785667000760441,100,112,20.89572884701548
100B,8546,0.01859450199845014,100,112,5.377933757426526
100B,8547,0.005808973999592126,100,112,17.21474394738579
100B,8548,0.020533811000859714,100,112,4.870016578793541
100B,8549,0.006431004998376011,100,112,15.549669145841511
100B,8550,0.018401958001049934,100,112,5.434204338163061
100B,8551,0.005367405001379666,100,112,18.63097716201693
100B,8552,0.018167423999329912,100,112,5.504357690098959
100B,8553,0.005198679000386619,100,112,19.23565582575172
100B,8554,0.019532047999746283,100,112,5.119790817701194
100B,8555,0.005630648000078509,100,112,17.759945213873376
100B,8556,0.021021618000304443,100,112,4.757007762130953
100B,8557,0.007276082000316819,100,112,13.74366039245376
100B,8558,0.019029504001082387,100,112,5.2549977127260945
100B,8559,0.004162414999882458,100,112,24.02451461539128
100B,8560,0.015850469000724843,100,112,6.308961583119528
100B,8561,0.0035712529988813912,100,112,28.00137655644184
100B,8562,0.019557293999241665,100,112,5.113181813592285
100B,8563,0.006581068999366835,100,112,15.195099764129658
100B,8564,0.01934653799980879,100,112,5.168883445761114
100B,8565,0.005638995999106555,100,112,17.733653298538258
100B,8566,0.017611016999580897,100,112,5.678263782402787
100B,8567,0.005065467001259094,100,112,19.74151642388423
100B,8568,0.018707892999373144,100,112,5.345337393331828
100B,8569,0.005281150000882917,100,112,18.935269777090543
100B,8570,0.018793904999256483,100,112,5.320873975044365
100B,8571,0.005154084999958286,100,112,19.4020859184141
100B,8572,0.017459038999732,100,112,5.727692114184235
100B,8573,0.005197067999688443,100,112,19.241618544532198
100B,8574,0.01828599899999972,100,112,5.468664851179393
100B,8575,0.004869293999945512,100,112,20.536858115595198
100B,8576,0.018768096999338013,100,112,5.328190705937165
100B,8577,0.0053955240000505,100,112,18.533881046412553
100B,8578,0.015704272000220953,100,112,6.367694089773345
100B,8579,0.0034963540001626825,100,112,28.601222872554406
100B,8580,0.01683552500071528,100,112,5.939820706259613
100B,8581,0.004201661000479362,100,112,23.800111429406403
100B,8582,0.01784708199920715,100,112,5.603156863651015
100B,8583,0.005276186999253696,100,112,18.95308108187689
100B,8584,0.017343040000923793,100,112,5.766001807911036
100B,8585,0.004800083999725757,100,112,20.832968757570345
100B,8586,0.018166337000366184,100,112,5.50468704824667
100B,8587,0.005797464000352193,100,112,17.24892125141701
100B,8588,0.01615528200090921,100,112,6.18992599413443
100B,8589,0.0039718900006846525,100,112,25.17693087743179
100B,8590,0.018000412001129007,100,112,5.555428397623781
100B,8591,0.004618654998921556,100,112,21.65132490375439
100B,8592,0.018258486999911838,100,112,5.476905068885656
100B,8593,0.00553811899953871,100,112,18.056672312084544
100B,8594,0.01623611700051697,100,112,6.159108116602999
100B,8595,0.004218695999952615,100,112,23.70400711526102
100B,8596,0.018030199000349967,100,112,5.546250487754405
100B,8597,0.004581675999361323,100,112,21.826074129628505
100B,8598,0.01712639400102489,100,112,5.838940759742869
100B,8599,0.004269662000297103,100,112,23.42105768396691
100B,8600,0.017004545999952825,100,112,5.88078035134119
100B,8601,0.004757386001074337,100,112,21.01994666344448
100B,8602,0.01966615399942384,100,112,5.084878314434521
100B,8603,0.006422262000342016,100,112,15.570837813012693
100B,8604,0.016517539999767905,100,112,6.054170294208771
100B,8605,0.00433645399971283,100,112,23.0603161031161
100B,8606,0.017181465000248863,100,112,5.820225457989267
100B,8607,0.004680939999161637,100,112,21.363230466083767
100B,8608,0.016651191999699222,100,112,6.005576057366124
100B,8609,0.00406961899898306,100,112,24.572324835565336
100B,8610,0.01751918499940075,100,112,5.7080280848350275
100B,8611,0.00524410199977865,100,112,19.0690417547601
100B,8612,0.019290178999654017,100,112,5.183985073533718
100B,8613,0.006419545999960974,100,112,15.577425568818718
100B,8614,0.018884527000409435,100,112,5.2953404656538074
100B,8615,0.005786896999779856,100,112,17.280418159128146
100B,8616,0.017968251999263884,100,112,5.565371634597331
100B,8617,0.005305836000843556,100,112,18.847171300451308
100B,8618,0.01835782599846425,100,112,5.447268102898766
100B,8619,0.004552671000055852,100,112,21.965127723653477
100B,8620,0.01767574999939825,100,112,5.657468565882884
100B,8621,0.004349628001364181,100,112,22.99047182164471
100B,8622,0.016631745000267983,100,112,6.012598196905299
100B,8623,0.003828254999461933,100,112,26.121561916344433
100B,8624,0.018599944000015967,100,112,5.376360272908035
100B,8625,0.004925376000755932,100,112,20.303018487248952
100B,8626,0.016020160999687505,100,112,6.242134520492686
100B,8627,0.0036085879983147606,100,112,27.711670062279428
100B,8628,0.016449590999400243,100,112,6.079178503808759
100B,8629,0.003965875001085806,100,112,25.215116455415583
100B,8630,0.019311805999677745,100,112,5.178179606903088
100B,8631,0.0062592049998784205,100,112,15.976469855507593
100B,8632,0.01991888900010963,100,112,5.020360322277494
100B,8633,0.008037908999540377,100,112,12.441046546523253
100B,8634,0.017404861999239074,100,112,5.745520993178339
100B,8635,0.004081101998963277,100,112,24.5031856653921
100B,8636,0.017630311000175425,100,112,5.672049687552589
100B,8637,0.004762542999742436,100,112,20.997185748329855
100B,8638,0.018610923001688207,100,112,5.373188637174468
100B,8639,0.0045234650006023,100,112,22.106946773476743
100B,8640,0.017836802000601892,100,112,5.606386167017247
100B,8641,0.005115462001413107,100,112,19.548576447713963
100B,8642,0.01897569399989152,100,112,5.269899483021368
100B,8643,0.004776093999680597,100,112,20.93761136332064
100B,8644,0.018401865998384892,100,112,5.434231507216544
100B,8645,0.005045459998655133,100,112,19.81979839829371
100B,8646,0.0178174909997324,100,112,5.612462495505226
100B,8647,0.005181014999834588,100,112,19.301237306433713
100B,8648,0.0188876350002829,100,112,5.294469106296378
100B,8649,0.005714579001505626,100,112,17.499101853986602
100B,8650,0.01923042400085251,100,112,5.2000933518453305
100B,8651,0.005528501000299002,100,112,18.088085720630534
100B,8652,0.01740083400000003,100,112,5.746850984268905
100B,8653,0.003975319001256139,100,112,25.155213950981434
100B,8654,0.017825214001277345,100,112,5.610030824473359
100B,8655,0.00532734700027504,100,112,18.77106935118685
100B,8656,0.019508723000399186,100,112,5.1259121367376945
100B,8657,0.006209831999512971,100,112,16.103495232695966
100B,8658,0.017384172999300063,100,112,5.75235876932577
100B,8659,0.004378799998448812,100,112,22.837307032845743
100B,8660,0.017865997999251704,100,112,5.597224403819388
100B,8661,0.005173940999156912,100,112,19.327626661435623
100B,8662,0.018576309999843943,100,112,5.383200431131915
100B,8663,0.004989566999938688,100,112,20.041819260314334
100B,8664,0.01690409299953899,100,112,5.91572703739427
100B,8665,0.004484219000005396,100,112,22.30042734306234
100B,8666,0.018840742000975297,100,112,5.307646588166404
100B,8667,0.005848237000463996,100,112,17.09917022720968
100B,8668,0.019936964999942575,100,112,5.01580857468968
100B,8669,0.005877922998479335,100,112,17.012812183125025
100B,8670,0.01764123500106507,100,112,5.668537378134955
100B,8671,0.004533442001047661,100,112,22.058294774012857
100B,8672,0.017471365999881527,100,112,5.723650915485263
100B,8673,0.0048409060000267345,100,112,20.657290184822372
100B,8674,0.017945818999578478,100,112,5.572328574268406
100B,8675,0.004657206000047154,100,112,21.472101513007477
100B,8676,0.019610790999649907,100,112,5.099233376246027
100B,8677,0.0056019200001173886,100,112,17.851022506195108
100B,8678,0.016789092000180972,100,112,5.956248259222243
100B,8679,0.0045492680001189,100,112,21.981558351230657
100B,8680,0.018195667000327376,100,112,5.495813920874722
100B,8681,0.004759358998853713,100,112,21.011232820235854
100B,8682,0.01779295199958142,100,112,5.620202875967546
100B,8683,0.004243114000928472,100,112,23.567596811709077
100B,8684,0.01735365900094621,100,112,5.7624734930280415
100B,8685,0.004679252999267192,100,112,21.370932500478347
100B,8686,0.019628310001280624,100,112,5.094682119524077
100B,8687,0.006159749998914776,100,112,16.23442510128138
100B,8688,0.017958653001187486,100,112,5.568346356120788
100B,8689,0.00419475099988631,100,112,23.839317280742122
100B,8690,0.01677546400060237,100,112,5.961086977767604
100B,8691,0.00414331200045126,100,112,24.135281144434384
100B,8692,0.019593745999372914,100,112,5.10366930362374
100B,8693,0.005358983000405715,100,112,18.660256991378635
100B,8694,0.018767506999211037,100,112,5.328358209974499
100B,8695,0.005001007999453577,100,112,19.99596881487217
100B,8696,0.017879338000057032,100,112,5.593048243714673
100B,8697,0.005088916999739013,100,112,19.6505464728799
100B,8698,0.019752877999053453,100,112,5.062553416509328
100B,8699,0.006200882999110036,100,112,16.126735501113668
100B,8700,0.018515363000915386,100,112,5.400920305751288
100B,8701,0.004941963999954169,100,112,20.23487018540147
100B,8702,0.018570046999229817,100,112,5.385015988605061
100B,8703,0.0052868160000798525,100,112,18.91497642408769
100B,8704,0.01816175900057715,100,112,5.506074604162635
100B,8705,0.005000995999580482,100,112,19.99601679513215
100B,8706,0.02115966900055355,100,112,4.725971847545628
100B,8707,0.006671781000477495,100,112,14.988501569947076
100B,8708,0.016697721999662463,100,112,5.988840873145539
100B,8709,0.0041728929991222685,100,112,23.964189836891126
100B,8710,0.016740250001021195,100,112,5.973626438906215
100B,8711,0.0038805320000392385,100,112,25.76966250993133
100B,8712,0.018329186999835656,100,112,5.455779353492145
100B,8713,0.005344725999748334,100,112,18.710033031573307
100B,8714,0.01844403799987049,100,112,5.421806222731822
100B,8715,0.004594881000230089,100,112,21.763349256486183
100B,8716,0.01746080800148775,100,112,5.72711182618121
100B,8717,0.004430319999300991,100,112,22.571732970931638
100B,8718,0.018722221000643913,100,112,5.3412466393042095
100B,8719,0.005564699999013101,100,112,17.97042069073535
100B,8720,0.017749081998772454,100,112,5.634094203120822
100B,8721,0.004163556999628781,100,112,24.017925059970572
100B,8722,0.0172846949990344,100,112,5.785465118452274
100B,8723,0.004362498999398667,100,112,22.92264136078521
100B,8724,0.01868218399977195,100,112,5.352693239785063
100B,8725,0.0061681509996560635,100,112,16.212313869355015
100B,8726,0.018788652998409816,100,112,5.322361321403059
100B,8727,0.004971259999365429,100,112,20.115624612827492
100B,8728,0.01790863199857995,100,112,5.583899429500222
100B,8729,0.00441142999989097,100,112,22.668386442144957
100B,8730,0.019639637001091614,100,112,5.091743803332097
100B,8731,0.006060039999283617,100,112,16.501541245902903
100B,8732,0.018150583000533516,100,112,5.509464902425482
100B,8733,0.005276375000903499,100,112,18.952405767762244
100B,8734,0.017446793999624788,100,112,5.731712084303317
100B,8735,0.004530985999736004,100,112,22.070251377035035
100B,8736,0.01873027900001034,100,112,5.33894876845907
100B,8737,0.005934265000178129,100,112,16.851286553094322
100B,8738,0.019505229000060353,100,112,5.1268303489126215
100B,8739,0.005001993999030674,100,112,19.992027183435006
100B,8740,0.017762141998900915,100,112,5.629951613166239
100B,8741,0.004066601000886294,100,112,24.59056100615859
100B,8742,0.017487720999270095,100,112,5.718297999160314
100B,8743,0.004597298999215127,100,112,21.751902588252904
100B,8744,0.01929345300050045,100,112,5.183105377632822
100B,8745,0.005850655999893206,100,112,17.09210044169839
100B,8746,0.017615860000660177,100,112,5.676702698378187
100B,8747,0.00413369800116925,100,112,24.191414073237613
100B,8748,0.019363516999874264,100,112,5.164351083568618
100B,8749,0.006241221999516711,100,112,16.022503286655002
100B,8750,0.02064432199949806,100,112,4.84394692169747
100B,8751,0.005771594000179903,100,112,17.326236044476268
100B,8752,0.01806998800020665,100,112,5.534037986016172
100B,8753,0.005580967999776476,100,112,17.918038591872435
100B,8754,0.01633745499930228,100,112,6.1209043883683645
100B,8755,0.003273738000643789,100,112,30.546121888903375
100B,8756,0.017933540999365505,100,112,5.57614360730756
100B,8757,0.0051272220007376745,100,112,19.503739059009458
100B,8758,0.017983569001444266,100,112,5.560631484883172
100B,8759,0.004604634999850532,100,112,21.71724794761062
100B,8760,0.01733763300035207,100,112,5.767800021950477
100B,8761,0.004144360000282177,100,112,24.129177965522132
100B,8762,0.016879074000826222,100,112,5.9244956207375505
100B,8763,0.0038677850006934023,100,112,25.854591189032575
100B,8764,0.01712923699960811,100,112,5.83797165059295
100B,8765,0.004451284999959171,100,112,22.46542290617591
100B,8766,0.017951595000340603,100,112,5.570535654247027
100B,8767,0.004963223000231665,100,112,20.14819805504052
100B,8768,0.01869608299966785,100,112,5.348713952637917
100B,8769,0.005058984001152567,100,112,19.766814834207306
100B,8770,0.01651857800061407,100,112,6.0537898598948745
100B,8771,0.004175392999968608,100,112,23.94984136840576
100B,8772,0.01776342300036049,100,112,5.629545611674653
100B,8773,0.00496707599995716,100,112,20.13256894012946
100B,8774,0.019014125000467175,100,112,5.259248058879544
100B,8775,0.005194666000534198,100,112,19.250515815591687
100B,8776,0.01767760099937732,100,112,5.656876179269033
100B,8777,0.004555244999210117,100,112,21.952716048717484
100B,8778,0.016425124000306823,100,112,6.088234097844984
100B,8779,0.004120149998925626,100,112,24.270961015030053
100B,8780,0.020361930999570177,100,112,4.911125570659822
100B,8781,0.005785912999272114,100,112,17.283357010826176
100B,8782,0.015923112001473783,100,112,6.280179401535603
100B,8783,0.0038300270007312065,100,112,26.10947650784409
100B,8784,0.017124437999882502,100,112,5.839607699866479
100B,8785,0.004298829000617843,100,112,23.26214882835015
100B,8786,0.016278655000860454,100,112,6.14301365774471
100B,8787,0.0035283820016047684,100,112,28.34160245532323
100B,8788,0.01629742400109535,100,112,6.135939028970406
100B,8789,0.004248724999342812,100,112,23.53647271015843
100B,8790,0.017639286999838077,100,112,5.669163385170725
100B,8791,0.005489204999321373,100,112,18.217574314015042
100B,8792,0.016767891000199597,100,112,5.963779225354557
100B,8793,0.004243058001520694,100,112,23.567907854231645
100B,8794,0.02423701599946071,100,112,4.12592045168535
100B,8795,0.011543987999175442,100,112,8.662517667823524
100B,8796,0.017925429998285836,100,112,5.5786667326564965
100B,8797,0.005037643000832759,100,112,19.85055312245613
100B,8798,0.017125370000940165,100,112,5.839289895313801
100B,8799,0.003928064001229359,100,112,25.45783367295013
100B,8800,0.01722494500063476,100,112,5.80553377652671
100B,8801,0.004410142999404343,100,112,22.67500169801898
100B,8802,0.016292741000142996,100,112,6.137702673793338
100B,8803,0.003682915001263609,100,112,27.15240508284605
100B,8804,0.01647439100088377,100,112,6.070027110236457
100B,8805,0.00375205599993933,100,112,26.652054234163078
100B,8806,0.018811783000273863,100,112,5.315817219374909
100B,8807,0.005190507999941474,100,112,19.265936975942925
100B,8808,0.018603311998958816,100,112,5.3753869206513745
100B,8809,0.004852407000726089,100,112,20.608329017956763
100B,8810,0.017601386998649104,100,112,5.68137045152606
100B,8811,0.004325113999584573,100,112,23.120777859174346
100B,8812,0.01809382099963841,100,112,5.526748606720405
100B,8813,0.004335949999585864,100,112,23.062996577347803
100B,8814,0.018226665999463876,100,112,5.486466916272094
100B,8815,0.0054188220001378795,100,112,18.45419539476579
100B,8816,0.017578752998815617,100,112,5.688685654024354
100B,8817,0.004177405999143957,100,112,23.93830047175022
100B,8818,0.01861972699953185,100,112,5.370648023062544
100B,8819,0.0054077639997558435,100,112,18.49193123156168
100B,8820,0.018989362999491277,100,112,5.266106082793772
100B,8821,0.005309309000949725,100,112,18.83484272286885
100B,8822,0.01840779099984502,100,112,5.432482365800542
100B,8823,0.004823915000088164,100,112,20.730050176707582
100B,8824,0.0169844660013041,100,112,5.887732943286048
100B,8825,0.003814916000919766,100,112,26.21289694868518
100B,8826,0.020029876999615226,100,112,4.992541891391594
100B,8827,0.005986662999930559,100,112,16.703796422340783
100B,8828,0.01812229999995907,100,112,5.518063380488451
100B,8829,0.003846990999591071,100,112,25.994342074267873
100B,8830,0.01621716999943601,100,112,6.16630398543505
100B,8831,0.004052968000905821,100,112,24.673276467430885
100B,8832,0.0190060690001701,100,112,5.26147726808237
100B,8833,0.005992582000544644,100,112,16.687297727575753
100B,8834,0.018323054000575212,100,112,5.457605484154591
100B,8835,0.0047658660005254205,100,112,20.982545457420613
100B,8836,0.01821285500045633,100,112,5.490627361690106
100B,8837,0.005608356001175707,100,112,17.830537144759806
100B,8838,0.018861501001083525,100,112,5.301804983296683
100B,8839,0.005786310999610578,100,112,17.282168208160616
100B,8840,0.01900816799934546,100,112,5.260896263303411
100B,8841,0.00565644199923554,100,112,17.678957905608307
100B,8842,0.017071226000552997,100,112,5.857810094996145
100B,8843,0.004027515000416315,100,112,24.829206095983064
100B,8844,0.01869081500080938,100,112,5.350221485562274
100B,8845,0.006087799998567789,100,112,16.42629521724201
100B,8846,0.020381172998895636,100,112,4.906488944744179
100B,8847,0.006187697001223569,100,112,16.161101615063856
100B,8848,0.017259925998587278,100,112,5.793767598319077
100B,8849,0.003997026000433834,100,112,25.01860132737342
100B,8850,0.018309429999135318,100,112,5.4616664748559955
100B,8851,0.005422928999905707,100,112,18.440219298784623
100B,8852,0.020521886999631533,100,112,4.872846244684784
100B,8853,0.006767425000361982,100,112,14.776669116340575
100B,8854,0.020779135998964193,100,112,4.812519635320007
100B,8855,0.004743360001157271,100,112,21.082102133424893
100B,8856,0.017288417999225203,100,112,5.7842192388269185
100B,8857,0.0043243839991191635,100,112,23.124680884114145
100B,8858,0.017952721000256133,100,112,5.57018626862041
100B,8859,0.004910341998765944,100,112,20.365180271584297
100B,8860,0.018589843000881956,100,112,5.379281578400404
100B,8861,0.006006033001540345,100,112,16.649925162641193
100B,8862,0.01732819899916649,100,112,5.770940188579906
100B,8863,0.004400903000714607,100,112,22.722609424420913
100B,8864,0.018136573999072425,100,112,5.5137205078045275
100B,8865,0.005230581000432721,100,112,19.11833503615126
100B,8866,0.018245712999487296,100,112,5.480739503181377
100B,8867,0.004731630000605946,100,112,21.134365955747533
100B,8868,0.016104546000860864,100,112,6.20942682858955
100B,8869,0.003693982998811407,100,112,27.07105041690134
100B,8870,0.01755765200141468,100,112,5.695522384880545
100B,8871,0.00535298300019349,100,112,18.68117272115106
100B,8872,0.01781441800085304,100,112,5.613430648995186
100B,8873,0.004705291999925976,100,112,21.252666147302488
100B,8874,0.01867260299877671,100,112,5.355439732026181
100B,8875,0.005538212000828935,100,112,18.056369092593865
100B,8876,0.018179515000156243,100,112,5.500696800719961
100B,8877,0.00527274900014163,100,112,18.965439090181217
100B,8878,0.01795526299974881,100,112,5.569397674731858
100B,8879,0.0048879750011110445,100,112,20.458369770154274
100B,8880,0.01751766799861798,100,112,5.7085223905310505
100B,8881,0.004587689001709805,100,112,21.797467082605333
100B,8882,0.018669933000637684,100,112,5.3562056166235
100B,8883,0.005401669001003029,100,112,18.512796689584484
100B,8884,0.018759423999654246,100,112,5.330654075617838
100B,8885,0.005187218999708421,100,112,19.278152706801293
100B,8886,0.018774559001030866,100,112,5.326356799885912
100B,8887,0.005522760999156162,100,112,18.106885308866215
100B,8888,0.018624495000040042,100,112,5.369273099742302
100B,8889,0.005098040999655495,100,112,19.61537775132793
100B,8890,0.018668892000277992,100,112,5.3565042852307965
100B,8891,0.0051170259994250955,100,112,19.542601505490715
100B,8892,0.01837814299869933,100,112,5.4412461589333185
100B,8893,0.004860457000177121,100,112,20.574197034631904
100B,8894,0.01727298199875804,100,112,5.789388306384513
100B,8895,0.004295294000257854,100,112,23.281293432765445
100B,8896,0.018511670001316816,100,112,5.401997766429856
100B,8897,0.0051732289994106395,100,112,19.33028675347496
100B,8898,0.017669607999778236,100,112,5.65943511600569
100B,8899,0.004581728000630392,100,112,21.82582641008833
100B,8900,0.019573961000787676,100,112,5.108827998378862
100B,8901,0.007033998999759206,100,112,14.216663949401086
100B,8902,0.018045465001705452,100,112,5.541558501847923
100B,8903,0.0042873980000877054,100,112,23.324170043918095
100B,8904,0.017375342999002896,100,112,5.755282068718794
100B,8905,0.00476029300079972,100,112,21.00711027308617
100B,8906,0.01839531900077418,100,112,5.436165580808434
100B,8907,0.005270920999464579,100,112,18.97201646736083
100B,8908,0.019473012998787453,100,112,5.135312137172958
100B,8909,0.005566829999224865,100,112,17.96354478472024
100B,8910,0.020263186999727623,100,112,4.935057846593637
100B,8911,0.0064644579997548135,100,112,15.469200976136412
100B,8912,0.017742034999173484,100,112,5.636332021927503
100B,8913,0.004776864998348174,100,112,20.934231977370036
100B,8914,0.016030644999773358,100,112,6.23805218077088
100B,8915,0.004338847000326496,100,112,23.04759766649413
100B,8916,0.016123026000059326,100,112,6.202309665668966
100B,8917,0.0040514270003768615,100,112,24.68266119337657
100B,8918,0.018217056998764747,100,112,5.4893608779277985
100B,8919,0.005003423000744078,100,112,19.98631736415822
100B,8920,0.018897877998824697,100,112,5.291599406357646
100B,8921,0.0055404180002369685,100,112,18.049179682060615
100B,8922,0.016996820999338524,100,112,5.883453147143913
100B,8923,0.00405219899948861,100,112,24.677958810171976
100B,8924,0.016230008001002716,100,112,6.161426414196582
100B,8925,0.004338431999713066,100,112,23.049802326419723
100B,8926,0.018910487000539433,100,112,5.2880711108681355
100B,8927,0.006172074999994948,100,112,16.202006618532966
100B,8928,0.017895924000185914,100,112,5.587864588548831
100B,8929,0.005338069000572432,100,112,18.733365939870094
100B,8930,0.016949304999798187,100,112,5.899946930047615
100B,8931,0.004109580999283935,100,112,24.33338094988863
100B,8932,0.017069174000425846,100,112,5.8585143017175385
100B,8933,0.004390640000565327,100,112,22.775722898512353
100B,8934,0.01795427999968524,100,112,5.569702600257605
100B,8935,0.0047367179995490005,100,112,21.111664238724227
100B,8936,0.018175645000155782,100,112,5.501868021692925
100B,8937,0.005047863998697721,100,112,19.81035939672674
100B,8938,0.01798067399977299,100,112,5.561526781546817
100B,8939,0.004312213999583037,100,112,23.189943729524867
100B,8940,0.016915943000640254,100,112,5.911582936654201
100B,8941,0.004074931001014193,100,112,24.540292823390487
100B,8942,0.01661344100102724,100,112,6.0192226278599845
100B,8943,0.004068647998792585,100,112,24.578189125644705
100B,8944,0.016466610000861692,100,112,6.072895392237202
100B,8945,0.003942047998862108,100,112,25.367524705144508
100B,8946,0.016391334000218194,100,112,6.100784719454124
100B,8947,0.004484553999645868,100,112,22.29876148395062
100B,8948,0.016917353999815532,100,112,5.911089878540722
100B,8949,0.004432149999047397,100,112,22.562413280573317
100B,8950,0.01640319299986004,100,112,6.096374041374338
100B,8951,0.0037231739988783374,100,112,26.858803813661815
100B,8952,0.017422200000510202,100,112,5.739803239376861
100B,8953,0.005305131000568508,100,112,18.84967590607731
100B,8954,0.01735297800041735,100,112,5.76269963562421
100B,8955,0.004280425000615651,100,112,23.36216613668434
100B,8956,0.018120003000149154,100,112,5.5187628831616005
100B,8957,0.005239984999207081,100,112,19.084024098376634
100B,8958,0.01819946700015862,100,112,5.494666409688176
100B,8959,0.004610990999935893,100,112,21.687311903534468
100B,8960,0.018479546000889968,100,112,5.411388353111274
100B,8961,0.0049473460003355285,100,112,20.212857559026194
100B,8962,0.017289626999627217,100,112,5.783814769523722
100B,8963,0.004576174998874194,100,112,21.852311160434525
100B,8964,0.019157474000166985,100,112,5.219894856656381
100B,8965,0.005755846999818459,100,112,17.373637625036597
100B,8966,0.018431266998959472,100,112,5.425562985205817
100B,8967,0.004769522000060533,100,112,20.96646162838348
100B,8968,0.017436705998989055,100,112,5.7350281644823164
100B,8969,0.004903118999209255,100,112,20.39518111147769
100B,8970,0.01802098200096225,100,112,5.549087169315212
100B,8971,0.005025583999668015,100,112,19.89818496847449
100B,8972,0.017686852001133957,100,112,5.653917384144375
100B,8973,0.004862290001256042,100,112,20.566440910387428
100B,8974,0.018924957999843173,100,112,5.284027578863249
100B,8975,0.00623871700008749,100,112,16.028936718655075
100B,8976,0.017120856000474305,100,112,5.840829453692599
100B,8977,0.004339827000876539,100,112,23.04239315986615
100B,8978,0.015999997000108124,100,112,6.250001171832984
100B,8979,0.0037245089988573454,100,112,26.849176637962035
100B,8980,0.01823372399849177,100,112,5.484343187835445
100B,8981,0.005383736999647226,100,112,18.574458597541557
100B,8982,0.018798170000081882,100,112,5.3196667547726415
100B,8983,0.005090249998829677,100,112,19.64540052511988
100B,8984,0.018747873000393156,100,112,5.333938415195309
100B,8985,0.0054360360009013675,100,112,18.39575749377279
100B,8986,0.017442083000787534,100,112,5.73326018431886
100B,8987,0.004913254000712186,100,112,20.353110176169356
100B,8988,0.018489717000193195,100,112,5.4084116051616755
100B,8989,0.005167424000319443,100,112,19.35200207953095
100B,8990,0.016827701998408884,100,112,5.942582059597641
100B,8991,0.004279435999706038,100,112,23.367565260204653
100B,8992,0.01779034799983492,100,112,5.621025513437281
100B,8993,0.005377302000852069,100,112,18.596686588209913
100B,8994,0.01801117800096108,100,112,5.552107696379657
100B,8995,0.004360709999673418,100,112,22.932045471377183
100B,8996,0.01836381500106654,100,112,5.445491581906709
100B,8997,0.005089367001346545,100,112,19.648808972420735
100B,8998,0.017655188999924576,100,112,5.6640571789079805
100B,8999,0.0047437159992114175,100,112,21.080520000907246
100B,9000,0.019733393000933575,100,112,5.067552244830328
100B,9001,0.005710146999263088,100,112,17.51268400146359
100B,9002,0.019927361001464305,100,112,5.01822594535482
100B,9003,0.005143530999703216,100,112,19.441897017004475
100B,9004,0.016642181999486638,100,112,6.008827448412997
100B,9005,0.003848413998639444,100,112,25.984730342253634
100B,9006,0.017517514001156087,100,112,5.708572574476058
100B,9007,0.004885758999080281,100,112,20.467648940282256
100B,9008,0.0185294109996903,100,112,5.396825619641736
100B,9009,0.004989703000319423,100,112,20.04127299632831
100B,9010,0.01816852100091637,100,112,5.504025341135708
100B,9011,0.005330820000381209,100,112,18.758840102057274
100B,9012,0.017008640999847557,100,112,5.879364494840961
100B,9013,0.004589242998918053,100,112,21.7900860825142
100B,9014,0.01763712699903408,100,112,5.66985768177984
100B,9015,0.004550755998934619,100,112,21.97437085693258
100B,9016,0.017276386999583337,100,112,5.788247276610077
100B,9017,0.004928843000016059,100,112,20.288737133577634
100B,9018,0.017936550999365863,100,112,5.5752078537025005
100B,9019,0.004452502998901764,100,112,22.45927740524051
100B,9020,0.017701165999824298,100,112,5.649345359565161
100B,9021,0.00499659600063751,100,112,20.013625273534448
100B,9022,0.017632564000450657,100,112,5.67132494159353
100B,9023,0.004435745000591851,100,112,22.544127308187743
100B,9024,0.019191612998838536,100,112,5.210609447264903
100B,9025,0.0052487030006886926,100,112,19.052325876864973
100B,9026,0.017251235000003362,100,112,5.796686440129099
100B,9027,0.004732632000013837,100,112,21.129891358488813
100B,9028,0.017938025001058122,100,112,5.574749728250531
100B,9029,0.0053075609994266415,100,112,18.841045823270363
100B,9030,0.016956143001152668,100,112,5.897567624500575
100B,9031,0.00426020400118432,100,112,23.47305433547323
100B,9032,0.017646169999352423,100,112,5.666952092361673
100B,9033,0.004659832000470487,100,112,21.460001130921317
100B,9034,0.01738772200042149,100,112,5.751184657632319
100B,9035,0.005227137000474613,100,112,19.1309315196675
100B,9036,0.0178639440000552,100,112,5.597867973594801
100B,9037,0.004955325000992161,100,112,20.180311075454764
100B,9038,0.017871383999590762,100,112,5.595537536560678
100B,9039,0.005021842000132892,100,112,19.913011997859297
100B,9040,0.017823000998760108,100,112,5.610727396971851
100B,9041,0.00509102500109293,100,112,19.642409923057187
100B,9042,0.018174370999986422,100,112,5.50225369560656
100B,9043,0.004977484999471926,100,112,20.090467376719218
100B,9044,0.0173525480004173,100,112,5.762842436603267
100B,9045,0.004634045000784681,100,112,21.579419272593825
100B,9046,0.018311919000552734,100,112,5.460924111611763
100B,9047,0.0055592360004084185,100,112,17.988083253283964
100B,9048,0.017270516000280622,100,112,5.79021495352977
100B,9049,0.004251845999533543,100,112,23.51919613527176
100B,9050,0.020598834000338684,100,112,4.854643714219737
100B,9051,0.0065520049993210705,100,112,15.26250361688707
100B,9052,0.018131621000065934,100,112,5.515226685999909
100B,9053,0.0040428310003335355,100,112,24.73514227820801
100B,9054,0.01697550100107037,100,112,5.890842337654401
100B,9055,0.004209787000945653,100,112,23.754170930153187
100B,9056,0.016712251999706496,100,112,5.983634042961787
100B,9057,0.004366375000245171,100,112,22.90229309080989
100B,9058,0.01870209899971087,100,112,5.3469934044058895
100B,9059,0.00539551899964863,100,112,18.533898223046247
100B,9060,0.01728226100021857,100,112,5.7862799317019515
100B,9061,0.0046296870004880475,100,112,21.599732333839913
100B,9062,0.018268990999786183,100,112,5.4737560493171395
100B,9063,0.005250906999208382,100,112,19.044328915952203
100B,9064,0.01910340799986443,100,112,5.234668076016052
100B,9065,0.005360359000405879,100,112,18.655466917873998
100B,9066,0.017914814001414925,100,112,5.581972550320753
100B,9067,0.004821458998776507,100,112,20.740609849710637
100B,9068,0.018009203999099554,100,112,5.552716266915512
100B,9069,0.005178761000934173,100,112,19.309637958183714
100B,9070,0.01810749499964004,100,112,5.522575044311094
100B,9071,0.005982814000162762,100,112,16.714542687985873
100B,9072,0.019544384000255377,100,112,5.1165593143633155
100B,9073,0.005251160999250715,100,112,19.043407736740303
100B,9074,0.01768736800113402,100,112,5.653752440362441
100B,9075,0.004440329001226928,100,112,22.520853741326047
100B,9076,0.018458652000845177,100,112,5.417513694684814
100B,9077,0.0063505420002911706,100,112,15.746687447373
100B,9078,0.017019891000018106,100,112,5.875478285959271
100B,9079,0.004535168000074918,100,112,22.049899804891034
100B,9080,0.01705135999873164,100,112,5.864634844812288
100B,9081,0.004222413001116365,100,112,23.68314041605143
100B,9082,0.01807808000012301,100,112,5.531560873683465
100B,9083,0.005731838000428979,100,112,17.44641073116788
100B,9084,0.018859530000554514,100,112,5.302359072419078
100B,9085,0.005630191999443923,100,112,17.761383627747808
100B,9086,0.017539933998705237,100,112,5.701275729280498
100B,9087,0.004588495999996667,100,112,21.793633469457667
100B,9088,0.01679980200060527,100,112,5.952451106054534
100B,9089,0.004897281998637482,100,112,20.419489836979356
100B,9090,0.01733944599982351,100,112,5.7671969451052725
100B,9091,0.0037867060000280617,100,112,26.408176393746686
100B,9092,0.017436678999729338,100,112,5.735037044700556
100B,9093,0.004047046999403392,100,112,24.709374517948966
100B,9094,0.018030461000307696,100,112,5.546169895394991
100B,9095,0.004978933999154833,100,112,20.084620526597632
100B,9096,0.017013535998557927,100,112,5.877672931040087
100B,9097,0.005004179000025033,100,112,19.983297959465432
100B,9098,0.01764209899920388,100,112,5.66825976911889
100B,9099,0.00460881400067592,100,112,21.69755602750169
100B,9100,0.015781964000780135,100,112,6.336346984130542
100B,9101,0.003849077000268153,100,112,25.98025448517484
100B,9102,0.017563256000357796,100,112,5.693705085091444
100B,9103,0.004062038999109063,100,112,24.618178215899263
100B,9104,0.016714054998374195,100,112,5.982988569184867
100B,9105,0.004566756000713212,100,112,21.897381858015297
100B,9106,0.01716711600056442,100,112,5.825090247931698
100B,9107,0.003972832000727067,100,112,25.170961163648254
100B,9108,0.016432257998530986,100,112,6.085590915681815
100B,9109,0.004049584000313189,100,112,24.69389448206684
100B,9110,0.018314389999432024,100,112,5.460187317355437
100B,9111,0.005184741999983089,100,112,19.287362804229446
100B,9112,0.018483928999557975,100,112,5.4101051785251615
100B,9113,0.005220982999162516,100,112,19.153481253633796
100B,9114,0.016827430001285393,100,112,5.942678114980204
100B,9115,0.00463161100014986,100,112,21.590759672339583
100B,9116,0.01877480000075593,100,112,5.3262884289565635
100B,9117,0.00553271299941116,100,112,18.074315441744922
100B,9118,0.018147799999496783,100,112,5.510309789769167
100B,9119,0.0055558240001118975,100,112,17.99913028166226
100B,9120,0.018006301999776042,100,112,5.55361117464562
100B,9121,0.004986174999430659,100,112,20.05545333074318
100B,9122,0.019340456999998423,100,112,5.170508638963812
100B,9123,0.005750729000283172,100,112,17.38909971154542
100B,9124,0.018495476000680355,100,112,5.406727569288917
100B,9125,0.00544120899940026,100,112,18.378268508160996
100B,9126,0.01866431500093313,100,112,5.3578178462483335
100B,9127,0.0057763290005823364,100,112,17.312033298296992
100B,9128,0.016746696001064265,100,112,5.971327119907409
100B,9129,0.00446159999955853,100,112,22.41348395416328
100B,9130,0.016516351000973373,100,112,6.054606129047912
100B,9131,0.004085165001015412,100,112,24.478815415079666
100B,9132,0.0173897639997449,100,112,5.750509322695061
100B,9133,0.004815812000742881,100,112,20.764930189254507
100B,9134,0.01875939199999266,100,112,5.330663168616507
100B,9135,0.005035342999690329,100,112,19.859620289253375
100B,9136,0.018265156000779825,100,112,5.474905333178131
100B,9137,0.005519153999557602,100,112,18.11871892105487
100B,9138,0.018533813999965787,100,112,5.395543518467629
100B,9139,0.0048307649994967505,100,112,20.700655074386273
100B,9140,0.018189082000390044,100,112,5.497803572376858
100B,9141,0.005225294999036123,100,112,19.137675484053315
100B,9142,0.018902399000580772,100,112,5.290333782337761
100B,9143,0.005648987000313355,100,112,17.702288922678154
100B,9144,0.016217549000430154,100,112,6.16615988009949
100B,9145,0.0038080390004324727,100,112,26.260235251961227
100B,9146,0.016480568001497886,100,112,6.067752033237641
100B,9147,0.0035365629992156755,100,112,28.2760408968192
100B,9148,0.016881941999599803,100,112,5.923489134269658
100B,9149,0.004128946000491851,100,112,24.21925595250888
100B,9150,0.01839252300123917,100,112,5.436991977297657
100B,9151,0.006179574998895987,100,112,16.18234263972288
100B,9152,0.017885899998873356,100,112,5.590996259975682
100B,9153,0.00460574099997757,100,112,21.71203287386047
100B,9154,0.016923797000345076,100,112,5.908839487850215
100B,9155,0.004293805000997963,100,112,23.289366884792877
100B,9156,0.018187140000009094,100,112,5.498390621062464
100B,9157,0.0053880510004091775,100,112,18.5595867582556
100B,9158,0.018185240000093472,100,112,5.4989650947409
100B,9159,0.005550371999561321,100,112,18.01681040620405
100B,9160,0.017132091999883414,100,112,5.836998774036498
100B,9161,0.004552897000394296,100,112,21.964037401096416
100B,9162,0.017821748999267584,100,112,5.6111215573796756
100B,9163,0.005051314001320861,100,112,19.796829097112383
100B,9164,0.017580635998456273,100,112,5.688076359056682
100B,9165,0.004867097000897047,100,112,20.546128417323335
100B,9166,0.01782738200017775,100,112,5.609348585170999
100B,9167,0.004979026998626068,100,112,20.084245381194837
100B,9168,0.01694177699937427,100,112,5.9025685442379165
100B,9169,0.0047017919987411005,100,112,21.268486574219978
100B,9170,0.01697881699874415,100,112,5.889691844101775
100B,9171,0.0039010150012472877,100,112,25.634354127842776
100B,9172,0.017349085999740055,100,112,5.763992408677801
100B,9173,0.004912550999506493,100,112,20.356022769035036
100B,9174,0.017878351000035764,100,112,5.593357015968641
100B,9175,0.004894769999737036,100,112,20.42996913141421
100B,9176,0.017533639998873696,100,112,5.703322299672155
100B,9177,0.0048945750004349975,100,112,20.430783059022012
100B,9178,0.018376390000412357,100,112,5.441765221447523
100B,9179,0.005064349001258961,100,112,19.74587453888757
100B,9180,0.018949559998873156,100,112,5.2771673857306745
100B,9181,0.005855924000570667,100,112,17.076724354731187
100B,9182,0.01765076400079124,100,112,5.665477142831734
100B,9183,0.004556825999316061,100,112,21.945099508958453
100B,9184,0.01823521299957065,100,112,5.483895362360424
100B,9185,0.005237769999439479,100,112,19.09209453845845
100B,9186,0.018843740999727743,100,112,5.306801871318695
100B,9187,0.005692442999134073,100,112,17.56714999433668
100B,9188,0.018190475000665174,100,112,5.4973825585282015
100B,9189,0.004577554000206874,100,112,21.84572808873051
100B,9190,0.01836593699954392,100,112,5.444862410367808
100B,9191,0.005356593999749748,100,112,18.668579325719264
100B,9192,0.019464469000013196,100,112,5.137566300931826
100B,9193,0.006117085000369116,100,112,16.347655786042832
100B,9194,0.0175006770004984,100,112,5.714064661450075
100B,9195,0.004443248000825406,100,112,22.50605862680259
100B,9196,0.017566417998750694,100,112,5.692680204189147
100B,9197,0.005059852999693248,100,112,19.76342000569235
100B,9198,0.018045126000288292,100,112,5.541662607310273
100B,9199,0.00495939900065423,100,112,20.163733546505995
100B,9200,0.01752856599887309,100,112,5.704973242330775
100B,9201,0.0046786279999651015,100,112,21.37378735833366
100B,9202,0.018553132000306505,100,112,5.389925539167617
100B,9203,0.005845043000590522,100,112,17.108513998938427
100B,9204,0.017439135001040995,100,112,5.73422936367146
100B,9205,0.004377306999231223,100,112,22.84509631551152
100B,9206,0.01662161399872275,100,112,6.016262921740588
100B,9207,0.0044052759985788725,100,112,22.700053307048112
100B,9208,0.018006338001214317,100,112,5.553600070889271
100B,9209,0.0050271540003450355,100,112,19.891970684235368
100B,9210,0.019376042000658344,100,112,5.1610127598093705
100B,9211,0.0051510960001905914,100,112,19.413344266210526
100B,9212,0.01694696400045359,100,112,5.900761929825511
100B,9213,0.0042933429995173356,100,112,23.291873025575214
100B,9214,0.01656245900085196,100,112,6.037750795027241
100B,9215,0.003997085001174128,100,112,25.018232029247667
100B,9216,0.018933642999400035,100,112,5.2816037570354935
100B,9217,0.005452302000776399,100,112,18.340876933405404
100B,9218,0.016944584000157192,100,112,5.9015907383192365
100B,9219,0.003969839999626856,100,112,25.18993209031081
100B,9220,0.016229524999289424,100,112,6.161609782441464
100B,9221,0.0044772260007448494,100,112,22.335258479997123
100B,9222,0.01609590699990804,100,112,6.212759554374371
100B,9223,0.003516685999784386,100,112,28.435862629228534
100B,9224,0.017021551000652835,100,112,5.874905288957784
100B,9225,0.0053491360013140365,100,112,18.694607872268456
100B,9226,0.018132179000531323,100,112,5.515056960173938
100B,9227,0.004350815999714541,100,112,22.984194230820385
100B,9228,0.016488133000166272,100,112,6.0649680590878035
100B,9229,0.0046428420009760885,100,112,21.53853178268321
100B,9230,0.016582968000875553,100,112,6.030283601507292
100B,9231,0.0042367580008431105,100,112,23.60295300796036
100B,9232,0.017905699998664204,100,112,5.584813774801329
100B,9233,0.004419295999468886,100,112,22.62803849572829
100B,9234,0.017252847999770893,100,112,5.7961444974955985
100B,9235,0.00455982200037397,100,112,21.93068062564692
100B,9236,0.017548874999192776,100,112,5.698370978458725
100B,9237,0.004969372001141892,100,112,20.123267080230946
100B,9238,0.016786235999461496,100,112,5.957261651939602
100B,9239,0.004258730999936233,100,112,23.481173147939447
100B,9240,0.016679108999596792,100,112,5.995524101582252
100B,9241,0.003808634999586502,100,112,26.25612588522052
100B,9242,0.017732526999679976,100,112,5.639354165472565
100B,9243,0.004531213000518619,100,112,22.069145720705365
100B,9244,0.016299659999276628,100,112,6.135097296780298
100B,9245,0.004121619000216015,100,112,24.26231051311608
100B,9246,0.016962669000349706,100,112,5.895298670152579
100B,9247,0.004607298000337323,100,112,21.70469546199931
100B,9248,0.01737915800003975,100,112,5.754018692952286
100B,9249,0.003975966001235065,100,112,25.151120499756974
100B,9250,0.01779226599865069,100,112,5.620419569243382
100B,9251,0.00440782300029241,100,112,22.68693638409848
100B,9252,0.018064397998386994,100,112,5.5357504860626525
100B,9253,0.004626891000953037,100,112,21.612784908786963
100B,9254,0.015719589000582346,100,112,6.361489476365788
100B,9255,0.0033005840014084242,100,112,30.29766852088237
100B,9256,0.017023518001224147,100,112,5.874226466750825
100B,9257,0.004527930999756791,100,112,22.085142199687077
100B,9258,0.017798823000703123,100,112,5.618349033306843
100B,9259,0.004558755999823916,100,112,21.935808804828014
100B,9260,0.017820507999203983,100,112,5.61151230955183
100B,9261,0.004195558998617344,100,112,23.834726202862416
100B,9262,0.016313183999955072,100,112,6.130011161541205
100B,9263,0.0037318810009310255,100,112,26.796138455393436
100B,9264,0.01811765800084686,100,112,5.519477186031759
100B,9265,0.004819506000785623,100,112,20.749014522172835
100B,9266,0.016829567000968382,100,112,5.941923520328595
100B,9267,0.004365433998827939,100,112,22.90722984858978
100B,9268,0.016201026000999263,100,112,6.172448584048449
100B,9269,0.0037201619998086244,100,112,26.880549826901163
100B,9270,0.01577573400027177,100,112,6.338849273084682
100B,9271,0.0035786299995379522,100,112,27.943654418845007
100B,9272,0.017629375999604235,100,112,5.672350513270856
100B,9273,0.004825628999242326,100,112,20.72268713896179
100B,9274,0.01814879200173891,100,112,5.510008599493486
100B,9275,0.004858505999436602,100,112,20.58245888995426
100B,9276,0.01847344499947212,100,112,5.413175506942939
100B,9277,0.00552030300059414,100,112,18.114947673929706
100B,9278,0.018361387999902945,100,112,5.4462113648776755
100B,9279,0.004654026999560301,100,112,21.48676834265201
100B,9280,0.016607087998636416,100,112,6.021525267296161
100B,9281,0.003889206000167178,100,112,25.712189067820397
100B,9282,0.01677482000013697,100,112,5.961315829271699
100B,9283,0.004441678998773568,100,112,22.514008785329125
100B,9284,0.017621098999370588,100,112,5.675014935423262
100B,9285,0.004842845000894158,100,112,20.64901932263711
100B,9286,0.017187437999382382,100,112,5.8182028062351945
100B,9287,0.0042731379999167984,100,112,23.402005739563545
100B,9288,0.017333818001134205,100,112,5.769069456795767
100B,9289,0.004476545000215992,100,112,22.338656261731987
100B,9290,0.01800209300017741,100,112,5.554909642951767
100B,9291,0.0054445619989564875,100,112,18.366950366102202
100B,9292,0.017837792000136687,100,112,5.606075011931618
100B,9293,0.004293453999707708,100,112,23.29127085251358
100B,9294,0.017611917999602156,100,112,5.677973290714784
100B,9295,0.005020873000830761,100,112,19.916855093417787
100B,9296,0.017909726999278064,100,112,5.583558029892414
100B,9297,0.004828918999919551,100,112,20.708568522616755
100B,9298,0.01935049900021113,100,112,5.167825387805705
100B,9299,0.006213464999746066,100,112,16.094079552083553
100B,9300,0.018603473999974085,100,112,5.375340111214674
100B,9301,0.005737126000894932,100,112,17.43033009635853
100B,9302,0.016046610000557848,100,112,6.231845853829785
100B,9303,0.004168216999460128,100,112,23.99107340451615
100B,9304,0.01528165300078399,100,112,6.543794705642756
100B,9305,0.0034181390001322143,100,112,29.255685621951585
100B,9306,0.017092486999899847,100,112,5.850523683334435
100B,9307,0.004841837999265408,100,112,20.65331388930645
100B,9308,0.017899211001349613,100,112,5.586838436200341
100B,9309,0.0049008109999704175,100,112,20.404786065123428
100B,9310,0.017843472998720245,100,112,5.604290151764296
100B,9311,0.004380315000162227,100,112,22.82940838645085
100B,9312,0.017514273999040597,100,112,5.709628615235655
100B,9313,0.004524439000306302,100,112,22.102187695144096
100B,9314,0.01864302099966153,100,112,5.363937529320786
100B,9315,0.004911025000183145,100,112,20.36234798158648
100B,9316,0.01786768999954802,100,112,5.5966943685798
100B,9317,0.0046651299999211915,100,112,21.435629875628184
100B,9318,0.017808943999625626,100,112,5.615156070011909
100B,9319,0.005011970000850852,100,112,19.952234347576624
100B,9320,0.017849107000074582,100,112,5.602521179327468
100B,9321,0.004729844000394223,100,112,21.142346342007304
100B,9322,0.018186141998739913,100,112,5.498692356351821
100B,9323,0.004835710999032017,100,112,20.679482297436177
100B,9324,0.01820976300041366,100,112,5.491559664874736
100B,9325,0.005205720999583718,100,112,19.209634939712792
100B,9326,0.01914684099938313,100,112,5.222793671458481
100B,9327,0.005488432001584442,100,112,18.220140100329427
100B,9328,0.01925219099939568,100,112,5.19421399897492
100B,9329,0.005030164000345394,100,112,19.880067527248325
100B,9330,0.0179270019998512,100,112,5.578177544735591
100B,9331,0.004777673000717186,100,112,20.930691569931387
100B,9332,0.01821964500049944,100,112,5.488581143993683
100B,9333,0.005037055001594126,100,112,19.85287037134834
100B,9334,0.017728748000081396,100,112,5.640556231017603
100B,9335,0.004847890000746702,100,112,20.627530737000505
100B,9336,0.017337809998934972,100,112,5.767741139517782
100B,9337,0.004534111998509616,100,112,22.05503526001794
100B,9338,0.017974690001210547,100,112,5.563378283200726
100B,9339,0.005167454000911675,100,112,19.351889727969976
100B,9340,0.017759409000063897,100,112,5.630818007493391
100B,9341,0.005081880000943784,100,112,19.677757046885887
100B,9342,0.017428447999918717,100,112,5.7377455525854275
100B,9343,0.004533540000920766,100,112,22.057817947936915
100B,9344,0.018283450999661,100,112,5.469426969878616
100B,9345,0.005034033998526866,100,112,19.864784391456933
100B,9346,0.01713586400001077,100,112,5.835713915559621
100B,9347,0.00421968599948741,100,112,23.698445811405776
100B,9348,0.0166828199999145,100,112,5.994190430665349
100B,9349,0.00491234399851237,100,112,20.356880550361193
100B,9350,0.017730077999658533,100,112,5.640133111762165
100B,9351,0.004682525999669451,100,112,21.355994607837566
100B,9352,0.01799751299950003,100,112,5.556323254372868
100B,9353,0.005784341999969911,100,112,17.288051086972413
100B,9354,0.01777151100031915,100,112,5.626983546767866
100B,9355,0.005013463000068441,100,112,19.946292612239258
100B,9356,0.01636904099905223,100,112,6.10909337973984
100B,9357,0.0037887790003878763,100,112,26.393727369625545
100B,9358,0.0162449250001373,100,112,6.155768647694884
100B,9359,0.004126821000681957,100,112,24.231727032375524
100B,9360,0.01826700399942638,100,112,5.474351459228903
100B,9361,0.00531941699955496,100,112,18.79905260451781
100B,9362,0.016436502999567892,100,112,6.084019210328922
100B,9363,0.004031136000776314,100,112,24.80690306175283
100B,9364,0.01667467999868677,100,112,5.997116586817594
100B,9365,0.00434267099990393,100,112,23.027302782599058
100B,9366,0.017309747001490905,100,112,5.777091946600196
100B,9367,0.00413934700009122,100,112,24.15839986302097
100B,9368,0.016964595000899862,100,112,5.894629373391799
100B,9369,0.0038417769992520334,100,112,26.029621193387666
100B,9370,0.017664998998952797,100,112,5.660911727531269
100B,9371,0.0048994349999702536,100,112,20.410516722970534
100B,9372,0.017703917999824625,100,112,5.648467192459353
100B,9373,0.004622780999852694,100,112,21.632000305267873
100B,9374,0.017776103000869625,100,112,5.625529959806595
100B,9375,0.005176952001420432,100,112,19.316385389040192
100B,9376,0.016986939999696915,100,112,5.88687544677171
100B,9377,0.0040369580001424765,100,112,24.77112716963384
100B,9378,0.015173763000348117,100,112,6.590323046280991
100B,9379,0.0036060300008102786,100,112,27.73132779747531
100B,9380,0.017410525000741472,100,112,5.743652187153532
100B,9381,0.005038047000198276,100,112,19.848961312997762
100B,9382,0.017350316000374733,100,112,5.76358378705265
100B,9383,0.004319323001254816,100,112,23.15177632488906
100B,9384,0.017508132001239574,100,112,5.711631600271235
100B,9385,0.004507277000811882,100,112,22.186344434120045
100B,9386,0.018007037999268505,100,112,5.553384182565854
100B,9387,0.005642681999233901,100,112,17.722069046878214
100B,9388,0.017551254999489174,100,112,5.697598263082069
100B,9389,0.00444167999921774,100,112,22.51400371427293
100B,9390,0.017206196000188356,100,112,5.811859867160951
100B,9391,0.004568321000988362,100,112,21.889880325477318
100B,9392,0.018321494000701932,100,112,5.45807017681903
100B,9393,0.004943765999996685,100,112,20.227494586124635
100B,9394,0.018379934999757097,100,112,5.440715650045638
100B,9395,0.004848587999731535,100,112,20.62456121360218
100B,9396,0.017292586000621668,100,112,5.782825078701647
100B,9397,0.004334965000452939,100,112,23.068236996042987
100B,9398,0.01750849699965329,100,112,5.711512530286309
100B,9399,0.004653246998714167,100,112,21.490370063663725
100B,9400,0.017918106999786687,100,112,5.580946692705345
100B,9401,0.005358801001420943,100,112,18.660890742814285
100B,9402,0.018134055000700755,100,112,5.514486417744718
100B,9403,0.005056916999819805,100,112,19.774894467036603
100B,9404,0.018564034000519314,100,112,5.386760226640534
100B,9405,0.005937502999586286,100,112,16.84209675464043
100B,9406,0.017939978999493178,100,112,5.574142533992102
100B,9407,0.004027890998258954,100,112,24.826888325236396
100B,9408,0.01579097900139459,100,112,6.332729591443852
100B,9409,0.0037420730004669167,100,112,26.723155851722428
100B,9410,0.016523521999260993,100,112,6.051978507032124
100B,9411,0.004727355999420979,100,112,21.15347352986496
100B,9412,0.015843889999814564,100,112,6.311581309966832
100B,9413,0.00408163800057082,100,112,24.499967901615708
100B,9414,0.017751520001183962,100,112,5.6333204138761275
100B,9415,0.00441211199904501,100,112,22.664882492023036
100B,9416,0.016427921000286005,100,112,6.087197521722866
100B,9417,0.004093866999028251,100,112,24.426782800647093
100B,9418,0.01585122599863098,100,112,6.308660289660667
100B,9419,0.004016201999547775,100,112,24.89914601189383
100B,9420,0.017692240999167552,100,112,5.652195219627924
100B,9421,0.004002817999207764,100,112,24.98239990421547
100B,9422,0.01645537700096611,100,112,6.077040957136924
100B,9423,0.0038821640009700786,100,112,25.75882934750101
100B,9424,0.017659353001363343,100,112,5.662721617959604
100B,9425,0.005328542001734604,100,112,18.76685967145364
100B,9426,0.01562543399995775,100,112,6.399822238554807
100B,9427,0.00342556099894864,100,112,29.192298730249323
100B,9428,0.018286812000951613,100,112,5.468421723523826
100B,9429,0.00538408699867432,100,112,18.573251142602672
100B,9430,0.017980466000153683,100,112,5.56159111778
100B,9431,0.005990051000480889,100,112,16.69434867782793
100B,9432,0.01560373899883416,100,112,6.408720371923136
100B,9433,0.00327879099859274,100,112,30.499046765383977
100B,9434,0.016675336999469437,100,112,5.996880303119615
100B,9435,0.004388317000120878,100,112,22.78777946015419
100B,9436,0.016858535000210395,100,112,5.93171352070343
100B,9437,0.0045411490009428235,100,112,22.020858593108972
100B,9438,0.016442205000203103,100,112,6.081909330212387
100B,9439,0.004102302998944651,100,112,24.37655142141518
100B,9440,0.017398545000105514,100,112,5.747607055612613
100B,9441,0.0046325260009325575,100,112,21.586495138908955
100B,9442,0.017719352001222433,100,112,5.6435472354237985
100B,9443,0.004517687999396003,100,112,22.135216069230456
100B,9444,0.017775338999854284,100,112,5.625771750447053
100B,9445,0.005193146000237903,100,112,19.256150317248718
100B,9446,0.017933211998752085,100,112,5.576245906587101
100B,9447,0.004693896000389941,100,112,21.304264089296524
100B,9448,0.016997575999994297,100,112,5.883191815117258
100B,9449,0.004020962000140571,100,112,24.869670490918352
100B,9450,0.018261733999679564,100,112,5.475931256131246
100B,9451,0.00564501500048209,100,112,17.714744777730424
100B,9452,0.015165955999691505,100,112,6.593715556212489
100B,9453,0.0033971529992413707,100,112,29.43641337977163
100B,9454,0.015975972999513033,100,112,6.259399662421069
100B,9455,0.004260332998455851,100,112,23.472343602306392
100B,9456,0.017673686999842175,100,112,5.658128946206471
100B,9457,0.004821550000997377,100,112,20.74021839020941
100B,9458,0.01751398000124027,100,112,5.709724459712664
100B,9459,0.004321347998484271,100,112,23.140927329869147
100B,9460,0.01882156699866755,100,112,5.313053902848758
100B,9461,0.005817597999339341,100,112,17.189224833231208
100B,9462,0.01768808499946317,100,112,5.653523261734381
100B,9463,0.00457747600012226,100,112,21.846100339429217
100B,9464,0.017451951000111876,100,112,5.730018380143226
100B,9465,0.0045217380011308705,100,112,22.115390138701173
100B,9466,0.016943586000707,100,112,5.901938349758271
100B,9467,0.004641389999960666,100,112,21.545269843914745
100B,9468,0.0164109510005801,100,112,6.093492083211093
100B,9469,0.0035192809991713148,100,112,28.414894980976797
100B,9470,0.015594063999742502,100,112,6.412696523603549
100B,9471,0.0037429849999170983,100,112,26.71664460376273
100B,9472,0.016889028998775757,100,112,5.92100351105139
100B,9473,0.004575782999381772,100,112,21.85418321050427
100B,9474,0.017463029000282404,100,112,5.726383435449992
100B,9475,0.0038819620003778255,100,112,25.76016972609911
100B,9476,0.017146658999990905,100,112,5.832039932680357
100B,9477,0.004623274000550737,100,112,21.62969358685809
100B,9478,0.017772228999092476,100,112,5.626756216404055
100B,9479,0.0045723590010311455,100,112,21.87054865496088
100B,9480,0.016439025001091068,100,112,6.083085827374977
100B,9481,0.004413802998897154,100,112,22.6561992062143
100B,9482,0.017951189000086742,100,112,5.570661642497151
100B,9483,0.004784438000569935,100,112,20.901096427226715
100B,9484,0.01715282199984358,100,112,5.829944483823822
100B,9485,0.004267415999493096,100,112,23.433384514628635
100B,9486,0.018206048000138253,100,112,5.492680234570436
100B,9487,0.00495000899900333,100,112,20.201983475208774
100B,9488,0.017085405999750947,100,112,5.852948416997389
100B,9489,0.004447291999895242,100,112,22.485593480786857
100B,9490,0.018245998000566033,100,112,5.480653894453884
100B,9491,0.005259279001620598,100,112,19.014013131683246
100B,9492,0.017933119999725022,100,112,5.576274513388264
100B,9493,0.005051101999924867,100,112,19.79765999607362
100B,9494,0.01863680799942813,100,112,5.3657257188606815
100B,9495,0.005039498000769527,100,112,19.84324628856487
100B,9496,0.01693551799871784,100,112,5.904750005731789
100B,9497,0.0042272250011592405,100,112,23.656181057922584
100B,9498,0.017576885999005754,100,112,5.689289900705765
100B,9499,0.004874664000453777,100,112,20.51423441506761
100B,9500,0.019423215000642813,100,112,5.148478251241645
100B,9501,0.006018539999786299,100,112,16.615325312044234
100B,9502,0.017839612999523524,100,112,5.605502765260148
100B,9503,0.005097597999338177,100,112,19.617082400962776
100B,9504,0.01826658400023007,100,112,5.474477329682468
100B,9505,0.005238530999122304,100,112,19.089321036136774
100B,9506,0.019420864999119658,100,112,5.149101237485198
100B,9507,0.006596518998776446,100,112,15.159510647744435
100B,9508,0.015595077000398305,100,112,6.412279977677953
100B,9509,0.0037307919992599636,100,112,26.80396012960141
100B,9510,0.017570530999364564,100,112,5.691347632215355
100B,9511,0.004776682999363402,100,112,20.935029603875158
100B,9512,0.01564226299888105,100,112,6.392936879219674
100B,9513,0.003079834999880404,100,112,32.46927189407328
100B,9514,0.015925036999760778,100,112,6.27942026140989
100B,9515,0.004069086999152205,100,112,24.5755374659807
100B,9516,0.016460557000755216,100,112,6.075128563110711
100B,9517,0.0040901690008467995,100,112,24.448867511170494
100B,9518,0.016488693001520005,100,112,6.064762076095511
100B,9519,0.004090682999958517,100,112,24.445795482322655
100B,9520,0.019274505000794306,100,112,5.188200682501521
100B,9521,0.006987450000451645,100,112,14.31137253125766
100B,9522,0.018593013999634422,100,112,5.378364153437748
100B,9523,0.005387996001445572,100,112,18.559776208662832
100B,9524,0.016738733000238426,100,112,5.974167817753925
100B,9525,0.0046687300000485266,100,112,21.41910112577952
100B,9526,0.018640522999703535,100,112,5.364656345832702
100B,9527,0.005416755000624107,100,112,18.461237399232235
100B,9528,0.015778150998812634,100,112,6.337878247427431
100B,9529,0.00347193800007517,100,112,28.802357645163863
100B,9530,0.016996767999444273,100,112,5.883471493125612
100B,9531,0.004695334000643925,100,112,21.297739412422175
100B,9532,0.017317530000582337,100,112,5.774495554310418
100B,9533,0.0047356140003103064,100,112,21.11658593657494
100B,9534,0.016756039000028977,100,112,5.96799756791131
100B,9535,0.003835559000435751,100,112,26.07181899395608
100B,9536,0.018499920999602182,100,112,5.405428488162213
100B,9537,0.006405513000572682,100,112,15.611552110043261
100B,9538,0.017899025000588153,100,112,5.586896492781816
100B,9539,0.0042099949987459695,100,112,23.752997338426052
100B,9540,0.01722410000002128,100,112,5.80581859138512
100B,9541,0.005001413999707438,100,112,19.99434560023417
100B,9542,0.01822632399853319,100,112,5.486569864995693
100B,9543,0.005307205999997677,100,112,18.842306102315185
100B,9544,0.016973437999695307,100,112,5.891558327888264
100B,9545,0.004383249999591499,100,112,22.81412194360796
100B,9546,0.018002895998506574,100,112,5.5546618726395725
100B,9547,0.005415278001237311,100,112,18.46627264143253
100B,9548,0.018403200001557707,100,112,5.433837593002069
100B,9549,0.005059630999312503,100,112,19.764287161175957
100B,9550,0.017995943000642,100,112,5.556807998137831
100B,9551,0.005232202998740831,100,112,19.11240829609741
100B,9552,0.01828059800027404,100,112,5.47028056732613
100B,9553,0.005098581999845919,100,112,19.613296403396483
100B,9554,0.018258370999319595,100,112,5.476939865211772
100B,9555,0.004944753998643137,100,112,20.223452982178785
100B,9556,0.01671353799974895,100,112,5.98317364052435
100B,9557,0.0040884609989007,100,112,24.459081308807363
100B,9558,0.01758740600052988,100,112,5.685886821341769
100B,9559,0.005137623000337044,100,112,19.464254187868534
100B,9560,0.017928803001268534,100,112,5.577617200262874
100B,9561,0.004514636000749306,100,112,22.150179988686293
100B,9562,0.016488097000546986,100,112,6.064981301158196
100B,9563,0.004185376999885193,100,112,23.892710263076193
100B,9564,0.017686718001641566,100,112,5.653960219794235
100B,9565,0.004902325999864843,100,112,20.39848023219121
100B,9566,0.017888263000713778,100,112,5.590257701153533
100B,9567,0.004611188000126276,100,112,21.686385373413863
100B,9568,0.017498838999017607,100,112,5.714664841799736
100B,9569,0.004893588000413729,100,112,20.434903794832238
100B,9570,0.018244601998958387,100,112,5.481073251458659
100B,9571,0.005086258001028909,100,112,19.6608194039254
100B,9572,0.017355101999783074,100,112,5.761994369220643
100B,9573,0.004369559001133894,100,112,22.885604696961448
100B,9574,0.016935610001382884,100,112,5.904717928190037
100B,9575,0.0048191349997068755,100,112,20.750611884930077
100B,9576,0.015770764999615494,100,112,6.340846496821054
100B,9577,0.0033437870006309822,100,112,29.906211125627834
100B,9578,0.01633720599966182,100,112,6.120997678677126
100B,9579,0.004684866999014048,100,112,21.345323148137496
100B,9580,0.017217522999999346,100,112,5.808036382469406
100B,9581,0.003973450000557932,100,112,25.167046266080735
100B,9582,0.017908355001054588,100,112,5.583985798478487
100B,9583,0.004924494998704176,100,112,20.30665073805818
100B,9584,0.01846089600076084,100,112,5.416855173003447
100B,9585,0.005738935000408674,100,112,17.424835791462865
100B,9586,0.017572384000231978,100,112,5.69074748188293
100B,9587,0.003793454001424834,100,112,26.36120009955035
100B,9588,0.015237057999911485,100,112,6.562946731618461
100B,9589,0.003284798998720362,100,112,30.443263054742882
100B,9590,0.01752557899999374,100,112,5.705945578176659
100B,9591,0.005074229999081581,100,112,19.707423592958868
100B,9592,0.017750713999703294,100,112,5.633576204409103
100B,9593,0.004708385999038001,100,112,21.238700484716336
100B,9594,0.0152113290005218,100,112,6.574047540262239
100B,9595,0.0031871539995336207,100,112,31.375954853337205
100B,9596,0.015972294000675902,100,112,6.260841429275487
100B,9597,0.0038375359999918146,100,112,26.058387465345813
100B,9598,0.016389788001106353,100,112,6.1013601880176696
100B,9599,0.0040665500000613974,100,112,24.590869409816722
100B,9600,0.01633659099934448,100,112,6.1212281071376875
100B,9601,0.004375910999442567,100,112,22.852384340709552
100B,9602,0.01752187599959143,100,112,5.707151448984788
100B,9603,0.0048655619993951404,100,112,20.552610369045023
100B,9604,0.01651384899923869,100,112,6.055523458196217
100B,9605,0.004313491999710095,100,112,23.18307301989221
100B,9606,0.015179168000031495,100,112,6.587976363381214
100B,9607,0.003986137000538292,100,112,25.08694507652293
100B,9608,0.017528429998492356,100,112,5.705017506336913
100B,9609,0.004264383998815902,100,112,23.450045781000764
100B,9610,0.015862751999520697,100,112,6.304076367267267
100B,9611,0.002748584000073606,100,112,36.38236997571187
100B,9612,0.01580525000099442,100,112,6.32701159385067
100B,9613,0.004270725999958813,100,112,23.415222611088698
100B,9614,0.014962866000132635,100,112,6.683211625307182
100B,9615,0.0026490410000405973,100,112,37.74951010515409
100B,9616,0.014934122998965904,100,112,6.696074487060565
100B,9617,0.003291783999884501,100,112,30.3786639717274
100B,9618,0.0156378779993247,100,112,6.394729515367645
100B,9619,0.0045308720000321046,100,112,22.07080667899941
100B,9620,0.016330794998793863,100,112,6.123400606485212
100B,9621,0.004393250999783049,100,112,22.762186819040902
100B,9622,0.018623441001182073,100,112,5.369576975256762
100B,9623,0.004773955999553436,100,112,20.946988202102023
100B,9624,0.017626699998800177,100,112,5.673211662240059
100B,9625,0.004551067999273073,100,112,21.972864394900864
100B,9626,0.01726008900004672,100,112,5.79371288292484
100B,9627,0.0047002840001368895,100,112,21.27531017212739
100B,9628,0.01823936400069215,100,112,5.482647311397765
100B,9629,0.004976084999725572,100,112,20.09611974182815
100B,9630,0.01562010500128963,100,112,6.40200561979217
100B,9631,0.003506922999804374,100,112,28.515025851887334
100B,9632,0.016831390999868745,100,112,5.941279600763824
100B,9633,0.004851718000281835,100,112,20.611255640618648
100B,9634,0.01570707999962906,100,112,6.366555718972693
100B,9635,0.0038273250011116033,100,112,26.127909171799136
100B,9636,0.016784729001301457,100,112,5.957796518028155
100B,9637,0.004769493998537655,100,112,20.96658472170431
100B,9638,0.015256967000823352,100,112,6.554382662989534
100B,9639,0.003220173999579856,100,112,31.05422253985258
100B,9640,0.015283761000318918,100,112,6.542892158410051
100B,9641,0.003513782001391519,100,112,28.459363717042848
100B,9642,0.014609493000534712,100,112,6.844864499838562
100B,9643,0.002839868000592105,100,112,35.21290425440558
100B,9644,0.015903584000625415,100,112,6.287890829895165
100B,9645,0.004826335001780535,100,112,20.719655797433855
100B,9646,0.0176614129995869,100,112,5.662061127404641
100B,9647,0.004643214999305201,100,112,21.536801551288008
100B,9648,0.016931541000303696,100,112,5.906136954587083
100B,9649,0.004758632998346002,100,112,21.01443839748891
100B,9650,0.016205321999223088,100,112,6.170812280360376
100B,9651,0.003648313000667258,100,112,27.4099289128182
100B,9652,0.014834731999144424,100,112,6.74093741671689
100B,9653,0.003246107000450138,100,112,30.80613177142127
100B,9654,0.018093082999257604,100,112,5.526974037763669
100B,9655,0.0050414079996699,100,112,19.83572843272113
100B,9656,0.015550394999081618,100,112,6.430704815273557
100B,9657,0.003407024001717218,100,112,29.351128712212684
100B,9658,0.01601635100087151,100,112,6.243619410848241
100B,9659,0.003901145999407163,100,112,25.633493341494137
100B,9660,0.014713711998410872,100,112,6.796381498482526
100B,9661,0.002476568999554729,100,112,40.37844292566827
100B,9662,0.017342361999908462,100,112,5.766227230208194
100B,9663,0.006282575999648543,100,112,15.9170378528798
100B,9664,0.015272079999704147,100,112,6.547896553837933
100B,9665,0.0029472400001395727,100,112,33.9300498077063
100B,9666,0.01594727200063062,100,112,6.270664976181857
100B,9667,0.004493438000281458,100,112,22.254674481707823
100B,9668,0.018212548000519746,100,112,5.490719914486772
100B,9669,0.004094248999535921,100,112,24.424503739595444
100B,9670,0.016759324000304332,100,112,5.966827778864118
100B,9671,0.004364595999504672,100,112,22.91162802040527
100B,9672,0.01704914599940821,100,112,5.865396425338317
100B,9673,0.004628683998816996,100,112,21.604412836468878
100B,9674,0.016354289999071625,100,112,6.114603569196624
100B,9675,0.003773497001020587,100,112,26.500617324713343
100B,9676,0.016549898999073775,100,112,6.042332947505997
100B,9677,0.004428471000210266,100,112,22.581157242590493
100B,9678,0.014748686999155325,100,112,6.780264575804417
100B,9679,0.0028360430005704984,100,112,35.2603962562923
100B,9680,0.016515683999386965,100,112,6.054850650067647
100B,9681,0.005561145999308792,100,112,17.98190517070209
100B,9682,0.01669142699938675,100,112,5.99109950297683
100B,9683,0.0036959440003556665,100,112,27.056687003476473
100B,9684,0.015754293999634683,100,112,6.347475805791033
100B,9685,0.003685955000037211,100,112,27.130011082335642
100B,9686,0.017164885999591206,100,112,5.825847022950317
100B,9687,0.004216014000121504,100,112,23.719086321136036
100B,9688,0.016646875999867916,100,112,6.007133110187969
100B,9689,0.003993906999312458,100,112,25.038139350068686
100B,9690,0.016894153000976075,100,112,5.919207668725529
100B,9691,0.004670475000239094,100,112,21.411098441781775
100B,9692,0.0160900489991036,100,112,6.215021471070171
100B,9693,0.0036454590008361265,100,112,27.431387920441264
100B,9694,0.016004424000129802,100,112,6.248272352643804
100B,9695,0.004060952000145335,100,112,24.624767787558476
100B,9696,0.01607888800026558,100,112,6.219335565889151
100B,9697,0.0034476459986763075,100,112,29.005298118888685
100B,9698,0.01473614099995757,100,112,6.786037131450353
100B,9699,0.0026709239991760114,100,112,37.44022668965883
100B,9700,0.016348373999790056,100,112,6.116816265720627
100B,9701,0.003486686999167432,100,112,28.68052108602765
100B,9702,0.016179476000615978,100,112,6.180669880544515
100B,9703,0.00428083500082721,100,112,23.359928607544187
100B,9704,0.018081976000758004,100,112,5.5303690258082385
100B,9705,0.0053755289991386235,100,112,18.6028203021552
100B,9706,0.01730383700123639,100,112,5.7790650705305895
100B,9707,0.004291948000172852,100,112,23.299443515152714
100B,9708,0.0040348230013478315,100,112,24.784234640923536
100B,9709,0.004260663999957615,100,112,23.47052008818222
100B,9710,0.0028324970007815864,100,112,35.30453870645104
100B,9711,0.0035592029998952057,100,112,28.096177712522806
100B,9712,0.003923448999557877,100,112,25.487778740406398
100B,9713,0.0046833389988023555,100,112,21.352287337212285
100B,9714,0.0037041710002085892,100,112,26.996593838235007
100B,9715,0.003914417999112629,100,112,25.546581898680543
100B,9716,0.003173361001245212,100,112,31.512330289796992
100B,9717,0.0036910550006723497,100,112,27.09252503194462
100B,9718,0.003585589000067557,100,112,27.889420677639258
100B,9719,0.0034160539998993045,100,112,29.273541929649742
100B,9720,0.0038680180005030707,100,112,25.853033772592088
100B,9721,0.004375368998807971,100,112,22.8552151892204
100B,9722,0.004797247000169591,100,112,20.84528897437735
100B,9723,0.005055510999227408,100,112,19.78039411155117
100B,9724,0.004067411000505672,100,112,24.585663948779143
100B,9725,0.003904683999280678,100,112,25.610267058338657
100B,9726,0.004287330999432015,100,112,23.324534544509852
100B,9727,0.005367265999666415,100,112,18.631459667960403
100B,9728,0.005090667998956633,100,112,19.64378742053021
100B,9729,0.0039023839999572374,100,112,25.625361317875385
100B,9730,0.00301248599862447,100,112,33.19517503007846
100B,9731,0.004036551999888616,100,112,24.773618673253655
100B,9732,0.0051607219993456965,100,112,19.37713366708738
100B,9733,0.003757180000320659,100,112,26.615706458425052
100B,9734,0.0035084629998891614,100,112,28.50250950434968
100B,9735,0.004267641001206357,100,112,23.43214904246455
100B,9736,0.003966300000683987,100,112,25.2124145885977
100B,9737,0.003952631001084228,100,112,25.29960423135108
100B,9738,0.004579878999720677,100,112,21.834637990675937
100B,9739,0.005595016000370379,100,112,17.87304987034536
100B,9740,0.003825542999038589,100,112,26.14007998998609
100B,9741,0.0033704809993650997,100,112,29.6693558037672
100B,9742,0.0030566589994123206,100,112,32.71545828933689
100B,9743,0.0032955639999272535,100,112,30.34381975352547
100B,9744,0.0035096499996143393,100,112,28.492869662498705
100B,9745,0.004944692000208306,100,112,20.223706551548062
100B,9746,0.0034339079993515043,100,112,29.12133930754262
100B,9747,0.003607200000260491,100,112,27.722333109552725
100B,9748,0.004825721000088379,100,112,20.722292067479366
100B,9749,0.004701748001025408,100,112,21.26868559909866
100B,9750,0.005353205000574235,100,112,18.680398002556053
100B,9751,0.004353768001237768,100,112,22.96861017205561
100B,9752,0.003738371000508778,100,112,26.749619014910607
100B,9753,0.0034318359994358616,100,112,29.13892156164758
100B,9754,0.0043189260013605235,100,112,23.153904458770203
100B,9755,0.0037658430010196753,100,112,26.554479295319286
100B,9756,0.005280101999233011,100,112,18.939028074557275
100B,9757,0.005759566000051564,100,112,17.36241932102258
100B,9758,0.003545953000866575,100,112,28.20116340390343
100B,9759,0.004475409999940894,100,112,22.344321526144128
100B,9760,0.0033774459989217576,100,112,29.608171391022914
100B,9761,0.002989148000779096,100,112,33.454348855906716
100B,9762,0.002722412000366603,100,112,36.73213311818119
100B,9763,0.0031229559990606504,100,112,32.02094426885261
100B,9764,0.0038212689996726112,100,112,26.16931705372418
100B,9765,0.002878598001188948,100,112,34.73913341102057
100B,9766,0.003985322999142227,100,112,25.092069079852074
100B,9767,0.00516245099970547,100,112,19.370643906490393
100B,9768,0.004834449999179924,100,112,20.684876256236628
100B,9769,0.0038796349999756785,100,112,25.775620644887184
100B,9770,0.0038612019998254254,100,112,25.898670933176053
100B,9771,0.004412924999996903,100,112,22.660706900767668
100B,9772,0.004491216999667813,100,112,22.26567988306875
100B,9773,0.0044622030000027735,100,112,22.410455104785203
100B,9774,0.003332628999487497,100,112,30.006340344328258
100B,9775,0.0033770640002330765,100,112,29.611520537691394
100B,9776,0.0038057679994381033,100,112,26.275905419028263
100B,9777,0.004155290000198875,100,112,24.065709010734256
100B,9778,0.004149065000092378,100,112,24.101815709749914
100B,9779,0.003482040998278535,100,112,28.71878879353758
100B,9780,0.004096874999959255,100,112,24.40884820771797
100B,9781,0.004383991999930004,100,112,22.81026060302953
100B,9782,0.005002040999897872,100,112,19.99183933159319
100B,9783,0.003773293999984162,100,112,26.502043042609383
100B,9784,0.004823346998819034,100,112,20.732491364292134
100B,9785,0.005184744000871433,100,112,19.287355360880373
100B,9786,0.004805149999810965,100,112,20.811004860188344
100B,9787,0.004816516999198939,100,112,20.761890805457874
100B,9788,0.0051869369999621995,100,112,19.279200807861898
100B,9789,0.00560387699988496,100,112,17.844788528023162
100B,9790,0.005305381000653142,100,112,18.848787671929514
100B,9791,0.0040671619990462204,100,112,24.587169142377597
100B,9792,0.00394572299956053,100,112,25.343897686466555
100B,9793,0.004354529000920593,100,112,22.964596166166064
100B,9794,0.003704490000018268,100,112,26.994269116533413
100B,9795,0.003972948999944492,100,112,25.170219905011905
100B,9796,0.0037513540009967983,100,112,26.657041690394536
100B,9797,0.004298872001527343,100,112,23.261916140901864
100B,9798,0.004337006999776349,100,112,23.05737574441471
100B,9799,0.0034579139992274577,100,112,28.919169193433177
100B,9800,0.0036978579992137384,100,112,27.04268255332212
100B,9801,0.003989545000877115,100,112,25.065514984293863
100B,9802,0.0042462000001251,100,112,23.550468653632386
100B,9803,0.0044290509995335015,100,112,22.578200163089722
100B,9804,0.004705579000074067,100,112,21.251369916098735
100B,9805,0.00490915699992911,100,112,20.37009612881479
100B,9806,0.00480414100093185,100,112,20.815375731187576
100B,9807,0.005220215000008466,100,112,19.15629911791714
100B,9808,0.005781865000244579,100,112,17.29545743385048
100B,9809,0.005436359999293927,100,112,18.39466113594169
100B,9810,0.005356074998417171,100,112,18.670388302918095
100B,9811,0.005121154999869759,100,112,19.526845018856722
100B,9812,0.004861007000727113,100,112,20.5718691590121
100B,9813,0.005711355999665102,100,112,17.508976853458922
100B,9814,0.0052862840002489975,100,112,18.916879985125608
100B,9815,0.006378356998538948,100,112,15.678018653221576
100B,9816,0.008558475999961956,100,112,11.684323237039457
100B,9817,0.006672743000308401,100,112,14.986340699076557
100B,9818,0.004201866000585142,100,112,23.79895027258705
100B,9819,0.003979496999818366,100,112,25.12880396808045
100B,9820,0.004907279999315506,100,112,20.377887549507783
100B,9821,0.004898820001471904,100,112,20.413079061887128
100B,9822,0.004796639999767649,100,112,20.847926883160717
100B,9823,0.00461954899947159,100,112,21.64713482018235
100B,9824,0.004516045000855229,100,112,22.14326916163644
100B,9825,0.004778365999300149,100,112,20.927656026065446
100B,9826,0.006003001000863151,100,112,16.658334720520845
100B,9827,0.005165663000298082,100,112,19.358599272586993
100B,9828,0.004769483000927721,100,112,20.96663306705335
100B,9829,0.0034070050005539088,100,112,29.35129240601116
100B,9830,0.0038261850004346343,100,112,26.135693906238334
100B,9831,0.005746365000959486,100,112,17.402305628567408
100B,9832,0.005052824999438599,100,112,19.790909048128647
100B,9833,0.0075135999995836755,100,112,13.30919931930645
100B,9834,0.005086705999929109,100,112,19.659087826462482
100B,9835,0.004310735001126886,100,112,23.19790012001633
100B,9836,0.0040854360013327096,100,112,24.477191655279636
100B,9837,0.005469304000143893,100,112,18.283862077765118
100B,9838,0.004685613999754423,100,112,21.34192018489809
100B,9839,0.005162845000086236,100,112,19.369165643812604
100B,9840,0.004634176000763546,100,112,21.57880926048635
100B,9841,0.005517364999832353,100,112,18.124593896368744
100B,9842,0.005426014000477153,100,112,18.429734975104413
100B,9843,0.005619720999675337,100,112,17.79447769840837
100B,9844,0.005192855000132113,100,112,19.25722940414394
100B,9845,0.005317118000675691,100,112,18.807180880185875
100B,9846,0.004974466999556171,100,112,20.10265622606847
100B,9847,0.0050997319995076396,100,112,19.608873566229487
100B,9848,0.004677810000430327,100,112,21.377524950949415
100B,9849,0.004443321999133332,100,112,22.505683814836054
100B,9850,0.00528848000067228,100,112,18.909024897000243
100B,9851,0.004761103000419098,100,112,21.003536363569
100B,9852,0.005084607000753749,100,112,19.66720338173154
100B,9853,0.004454350999367307,100,112,22.449959604486473
100B,9854,0.003597188000640017,100,112,27.799492265127054
100B,9855,0.00481129299987515,100,112,20.784433623683892
100B,9856,0.004128982000111137,100,112,24.219044790533932
100B,9857,0.0041881460001604864,100,112,23.87691355462968
100B,9858,0.0033946620005735895,100,112,29.45801378255131
100B,9859,0.0037557800005743047,100,112,26.625627695101624
100B,9860,0.00407662799989339,100,112,24.530077309633146
100B,9861,0.003622378000727622,100,112,27.606174722768618
100B,9862,0.003608035000070231,100,112,27.71591738939713
100B,9863,0.003638098000010359,100,112,27.486890127675302
100B,9864,0.004219071999614243,100,112,23.70189463681662
100B,9865,0.0038015879999875324,100,112,26.304796837618376
100B,9866,0.003543521001120098,100,112,28.220518509242716
100B,9867,0.0033238739997614175,100,112,30.08537628296916
100B,9868,0.005137801999808289,100,112,19.463576059126332
100B,9869,0.005015450000428245,100,112,19.938390372042683
100B,9870,0.004338912000093842,100,112,23.047252398259563
100B,9871,0.002826777001246228,100,112,35.37597764376655
100B,9872,0.0025589019987819484,100,112,39.079261358035815
100B,9873,0.003871298000376555,100,112,25.831129504954966
100B,9874,0.004048302000228432,100,112,24.701714445799087
100B,9875,0.003783661999477772,100,112,26.42942208204702
100B,9876,0.003746268999748281,100,112,26.693224647434338
100B,9877,0.004138698999668122,100,112,24.162182368908415
100B,9878,0.004739455000162707,100,112,21.099472406968097
100B,9879,0.004216367999106296,100,112,23.717094907559318
100B,9880,0.004609976000210736,100,112,21.692086899243876
100B,9881,0.004436188000909169,100,112,22.541876038505496
100B,9882,0.005010803999539348,100,112,19.95687718162458
100B,9883,0.0050633190003281925,100,112,19.749891324942837
100B,9884,0.0053511990008701105,100,112,18.687400708465507
100B,9885,0.004376068000055966,100,112,22.85156446351407
100B,9886,0.0044259030000830535,100,112,22.594259295362654
100B,9887,0.0038362139985110844,100,112,26.067367471890805
100B,9888,0.005443924999781302,100,112,18.36909950155766
100B,9889,0.004616689999238588,100,112,21.660540347411803
100B,9890,0.0045304150007723365,100,112,22.073033040671152
100B,9891,0.004511381001066184,100,112,22.166161531550273
100B,9892,0.004351022000264493,100,112,22.98310603667854
100B,9893,0.006034538000676548,100,112,16.571276871367573
100B,9894,0.005313928999385098,100,112,18.818467467587826
100B,9895,0.004289389999030391,100,112,23.313338265488756
100B,9896,0.003886919999786187,100,112,25.727311085769927
100B,9897,0.003727637000338291,100,112,26.826646476286395
100B,9898,0.004846134999752394,100,112,20.635000883200604
100B,9899,0.0050797900003090035,100,112,19.68585315414948
100B,9900,0.004435728998942068,100,112,22.544208634894115
100B,9901,0.005170025000552414,100,112,19.342266234556906
100B,9902,0.0043998239998472854,100,112,22.728181855335787
100B,9903,0.004034432999105775,100,112,24.786630493594718
100B,9904,0.005032299999584211,100,112,19.87162927652612
100B,9905,0.004161192999163177,100,112,24.03156979743794
100B,9906,0.0036828569991484983,100,112,27.152832711973527
100B,9907,0.0032304640008078422,100,112,30.955305483977842
100B,9908,0.004107606000616215,100,112,24.345080804974526
100B,9909,0.005070379998869612,100,112,19.72238767553792
100B,9910,0.0064786980001372285,100,112,15.435200096976562
100B,9911,0.003981930000009015,100,112,25.113450010365224
100B,9912,0.0036229050001566065,100,112,27.602159039687024
100B,9913,0.004609412999343476,100,112,21.69473640444957
100B,9914,0.004700704999777372,100,112,21.273404734978275
100B,9915,0.0033357820011588046,100,112,29.97797816681707
100B,9916,0.0032405609999841545,100,112,30.858854377525674
100B,9917,0.00328737500058196,100,112,30.419407576652226
100B,9918,0.0051887299996451475,100,112,19.27253875357533
100B,9919,0.0041230959996028105,100,112,24.253619127382258
100B,9920,0.00415695300034713,100,112,24.05608145958095
100B,9921,0.008953900998676545,100,112,11.16831647064009
100B,9922,0.0038524229985341663,100,112,25.957689495169575
100B,9923,0.004307635001168819,100,112,23.214594545003543
100B,9924,0.0042329480002081254,100,112,23.624197602966824
100B,9925,0.003318539000247256,100,112,30.133742587490836
100B,9926,0.0034004379995167255,100,112,29.407976270766333
100B,9927,0.004428997001014068,100,112,22.578475437464487
100B,9928,0.004227259001709172,100,112,23.655990787308713
100B,9929,0.0034800350003934,100,112,28.73534317577137
100B,9930,0.0038925459994061384,100,112,25.690126723038436
100B,9931,0.0029647779992956202,100,112,33.729338258634634
100B,9932,0.004134605000217562,100,112,24.18610725685719
100B,9933,0.0037540829998761183,100,112,26.637663579441348
100B,9934,0.002632768000694341,100,112,37.98283782453561
100B,9935,0.0035770979993685614,100,112,27.95562213214518
100B,9936,0.004365402000985341,100,112,22.907397755677117
100B,9937,0.004750713000248652,100,112,21.04947194132039
100B,9938,0.00523211200015794,100,112,19.1127407052795
100B,9939,0.004967228000168689,100,112,20.131952871219916
100B,9940,0.004494029999477789,100,112,22.251742870345794
100B,9941,0.005072018999271677,100,112,19.716014473597127
100B,9942,0.004904792000161251,100,112,20.388224413331365
100B,9943,0.005002357000194024,100,112,19.99057644148975
100B,9944,0.0045726259995717555,100,112,21.869271619713793
100B,9945,0.004194374998405692,100,112,23.841454337776337
100B,9946,0.00413003799985745,100,112,24.212852279676735
100B,9947,0.004406725000080769,100,112,22.692589167276637
100B,9948,0.004346617999544833,100,112,23.00639255864485
100B,9949,0.004779707998750382,100,112,20.921780164425154
100B,9950,0.005177069000637857,100,112,19.315948848214923
100B,9951,0.0038904760003788397,100,112,25.703795625589873
100B,9952,0.00532834900150192,100,112,18.767539433286498
100B,9953,0.004401109999889741,100,112,22.72154070280117
100B,9954,0.003170763000525767,100,112,31.53815027594881
100B,9955,0.0032789039996714564,100,112,30.49799567478033
100B,9956,0.0036379600005602697,100,112,27.487932793268573
100B,9957,0.004609751000316464,100,112,21.693145680349087
100B,9958,0.003520472999298363,100,112,28.40527395606505
100B,9959,0.0034834879988920875,100,112,28.706859340926304
100B,9960,0.003982407999501447,100,112,25.110435699335397
100B,9961,0.0043136120002600364,100,112,23.182428089028807
100B,9962,0.004137771000387147,100,112,24.167601346387606
100B,9963,0.0032740229999035364,100,112,30.543462890439784
100B,9964,0.0024500630006514257,100,112,40.815276984066074
100B,9965,0.00405610199959483,100,112,24.654212347221335
100B,9966,0.003997427000285825,100,112,25.01609159913359
100B,9967,0.0034520780009188456,100,112,28.968059230811942
100B,9968,0.0033865900004457217,100,112,29.528227505200995
100B,9969,0.003892299999279203,100,112,25.691750383711057
100B,9970,0.005162700999790104,100,112,19.369705896984083
100B,9971,0.005183061999559868,100,112,19.29361447123182
100B,9972,0.006806198000049335,100,112,14.692490579803165
100B,9973,0.0066197190008097095,100,112,15.10638140195501
100B,9974,0.004390586000226904,100,112,22.776003019831986
100B,9975,0.003966390999266878,100,112,25.211836154953797
100B,9976,0.004579615000693593,100,112,21.835896682331324
100B,9977,0.00356378100150323,100,112,28.060085610709308
100B,9978,0.003511966000587563,100,112,28.47407975568946
100B,9979,0.003921403000276769,100,112,25.50107703618886
100B,9980,0.004828146000363631,100,112,20.71188402183126
100B,9981,0.005094823998661013,100,112,19.627763397966508
100B,9982,0.005267397000352503,100,112,18.98470914444228
100B,9983,0.0042622100008884445,100,112,23.462006794398988
100B,9984,0.004024465000838973,100,112,24.848023272448188
100B,9985,0.004405947998748161,100,112,22.696591069257398
100B,9986,0.004938430000038352,100,112,20.249350501925388
100B,9987,0.004818016999706742,100,112,20.755426974642614
100B,9988,0.005659493999701226,100,112,17.669424157933406
100B,9989,0.004884026000581798,100,112,20.474911474281207
100B,9990,0.0035821620003844146,100,112,27.916102060506656
100B,9991,0.004085152999323327,100,112,24.47888733091862
100B,9992,0.004691864000051282,100,112,21.31349075738491
100B,9993,0.003989429000284872,100,112,25.066243814054424
100B,9994,0.004050536999784526,100,112,24.68808456886572
100B,9995,0.004138960001000669,100,112,24.160658710357957
100B,9996,0.004799505999471876,100,112,20.835477653534284
100B,9997,0.00647792100062361,100,112,15.43705148463115
100B,9998,0.003701324001667672,100,112,27.017359181456126
100B,9999,0.004813011999431183,100,112,20.777010323643143
10KB,0,0.005827394001244102,10240,10252,1757.2177199300136
10KB,1,0.008694610000020475,10240,10252,1177.7411522743269
10KB,2,0.006156777999422047,10240,10252,1663.2076064722903
10KB,3,0.007413237000946538,10240,10252,1381.312913467158
10KB,4,0.007233553000332904,10240,10252,1415.6252120539841
10KB,5,0.007257989000208909,10240,10252,1410.859123609206
10KB,6,0.0073894450015359325,10240,10252,1385.7603646649463
10KB,7,0.006626313999731792,10240,10252,1545.3538725171304
10KB,8,0.007674647000385448,10240,10252,1334.263321750917
10KB,9,0.007538304998888634,10240,10252,1358.395554638566
10KB,10,0.00725836200035701,10240,10252,1410.7866209340805
10KB,11,0.006700759999148431,10240,10252,1528.1848628068092
10KB,12,0.010772699999506585,10240,10252,950.5509297083382
10KB,13,0.007415299998683622,10240,10252,1380.9286207999437
10KB,14,0.007849150000765803,10240,10252,1304.5998610041765
10KB,15,0.007406097000057343,10240,10252,1382.6445967316813
10KB,16,0.007123965000573662,10240,10252,1437.4017838626967
10KB,17,0.007609233000039239,10240,10252,1345.7335318746573
10KB,18,0.007291695999811054,10240,10252,1404.33720773128
10KB,19,0.007550285999968764,10240,10252,1356.240015284502
10KB,20,0.006460325999796623,10240,10252,1585.0593298731928
10KB,21,0.005394431000240729,10240,10252,1898.2539584884921
10KB,22,0.005735945000196807,10240,10252,1785.2332962831151
10KB,23,0.005740598000556929,10240,10252,1783.786288293756
10KB,24,0.007643042999916361,10240,10252,1339.7805036700772
10KB,25,0.007334703999731573,10240,10252,1396.102692129737
10KB,26,0.007732111998848268,10240,10252,1324.3470867371416
10KB,27,0.006924405999598093,10240,10252,1478.8272092356153
10KB,28,0.008097631000055117,10240,10252,1264.5673777837371
10KB,29,0.007300178000150481,10240,10252,1402.7055230418928
10KB,30,0.006294932998571312,10240,10252,1626.7051614884629
10KB,31,0.0072044980006467085,10240,10252,1421.3342829827716
10KB,32,0.00622836299953633,10240,10252,1644.0917141088785
10KB,33,0.0069869130002189195,10240,10252,1465.597181427499
10KB,34,0.008746050001718686,10240,10252,1170.814253061409
10KB,35,0.006315229000392719,10240,10252,1621.4772258239907
10KB,36,0.008323170999574359,10240,10252,1230.3003267052504
10KB,37,0.006732461999490624,10240,10252,1520.9889043227804
10KB,38,0.00739289800003462,10240,10252,1385.1131180157022
10KB,39,0.0076543779996427475,10240,10252,1337.796487249249
10KB,40,0.00788186999852769,10240,10252,1299.1840771178415
10KB,41,0.006508484999358188,10240,10252,1573.3308137008507
10KB,42,0.006494257000667858,10240,10252,1576.7777590179965
10KB,43,0.007324920999963069,10240,10252,1397.967295490508
10KB,44,0.006708043998514768,10240,10252,1526.5254673742816
10KB,45,0.0070879920003790176,10240,10252,1444.6968900998245
10KB,46,0.007026469000265934,10240,10252,1457.346499303198
10KB,47,0.005775474000984104,10240,10252,1773.0146474999574
10KB,48,0.0074843389993475284,10240,10252,1368.1902972183254
10KB,49,0.007422991000566981,10240,10252,1379.4978330457159
10KB,50,0.007371227999101393,10240,10252,1389.1850857480372
10KB,51,0.007532613999501336,10240,10252,1359.4218422287263
10KB,52,0.0074647940000431845,10240,10252,1371.772616892142
10KB,53,0.00728124499983096,10240,10252,1406.3528970990167
10KB,54,0.007476888000383042,10240,10252,1369.5537500996943
10KB,55,0.0071436079997511115,10240,10252,1433.4493158578646
10KB,56,0.007177384999522474,10240,10252,1426.7034582485526
10KB,57,0.007745117000013124,10240,10252,1322.1233455844047
10KB,58,0.007985150999957114,10240,10252,1282.3802580633724
10KB,59,0.006984935000218684,10240,10252,1466.0122105186958
10KB,60,0.007817502999387216,10240,10252,1309.881173157551
10KB,61,0.007674336999116349,10240,10252,1334.3172186964257
10KB,62,0.005834326000695,10240,10252,1755.1298982573453
10KB,63,0.007406900000205496,10240,10252,1382.494700848655
10KB,64,0.005490192999786814,10240,10252,1865.1439030281126
10KB,65,0.005974926998533192,10240,10252,1713.8284706263119
10KB,66,0.008593233000283362,10240,10252,1191.6353251055027
10KB,67,0.007590889999846695,10240,10252,1348.9854286133518
10KB,68,0.007547105000412557,10240,10252,1356.8116515458892
10KB,69,0.009692425999674015,10240,10252,1056.4950405960697
10KB,70,0.006940921999557759,10240,10252,1475.3083236855914
10KB,71,0.007714044999374892,10240,10252,1327.448828834911
10KB,72,0.008564007001041318,10240,10252,1195.7019650678583
10KB,73,0.006836790000306792,10240,10252,1497.7789283480251
10KB,74,0.007524176999140764,10240,10252,1360.9461873596772
10KB,75,0.008352819999345229,10240,10252,1225.9332777197048
10KB,76,0.007987967999724788,10240,10252,1281.9280197858582
10KB,77,0.007632905999344075,10240,10252,1341.5598201890555
10KB,78,0.00778197799991176,10240,10252,1315.8608261442157
10KB,79,0.008191126999008702,10240,10252,1250.13322357708
10KB,80,0.007669660999454209,10240,10252,1335.1307183888184
10KB,81,0.007022318999588606,10240,10252,1458.207751684294
10KB,82,0.007703235000008135,10240,10252,1329.3116463393867
10KB,83,0.007721072999629541,10240,10252,1326.240536838768
10KB,84,0.007662625001103152,10240,10252,1336.3566660936424
10KB,85,0.007401835000564461,10240,10252,1383.4407277680605
10KB,86,0.008422221000728314,10240,10252,1215.8313108994046
10KB,87,0.0074258839995309245,10240,10252,1378.9604039932267
10KB,88,0.046027883001443115,10240,10252,222.4738426418383
10KB,89,0.005341778000001796,10240,10252,1916.964725976362
10KB,90,0.006529026999487542,10240,10252,1568.3807098368147
10KB,91,0.006759137999324594,10240,10252,1514.9860826962301
10KB,92,0.007458586000211653,10240,10252,1372.9143834648307
10KB,93,0.007409955000184709,10240,10252,1381.9247215056969
10KB,94,0.007438089000061154,10240,10252,1376.6976974752263
10KB,95,0.0069625260002794676,10240,10252,1470.730593981118
10KB,96,0.008368195000002743,10240,10252,1223.6808535169944
10KB,97,0.00801042300008703,10240,10252,1278.3344899375159
10KB,98,0.008226469999499386,10240,10252,1244.7623343454902
10KB,99,0.007530027998654987,10240,10252,1359.888701851981
10KB,100,0.006771960001060506,10240,10252,1512.1176141613935
10KB,101,0.007652120999409817,10240,10252,1338.1910715721533
10KB,102,0.00523417299882567,10240,10252,1956.3740064184788
10KB,103,0.004450552998605417,10240,10252,2300.837671904752
10KB,104,0.004869358999712858,10240,10252,2102.946198997413
10KB,105,0.004925255001580808,10240,10252,2079.0801687858543
10KB,106,0.006118852999861701,10240,10252,1673.5162619908413
10KB,107,0.006435663000956993,10240,10252,1591.1336560782154
10KB,108,0.006169857999339001,10240,10252,1659.681633045209
10KB,109,0.010157468999750563,10240,10252,1008.1251540370405
10KB,110,0.007158776999858674,10240,10252,1430.4119265346797
10KB,111,0.005880755001271609,10240,10252,1741.2730164384984
10KB,112,0.0062037829993641935,10240,10252,1650.6057676500718
10KB,113,0.007485889000236057,10240,10252,1367.9070047227651
10KB,114,0.00640523499896517,10240,10252,1598.6923198999527
10KB,115,0.006016600998918875,10240,10252,1701.957633860053
10KB,116,0.008185839000361739,10240,10252,1250.9408014923683
10KB,117,0.0064895859995885985,10240,10252,1577.9126743445815
10KB,118,0.007700386999204056,10240,10252,1329.8032944394156
10KB,119,0.008099317999949562,10240,10252,1264.3039821456287
10KB,120,0.006537143999594264,10240,10252,1566.433292678815
10KB,121,0.006362833999446593,10240,10252,1609.3457727941077
10KB,122,0.0068023829990124796,10240,10252,1505.3548148474686
10KB,123,0.007073513001159881,10240,10252,1447.6540862116028
10KB,124,0.007352440999966348,10240,10252,1392.7347393942866
10KB,125,0.01709334699989995,10240,10252,599.0634835915948
10KB,126,0.006833393999841064,10240,10252,1498.5232814379165
10KB,127,0.005914475999816204,10240,10252,1731.3452620854684
10KB,128,0.005538364999665646,10240,10252,1848.9211167227502
10KB,129,0.007222797001304571,10240,10252,1417.73332382877
10KB,130,0.007526461999077583,10240,10252,1360.5330102317637
10KB,131,0.007405083000776358,10240,10252,1382.8339262269478
10KB,132,0.007198776000223006,10240,10252,1422.4640410651452
10KB,133,0.007236884001031285,10240,10252,1414.9736265692195
10KB,134,0.006746901999576949,10240,10252,1517.7336206516827
10KB,135,0.007626763999724062,10240,10252,1342.6402076123616
10KB,136,0.007951010999022401,10240,10252,1287.8865343362042
10KB,137,0.007142117001421866,10240,10252,1433.7485647408746
10KB,138,0.0075555250004981644,10240,10252,1355.2995985487228
10KB,139,0.007670765999137075,10240,10252,1334.9383883111482
10KB,140,0.008189023999875644,10240,10252,1250.4542666080233
10KB,141,0.007168783000452095,10240,10252,1428.415394824229
10KB,142,0.007032882000203244,10240,10252,1456.0176041207676
10KB,143,0.005707107000489486,10240,10252,1794.254076386116
10KB,144,0.004632658999980777,10240,10252,2210.393642191772
10KB,145,0.006851685999208712,10240,10252,1494.5226621860077
10KB,146,0.009217925000484684,10240,10252,1110.8790752215466
10KB,147,0.007707668000875856,10240,10252,1328.5471038498783
10KB,148,0.006430518000343,10240,10252,1592.406708052727
10KB,149,0.007734232000075281,10240,10252,1323.9840749411615
10KB,150,0.008388068999920506,10240,10252,1220.78156487471
10KB,151,0.007691595001233509,10240,10252,1331.323346894604
10KB,152,0.006710391000524396,10240,10252,1525.9915553653693
10KB,153,0.006804028000260587,10240,10252,1504.9908671169223
10KB,154,0.008382038999116048,10240,10252,1221.6597895905625
10KB,155,0.00765148299979046,10240,10252,1338.3026532608683
10KB,156,0.008360125999388401,10240,10252,1224.8619220271469
10KB,157,0.007933659000627813,10240,10252,1290.7033185053303
10KB,158,0.008192158000383643,10240,10252,1249.975891519726
10KB,159,0.007113649999155314,10240,10252,1439.4860586641057
10KB,160,0.0075951010003336705,10240,10252,1348.2375019832036
10KB,161,0.007286662999831606,10240,10252,1405.307203069038
10KB,162,0.013798563999444013,10240,10252,742.1062076033854
10KB,163,0.007283132001248305,10240,10252,1405.9885222792745
10KB,164,0.005799968999781413,10240,10252,1765.5266778815405
10KB,165,0.004076400000485592,10240,10252,2512.020409866594
10KB,166,0.007149388000470935,10240,10252,1432.290428121328
10KB,167,0.006235070000911946,10240,10252,1642.3231813760374
10KB,168,0.0065126179997605504,10240,10252,1572.3323554945944
10KB,169,0.007534426998972776,10240,10252,1359.0947263004996
10KB,170,0.00753837500087684,10240,10252,1358.382940462489
10KB,171,0.007116671000403585,10240,10252,1438.8750020085643
10KB,172,0.007768760000544717,10240,10252,1318.0996708975447
10KB,173,0.008054686999457772,10240,10252,1271.3094873443672
10KB,174,0.007424916999298148,10240,10252,1379.1399959040557
10KB,175,0.0074937930003216024,10240,10252,1366.464219062435
10KB,176,0.008320845001435373,10240,10252,1230.6442432509639
10KB,177,0.007304847998966579,10240,10252,1401.8087715786362
10KB,178,0.007012104000750696,10240,10252,1460.3320200190606
10KB,179,0.00763055599963991,10240,10252,1341.9729834212908
10KB,180,0.007379807000688743,10240,10252,1387.570162613239
10KB,181,0.007112781000614632,10240,10252,1439.6619267646704
10KB,182,0.007300287999896682,10240,10252,1402.684387265944
10KB,183,0.00728078199972515,10240,10252,1406.442330011606
10KB,184,0.004580818000249565,10240,10252,2235.4086103054346
10KB,185,0.0044893329995829845,10240,10252,2280.9624505357915
10KB,186,0.005558431999816094,10240,10252,1842.246158689861
10KB,187,0.006940904000657611,10240,10252,1475.3121494015504
10KB,188,0.00690870700054802,10240,10252,1482.1876219656922
10KB,189,0.006969423000555253,10240,10252,1469.2751464768576
10KB,190,0.0073007370010600425,10240,10252,1402.5981210545165
10KB,191,0.006365518000166048,10240,10252,1608.667197191632
10KB,192,0.007767752000290784,10240,10252,1318.2707171414158
10KB,193,0.006644302000495372,10240,10252,1541.1701634327499
10KB,194,0.007772779999868362,10240,10252,1317.4179637367097
10KB,195,0.008397696999963955,10240,10252,1219.3819329327973
10KB,196,0.007714413999565295,10240,10252,1327.3853335557335
10KB,197,0.00906043699978909,10240,10252,1130.1883121353162
10KB,198,0.007490382000469253,10240,10252,1367.0864849561065
10KB,199,0.007224525999845355,10240,10252,1417.3940269879563
10KB,200,0.007373271000687964,10240,10252,1388.800167394438
10KB,201,0.0065334930004610214,10240,10252,1567.3086355610142
10KB,202,0.006331012998998631,10240,10252,1617.4346825096789
10KB,203,0.007736619001661893,10240,10252,1323.5755822795925
10KB,204,0.007323956000618637,10240,10252,1398.1514906882362
10KB,205,0.006641202999162488,10240,10252,1541.8893235595044
10KB,206,0.006963362999158562,10240,10252,1470.5538116047346
10KB,207,0.0073355040003662,10240,10252,1395.9504349651781
10KB,208,0.007222588001241093,10240,10252,1417.7743487847308
10KB,209,0.006839507999757188,10240,10252,1497.183715606961
10KB,210,0.007512592999773915,10240,10252,1363.0446904694775
10KB,211,0.007830222999473335,10240,10252,1307.75330417649
10KB,212,0.007993599998371792,10240,10252,1281.0248201168154
10KB,213,0.0076269350010989,10240,10252,1342.6101046520794
10KB,214,0.006893530999150244,10240,10252,1485.4506349884073
10KB,215,0.007282672000656021,10240,10252,1406.0773297324915
10KB,216,0.007753898000373738,10240,10252,1320.6260901944327
10KB,217,0.007189003001258243,10240,10252,1424.397791767198
10KB,218,0.007428975999573595,10240,10252,1378.3864694929355
10KB,219,0.007694460000493564,10240,10252,1330.8276343425207
10KB,220,0.006063323000489618,10240,10252,1688.842900035692
10KB,221,0.005036071001086384,10240,10252,2033.3311420333473
10KB,222,0.006531959999847459,10240,10252,1567.6764708049554
10KB,223,0.004698888998973416,10240,10252,2179.2385396286595
10KB,224,0.005509411999810254,10240,10252,1858.6375461397095
10KB,225,0.004900411000562599,10240,10252,2089.620645865088
10KB,226,0.005889579999347916,10240,10252,1738.6638777525316
10KB,227,0.0064408340003865305,10240,10252,1589.8562203878366
10KB,228,0.007303461999981664,10240,10252,1402.074796860134
10KB,229,0.006602260000363458,10240,10252,1550.9840568890475
10KB,230,0.007628604000274208,10240,10252,1342.3163660916107
10KB,231,0.007325803000640008,10240,10252,1397.7989851904833
10KB,232,0.006144709001091542,10240,10252,1666.4743600032116
10KB,233,0.007245558001159225,10240,10252,1413.2796947262989
10KB,234,0.008477985000354238,10240,10252,1207.834172810183
10KB,235,0.007547166000222205,10240,10252,1356.8006851443988
10KB,236,0.007702180000705994,10240,10252,1329.4937276279422
10KB,237,0.006951456000024336,10240,10252,1473.0726915288178
10KB,238,0.007356525000432157,10240,10252,1391.9615578548912
10KB,239,0.008835167000142974,10240,10252,1159.0046911206425
10KB,240,0.008473107998725027,10240,10252,1208.5293851489728
10KB,241,0.007119116000467329,10240,10252,1438.380832581995
10KB,242,0.00701101300001028,10240,10252,1460.5592658272044
10KB,243,0.007555935999334906,10240,10252,1355.2258781574317
10KB,244,0.006764342999304063,10240,10252,1513.820337178869
10KB,245,0.006920092000655131,10240,10252,1479.74911302199
10KB,246,0.007359602999713388,10240,10252,1391.3793991875357
10KB,247,0.0067068890002701664,10240,10252,1526.7883514379787
10KB,248,0.007023355999990599,10240,10252,1457.9924469176426
10KB,249,0.00797745800082339,10240,10252,1283.616911420039
10KB,250,0.006966426000872161,10240,10252,1469.907237759793
10KB,251,0.00781548200029647,10240,10252,1310.219894257521
10KB,252,0.0414412860009179,10240,10252,247.09657899547784
10KB,253,0.005504855000253883,10240,10252,1860.1761535095352
10KB,254,0.007016548999672523,10240,10252,1459.4068965353085
10KB,255,0.006166592000226956,10240,10252,1660.5606467272564
10KB,256,0.006554395999046392,10240,10252,1562.3102420863543
10KB,257,0.00614562400005525,10240,10252,1666.2262448708125
10KB,258,0.006156161000035354,10240,10252,1663.374300954961
10KB,259,0.008839596001052996,10240,10252,1158.4239821344984
10KB,260,0.007316385001104209,10240,10252,1399.598298675446
10KB,261,0.00667267099925084,10240,10252,1534.6178466089027
10KB,262,0.00687001200094528,10240,10252,1490.535969746636
10KB,263,0.0050785300009010825,10240,10252,2016.3314971425038
10KB,264,0.0040467560011165915,10240,10252,2530.4218977310597
10KB,265,0.0050693630000751,10240,10252,2019.977657912503
10KB,266,0.004525731999819982,10240,10252,2262.617406511767
10KB,267,0.004744744999698014,10240,10252,2158.1770992227694
10KB,268,0.004945261000102619,10240,10252,2070.6692730247223
10KB,269,0.006252504001167836,10240,10252,1637.7438539963164
10KB,270,0.006664933998763445,10240,10252,1536.3993104657663
10KB,271,0.00594924199867819,10240,10252,1721.2276794716263
10KB,272,0.007200807000117493,10240,10252,1422.0628326565227
10KB,273,0.006802452000556514,10240,10252,1505.3395450878975
10KB,274,0.005939387998296297,10240,10252,1724.0833572309682
10KB,275,0.0069442830008483725,10240,10252,1474.5942811877044
10KB,276,0.00579257699973823,10240,10252,1767.7796946786812
10KB,277,0.006237789999431698,10240,10252,1641.607043669782
10KB,278,0.006765070000255946,10240,10252,1513.6576561088925
10KB,279,0.006327587998384843,10240,10252,1618.3101685213742
10KB,280,0.007544514999608509,10240,10252,1357.2774393756738
10KB,281,0.005934296999839717,10240,10252,1725.5624381921866
10KB,282,0.005152232000909862,10240,10252,1987.488140710989
10KB,283,0.006498463999378146,10240,10252,1575.7569790307205
10KB,284,0.005554933999519562,10240,10252,1843.4062404495971
10KB,285,0.0065226780006923946,10240,10252,1569.9073293075335
10KB,286,0.006099108000853448,10240,10252,1678.9340340533595
10KB,287,0.005806054999993648,10240,10252,1763.6760244281534
10KB,288,0.007124440000552568,10240,10252,1437.3059495491284
10KB,289,0.0074270839995733695,10240,10252,1378.7376042317835
10KB,290,0.0074232700007996755,10240,10252,1379.4459852459752
10KB,291,0.007545812000898877,10240,10252,1357.0441456506185
10KB,292,0.007285308998689288,10240,10252,1405.5683845177048
10KB,293,0.007804547998603084,10240,10252,1312.0554837811019
10KB,294,0.007109169000614202,10240,10252,1440.3933848126705
10KB,295,0.005722995998439728,10240,10252,1789.2726122457104
10KB,296,0.00626823200036597,10240,10252,1633.6344920548793
10KB,297,0.005641905001539271,10240,10252,1814.9897946183494
10KB,298,0.007149283999751788,10240,10252,1432.3112636671754
10KB,299,0.007441032999849995,10240,10252,1376.1530153416106
10KB,300,0.0072493950010539265,10240,10252,1412.531666230257
10KB,301,0.0068231089990149485,10240,10252,1500.7821216806512
10KB,302,0.007885672001066268,10240,10252,1298.557687742451
10KB,303,0.0057434800000919495,10240,10252,1782.8912087856254
10KB,304,0.00496894599928055,10240,10252,2060.7992120426834
10KB,305,0.005583886999374954,10240,10252,1833.8479989201498
10KB,306,0.006601195000257576,10240,10252,1551.2342840350025
10KB,307,0.006060251998860622,10240,10252,1689.6987125164442
10KB,308,0.008092733000012231,10240,10252,1265.3327374058335
10KB,309,0.006958674999623327,10240,10252,1471.544511067738
10KB,310,0.005914318000577623,10240,10252,1731.3915144569346
10KB,311,0.007135899999411777,10240,10252,1434.9976878661555
10KB,312,0.005862795000211918,10240,10252,1746.607206908968
10KB,313,0.010389050999947358,10240,10252,985.6530687982845
10KB,314,0.005863406999196741,10240,10252,1746.4249030304109
10KB,315,0.006967397999687819,10240,10252,1469.7021758278793
10KB,316,0.007373472999461228,10240,10252,1388.7621207466584
10KB,317,0.006329452000500169,10240,10252,1617.8335816735494
10KB,318,0.007362668000496342,10240,10252,1390.800182666078
10KB,319,0.0068040240003028885,10240,10252,1504.9917518727382
10KB,320,0.008182039000530494,10240,10252,1251.521778292193
10KB,321,0.006853528999272385,10240,10252,1494.120766263212
10KB,322,0.007249460000821273,10240,10252,1412.519001255257
10KB,323,0.006377965000865515,10240,10252,1605.5277817627396
10KB,324,0.0074106869997194735,10240,10252,1381.7882202267656
10KB,325,0.0069009100006951485,10240,10252,1483.8622730869547
10KB,326,0.008244935999755398,10240,10252,1241.9744677586082
10KB,327,0.007308026000828249,10240,10252,1401.199174556776
10KB,328,0.007562193999547162,10240,10252,1354.1043777259865
10KB,329,0.0065489990010974,10240,10252,1563.5977342925398
10KB,330,0.007407984001474688,10240,10252,1382.292402084231
10KB,331,0.0068748110006708885,10240,10252,1489.4954928943812
10KB,332,0.00764924499890185,10240,10252,1338.6942111894818
10KB,333,0.005920300000070711,10240,10252,1729.6420789280437
10KB,334,0.0076040220010327175,10240,10252,1346.655756467996
10KB,335,0.0079880930006766,10240,10252,1281.9079596510282
10KB,336,0.007901017999756732,10240,10252,1296.0355235635818
10KB,337,0.007930218000183231,10240,10252,1291.2633675093673
10KB,338,0.006899691999933566,10240,10252,1484.124218892466
10KB,339,0.0070523060003324645,10240,10252,1452.007329165419
10KB,340,0.0071864679994178005,10240,10252,1424.9002431833799
10KB,341,0.005259294999632402,10240,10252,1947.029022086748
10KB,342,0.007536668999819085,10240,10252,1358.690424144381
10KB,343,0.008120360000248183,10240,10252,1261.0278361657654
10KB,344,0.006806071000028169,10240,10252,1504.5391092684192
10KB,345,0.0055185530000017025,10240,10252,1855.558875668466
10KB,346,0.005336141000952921,10240,10252,1918.9897714793058
10KB,347,0.005397054001150536,10240,10252,1897.3313955756328
10KB,348,0.005368996000470361,10240,10252,1907.2467178412696
10KB,349,0.00682312900062243,10240,10252,1500.7777222247844
10KB,350,0.00837829500051157,10240,10252,1222.205711230597
10KB,351,0.007450028999301139,10240,10252,1374.491294055443
10KB,352,0.007633299999724841,10240,10252,1341.4905742430042
10KB,353,0.0066082089997507865,10240,10252,1549.5877930595384
10KB,354,0.007625217998793232,10240,10252,1342.9124257982637
10KB,355,0.0068404379999265075,10240,10252,1496.9801641517718
10KB,356,0.006954428999961237,10240,10252,1472.4429568634716
10KB,357,0.007255460001033498,10240,10252,1411.3508996729872
10KB,358,0.007334891999562387,10240,10252,1396.0669087712454
10KB,359,0.006708900000376161,10240,10252,1526.3306949612981
10KB,360,0.007092427000316093,10240,10252,1443.7934996784074
10KB,361,0.006945375000213971,10240,10252,1474.36243538823
10KB,362,0.006265353998969658,10240,10252,1634.3849049365726
10KB,363,0.005474483999933,10240,10252,1870.4959225609798
10KB,364,0.00695320399972843,10240,10252,1472.7023686346529
10KB,365,0.007051548000163166,10240,10252,1452.1634114612928
10KB,366,0.007138472999940859,10240,10252,1434.4804554258085
10KB,367,0.007226988000184065,10240,10252,1416.911166829002
10KB,368,0.007564461999209016,10240,10252,1353.6983860941803
10KB,369,0.007488943001590087,10240,10252,1367.3491703469763
10KB,370,0.0063701819999550935,10240,10252,1607.489393563981
10KB,371,0.006393044999640551,10240,10252,1601.7406416779083
10KB,372,0.005954587999440264,10240,10252,1719.6823694540358
10KB,373,0.006497619999208837,10240,10252,1575.9616599996373
10KB,374,0.005815728998641134,10240,10252,1760.7422908448127
10KB,375,0.007756207000056747,10240,10252,1320.2329437475148
10KB,376,0.006197540998982731,10240,10252,1652.2682143903205
10KB,377,0.006671017999906326,10240,10252,1534.998106757288
10KB,378,0.008171380999556277,10240,10252,1253.1541486752426
10KB,379,0.0064036040002974914,10240,10252,1599.0995070157808
10KB,380,0.008525048999217688,10240,10252,1201.166116574777
10KB,381,0.007341963000726537,10240,10252,1394.722364984226
10KB,382,0.007211770998765132,10240,10252,1419.9008817325716
10KB,383,0.00721892199908325,10240,10252,1418.4943404708356
10KB,384,0.0073166999991371995,10240,10252,1399.5380432719016
10KB,385,0.007045309001114219,10240,10252,1453.4493800599148
10KB,386,0.006357287000355427,10240,10252,1610.7499943651271
10KB,387,0.006375065000611357,10240,10252,1606.2581321159867
10KB,388,0.0042069609989994206,10240,10252,2434.0610722170877
10KB,389,0.0058741899993037805,10240,10252,1743.219065303244
10KB,390,0.004308681000111392,10240,10252,2376.5973855421803
10KB,391,0.006343076000121073,10240,10252,1614.3587117361585
10KB,392,0.008358052000403404,10240,10252,1225.165863948413
10KB,393,0.007008278000284918,10240,10252,1461.1292530895175
10KB,394,0.00731739700131584,10240,10252,1399.4047334261907
10KB,395,0.007474563999494421,10240,10252,1369.9795734831669
10KB,396,0.007903544999862788,10240,10252,1295.6211421808534
10KB,397,0.006633033999605686,10240,10252,1543.788257471428
10KB,398,0.007161441000789637,10240,10252,1429.8798243078334
10KB,399,0.007057367000015802,10240,10252,1450.9660614188085
10KB,400,0.006986345999393961,10240,10252,1465.7161269837309
10KB,401,0.006319553000139422,10240,10252,1620.3677696466957
10KB,402,0.007118200999684632,10240,10252,1438.5657275558358
10KB,403,0.0076548710003407905,10240,10252,1337.7103284358575
10KB,404,0.007989246998477029,10240,10252,1281.7227958970384
10KB,405,0.0077904280005896,10240,10252,1314.433558621556
10KB,406,0.007036116001472692,10240,10252,1455.348376555577
10KB,407,0.007460353999704239,10240,10252,1372.5890219694613
10KB,408,0.007029053000223939,10240,10252,1456.8107538346578
10KB,409,0.007351924999966286,10240,10252,1392.8324894564291
10KB,410,0.0075081859995407285,10240,10252,1363.844742342075
10KB,411,0.007123336001313874,10240,10252,1437.5287081939234
10KB,412,0.006674228001429583,10240,10252,1534.2598421580217
10KB,413,0.007030273000054876,10240,10252,1456.5579458891668
10KB,414,0.00659451699903002,10240,10252,1552.805156390709
10KB,415,0.0071705629998177756,10240,10252,1428.0608092084578
10KB,416,0.039074730999345775,10240,10252,262.0619448454155
10KB,417,0.005727380999815068,10240,10252,1787.902708119233
10KB,418,0.005201992998991045,10240,10252,1968.4763132103608
10KB,419,0.006124079000073834,10240,10252,1672.088162134509
10KB,420,0.006275683999774628,10240,10252,1631.6946488012682
10KB,421,0.006390484999428736,10240,10252,1602.3822919411255
10KB,422,0.005680338001184282,10240,10252,1802.7096271146336
10KB,423,0.0068426090001594275,10240,10252,1496.5052072625247
10KB,424,0.006915058000231511,10240,10252,1480.8263357526678
10KB,425,0.007282387001396273,10240,10252,1406.1323571566102
10KB,426,0.005515049999303301,10240,10252,1856.7374731495793
10KB,427,0.00417918699895381,10240,10252,2450.237331462654
10KB,428,0.004381454000395024,10240,10252,2337.123703473043
10KB,429,0.0052546150000125635,10240,10252,1948.763134877725
10KB,430,0.006308191999778501,10240,10252,1623.286038275239
10KB,431,0.007235008000861853,10240,10252,1415.340521915136
10KB,432,0.007300756999029545,10240,10252,1402.5942791084751
10KB,433,0.007069393999699969,10240,10252,1448.497565765127
10KB,434,0.007363566999629256,10240,10252,1390.6303834154787
10KB,435,0.006087789999583038,10240,10252,1682.055392958915
10KB,436,0.006791760999476537,10240,10252,1507.709120033704
10KB,437,0.007536952000009478,10240,10252,1358.6394075465948
10KB,438,0.006661933000941644,10240,10252,1537.0914115396547
10KB,439,0.007401494000077946,10240,10252,1383.5044654352434
10KB,440,0.006545641999764484,10240,10252,1564.3996418332135
10KB,441,0.0068631989997811615,10240,10252,1492.0156038498242
10KB,442,0.0078680330007046,10240,10252,1301.4688676423937
10KB,443,0.007507283999075298,10240,10252,1364.0086083410858
10KB,444,0.007319894999454846,10240,10252,1398.9271705075869
10KB,445,0.006036359998688567,10240,10252,1696.386564456841
10KB,446,0.007829621001292253,10240,10252,1307.8538537574068
10KB,447,0.007495183999708388,10240,10252,1366.210622767687
10KB,448,0.007963710000694846,10240,10252,1285.8328591958452
10KB,449,0.006479321998995147,10240,10252,1580.4122717759792
10KB,450,0.007373534001089865,10240,10252,1388.750631445715
10KB,451,0.00737813100022322,10240,10252,1387.8853600851214
10KB,452,0.007841669999834266,10240,10252,1305.8442908483044
10KB,453,0.007200339001428802,10240,10252,1422.1552621297444
10KB,454,0.006635613999605994,10240,10252,1543.1880155488288
10KB,455,0.007159632999901078,10240,10252,1430.2409076193546
10KB,456,0.007388252000964712,10240,10252,1385.9841270523696
10KB,457,0.007357370001045638,10240,10252,1391.801689808271
10KB,458,0.0072691690002102405,10240,10252,1408.689218768175
10KB,459,0.00774569699933636,10240,10252,1322.024344726801
10KB,460,0.007998228000360541,10240,10252,1280.283582755881
10KB,461,0.007651526999325142,10240,10252,1338.2949574513896
10KB,462,0.0077569869990838924,10240,10252,1320.1001885409057
10KB,463,0.008116671000607312,10240,10252,1261.6009690714106
10KB,464,0.005644202999974368,10240,10252,1814.2508340055278
10KB,465,0.007580147999760811,10240,10252,1350.8971065371177
10KB,466,0.006970499000090058,10240,10252,1469.0483421441852
10KB,467,0.006376577999617439,10240,10252,1605.8770081091059
10KB,468,0.006501924000986037,10240,10252,1574.9184392876743
10KB,469,0.00449534300059895,10240,10252,2277.912942045945
10KB,470,0.005084856999019394,10240,10252,2013.8226113290436
10KB,471,0.007704957000896684,10240,10252,1329.0145550206566
10KB,472,0.007743584999843733,10240,10252,1322.3849160571808
10KB,473,0.0072220609999931185,10240,10252,1417.8778052428188
10KB,474,0.007232078998640645,10240,10252,1415.9137368279203
10KB,475,0.0077935159988555824,10240,10252,1313.9127450952387
10KB,476,0.006995969999479712,10240,10252,1463.6998158599229
10KB,477,0.007105206999767688,10240,10252,1441.1965760230219
10KB,478,0.007002993999776663,10240,10252,1462.2317255057724
10KB,479,0.008368901000721962,10240,10252,1223.577623766445
10KB,480,0.007614177000505151,10240,10252,1344.8597267072516
10KB,481,0.0087253250003414,10240,10252,1173.5952528529692
10KB,482,0.007053830999211641,10240,10252,1451.6934132876809
10KB,483,0.005587594001553953,10240,10252,1832.6313610387901
10KB,484,0.005585904998952174,10240,10252,1833.1854913251946
10KB,485,0.006459285999881104,10240,10252,1585.314537889867
10KB,486,0.008122299001115607,10240,10252,1260.7267965133424
10KB,487,0.007224347998999292,10240,10252,1417.4289501860144
10KB,488,0.007631194999703439,10240,10252,1341.8606129705695
10KB,489,0.007399443000394967,10240,10252,1383.88794932989
10KB,490,0.00744330199995602,10240,10252,1375.7335118285546
10KB,491,0.007772124999974039,10240,10252,1317.5289898237875
10KB,492,0.007315627999560093,10240,10252,1399.7431253496977
10KB,493,0.007545938999101054,10240,10252,1357.021306588867
10KB,494,0.006782271000702167,10240,10252,1509.8187611406054
10KB,495,0.006691986000078032,10240,10252,1530.1884970889953
10KB,496,0.008144448000166449,10240,10252,1257.2982232547529
10KB,497,0.005344420000255923,10240,10252,1916.0170794042472
10KB,498,0.007440624000082607,10240,10252,1376.228660376645
10KB,499,0.00758750000022701,10240,10252,1349.5881383451242
10KB,500,0.008760149999943678,10240,10252,1168.9297557765376
10KB,501,0.007196694999947795,10240,10252,1422.8753615478051
10KB,502,0.005859790999238612,10240,10252,1747.5025988692305
10KB,503,0.008365833000425482,10240,10252,1224.026346148578
10KB,504,0.006364458000462037,10240,10252,1608.9351205171931
10KB,505,0.007200509000540478,10240,10252,1422.1216860129434
10KB,506,0.008201172000553925,10240,10252,1248.6020289915111
10KB,507,0.008118572000967106,10240,10252,1261.305559497432
10KB,508,0.006996931000685436,10240,10252,1463.4987823942904
10KB,509,0.007622955999977421,10240,10252,1343.310915087314
10KB,510,0.005123364999235491,10240,10252,1998.686410499352
10KB,511,0.00450468499911949,10240,10252,2273.1889137645726
10KB,512,0.004893497000011848,10240,10252,2092.5730617542436
10KB,513,0.005903801000386011,10240,10252,1734.475806235758
10KB,514,0.005458522000481025,10240,10252,1875.9656916464955
10KB,515,0.004734257998279645,10240,10252,2162.9577441113383
10KB,516,0.004272685000614729,10240,10252,2396.6194555710817
10KB,517,0.00491913400037447,10240,10252,2081.667220128681
10KB,518,0.005699394998373464,10240,10252,1796.681929033234
10KB,519,0.006520393999380758,10240,10252,1570.4572455241957
10KB,520,0.005054216999269556,10240,10252,2026.0309364397892
10KB,521,0.004725602999315015,10240,10252,2166.9192273418457
10KB,522,0.005803446998470463,10240,10252,1764.4685999025787
10KB,523,0.006073525999454432,10240,10252,1686.0057898689872
10KB,524,0.006588491998627433,10240,10252,1554.2251553364988
10KB,525,0.005934476999755134,10240,10252,1725.510099781753
10KB,526,0.007380242999715847,10240,10252,1387.4881898054384
10KB,527,0.007034764999843901,10240,10252,1455.627871041495
10KB,528,0.007630035001056967,10240,10252,1342.0646168178102
10KB,529,0.006416745998649276,10240,10252,1595.8244259871778
10KB,530,0.006964820999201038,10240,10252,1470.2459691605384
10KB,531,0.007642548000148963,10240,10252,1339.8672798391858
10KB,532,0.005366202998629888,10240,10252,1908.2394017920124
10KB,533,0.007470067001122516,10240,10252,1370.8043044943574
10KB,534,0.006878285999846412,10240,10252,1488.7429804792434
10KB,535,0.0064278150002792245,10240,10252,1593.0763408024616
10KB,536,0.006923863000338315,10240,10252,1478.9431852565037
10KB,537,0.007361918998867623,10240,10252,1390.9416826747306
10KB,538,0.007444082000802155,10240,10252,1375.5893606352756
10KB,539,0.007517664000260993,10240,10252,1362.1252558832764
10KB,540,0.006265873998927418,10240,10252,1634.2492686180517
10KB,541,0.008145551999405143,10240,10252,1257.1278165982872
10KB,542,0.008518830998582416,10240,10252,1202.0428626538073
10KB,543,0.007815676999598509,10240,10252,1310.1872045794662
10KB,544,0.007034715999907348,10240,10252,1455.6380101392674
10KB,545,0.007278347000465146,10240,10252,1406.9128607561001
10KB,546,0.006903518000399345,10240,10252,1483.30170203187
10KB,547,0.007078836000800948,10240,10252,1446.5655086290142
10KB,548,0.006934933000593446,10240,10252,1476.5823980020755
10KB,549,0.006736707000527531,10240,10252,1520.030483617313
10KB,550,0.00587616499979049,10240,10252,1742.6331630179036
10KB,551,0.005268967001029523,10240,10252,1943.4549500877815
10KB,552,0.005196599999180762,10240,10252,1970.5191859320178
10KB,553,0.004091544000402791,10240,10252,2502.7226883034677
10KB,554,0.006232167999769445,10240,10252,1643.0879270871426
10KB,555,0.0075234569994790945,10240,10252,1361.0764307829488
10KB,556,0.005957418001344195,10240,10252,1718.8654544115436
10KB,557,0.0060723670012521325,10240,10252,1686.3275882186458
10KB,558,0.006412374001229182,10240,10252,1596.9124692410494
10KB,559,0.00435774299876357,10240,10252,2349.840273486852
10KB,560,0.006721724999806611,10240,10252,1523.4184677734677
10KB,561,0.0060919229999854,10240,10252,1680.914220357766
10KB,562,0.006773453000278096,10240,10252,1511.7843143784387
10KB,563,0.008348012999704224,10240,10252,1226.6392014917576
10KB,564,0.006311897999694338,10240,10252,1622.3329338490398
10KB,565,0.007181405999290291,10240,10252,1425.9046210466274
10KB,566,0.008462968000458204,10240,10252,1209.9773979348124
10KB,567,0.006950564000362647,10240,10252,1473.2617381072566
10KB,568,0.0073254119997727685,10240,10252,1397.8735940473575
10KB,569,0.006892207000419148,10240,10252,1485.7359912981801
10KB,570,0.006561811000210582,10240,10252,1560.5447946719855
10KB,571,0.006659613000010722,10240,10252,1537.626886124391
10KB,572,0.008171294999556267,10240,10252,1253.1673376810006
10KB,573,0.006921820000570733,10240,10252,1479.379700592571
10KB,574,0.007177471999966656,10240,10252,1426.6861647175458
10KB,575,0.007850310999856447,10240,10252,1304.4069209725897
10KB,576,0.0068585680000978755,10240,10252,1493.0230333582563
10KB,577,0.007441776000632672,10240,10252,1376.0156176602782
10KB,578,0.006482574000983732,10240,10252,1579.619453390903
10KB,579,0.00757123000039428,10240,10252,1352.488301037842
10KB,580,0.006242527000722475,10240,10252,1640.3613470658404
10KB,581,0.007886171000791364,10240,10252,1298.4755211334416
10KB,582,0.008591779000198585,10240,10252,1191.83698739962
10KB,583,0.006121946000348544,10240,10252,1672.6707487156864
10KB,584,0.007346627000515582,10240,10252,1393.8369266986554
10KB,585,0.007833981000658241,10240,10252,1307.125968155858
10KB,586,0.03452194400051667,10240,10252,296.6229248227372
10KB,587,0.0061339080002653645,10240,10252,1669.4088009727238
10KB,588,0.005760259000453516,10240,10252,1777.6978429604965
10KB,589,0.0065721379996830365,10240,10252,1558.0926633758845
10KB,590,0.006239815998924314,10240,10252,1641.0740319530705
10KB,591,0.004554138999083079,10240,10252,2248.504053578887
10KB,592,0.004198079999696347,10240,10252,2439.210305839973
10KB,593,0.005448178000733606,10240,10252,1879.5274307522934
10KB,594,0.004867879000812536,10240,10252,2103.5855653541844
10KB,595,0.006247476998396451,10240,10252,1639.0616568301598
10KB,596,0.008124617999783368,10240,10252,1260.3669489781596
10KB,597,0.007362113999988651,10240,10252,1390.9048406498168
10KB,598,0.006909038000230794,10240,10252,1482.1166130013958
10KB,599,0.0056475990004400956,10240,10252,1813.1598931160015
10KB,600,0.0065577600016695214,10240,10252,1561.5088074880794
10KB,601,0.006244043001061073,10240,10252,1639.9630813336614
10KB,602,0.011352717001500423,10240,10252,901.9867225305306
10KB,603,0.006309129999863217,10240,10252,1623.0446987495907
10KB,604,0.005805098999189795,10240,10252,1763.966471791295
10KB,605,0.005444135998914135,10240,10252,1880.922886945225
10KB,606,0.00640512999962084,10240,10252,1598.7185272751951
10KB,607,0.007404752001093584,10240,10252,1382.8957402608064
10KB,608,0.007654975999685121,10240,10252,1337.6919797555488
10KB,609,0.006642296000791248,10240,10252,1541.6356029270878
10KB,610,0.008212696000555297,10240,10252,1246.8499989902984
10KB,611,0.007501866000893642,10240,10252,1364.9937227324754
10KB,612,0.007953309999720659,10240,10252,1287.51425511638
10KB,613,0.007220990999485366,10240,10252,1418.0879052099353
10KB,614,0.006396816001142724,10240,10252,1600.7963959211475
10KB,615,0.006488328999694204,10240,10252,1578.2183672379458
10KB,616,0.004939062000630656,10240,10252,2073.2681627994307
10KB,617,0.006498894001197186,10240,10252,1575.6527184646573
10KB,618,0.006301184999756515,10240,10252,1625.0911535521789
10KB,619,0.006794607001211261,10240,10252,1507.077598185522
10KB,620,0.007489967998481006,10240,10252,1367.16204956773
10KB,621,0.008644769999591517,10240,10252,1184.53122529389
10KB,622,0.0070798630003992,10240,10252,1446.355670925075
10KB,623,0.007548084000518429,10240,10252,1356.6356706280271
10KB,624,0.007105607000994496,10240,10252,1441.1154456708366
10KB,625,0.007561197999166325,10240,10252,1354.282747407095
10KB,626,0.007634707999386592,10240,10252,1341.2431753542808
10KB,627,0.007070161000228836,10240,10252,1448.3404267128524
10KB,628,0.008045480999498977,10240,10252,1272.76417663999
10KB,629,0.00827520599887066,10240,10252,1237.4314308788782
10KB,630,0.007595966000735643,10240,10252,1348.0839697029044
10KB,631,0.0064953979999700096,10240,10252,1576.5007779426726
10KB,632,0.006032506000337889,10240,10252,1697.4703381026795
10KB,633,0.00716948700028297,10240,10252,1428.2751331574825
10KB,634,0.005250088999673608,10240,10252,1950.4431259425526
10KB,635,0.004869733000305132,10240,10252,2102.7846905278734
10KB,636,0.007468649999282206,10240,10252,1371.0643825837524
10KB,637,0.007001026000580168,10240,10252,1462.6427610969336
10KB,638,0.00862615900041419,10240,10252,1187.0868598072816
10KB,639,0.007249734000652097,10240,10252,1412.4656158527935
10KB,640,0.007226337998872623,10240,10252,1417.0386164607214
10KB,641,0.0069091430013941135,10240,10252,1482.0940886494593
10KB,642,0.04944076900028449,10240,10252,207.11651956588855
10KB,643,0.007390825998299988,10240,10252,1385.5014314171879
10KB,644,0.006970385000386159,10240,10252,1469.0723682311243
10KB,645,0.007183519001046079,10240,10252,1425.485197228382
10KB,646,0.007272490000104881,10240,10252,1408.0459374784048
10KB,647,0.006540960999700474,10240,10252,1565.5191951869022
10KB,648,0.006836934000602923,10240,10252,1497.7473819546851
10KB,649,0.007376851001026807,10240,10252,1388.126179934319
10KB,650,0.012512290000813664,10240,10252,818.3953536350342
10KB,651,0.004926399999021669,10240,10252,2078.596947473521
10KB,652,0.006851809999716352,10240,10252,1494.4956150891387
10KB,653,0.0076820020003651734,10240,10252,1332.9858544053006
10KB,654,0.006896404000144685,10240,10252,1484.831805066114
10KB,655,0.007671540000956156,10240,10252,1334.8037028710949
10KB,656,0.006966692999412771,10240,10252,1469.8509035582792
10KB,657,0.007804281998687657,10240,10252,1312.100203673051
10KB,658,0.007240666000143392,10240,10252,1414.2345469045542
10KB,659,0.007704139999987092,10240,10252,1329.1554930228626
10KB,660,0.007080683999447501,10240,10252,1446.187967264041
10KB,661,0.00695994099987729,10240,10252,1471.2768398727146
10KB,662,0.007161560000895406,10240,10252,1429.856064700945
10KB,663,0.0068183590010448825,10240,10252,1501.8276389422685
10KB,664,0.007042719998935354,10240,10252,1453.9836883402972
10KB,665,0.006911907999892719,10240,10252,1481.5012005598073
10KB,666,0.006791776999307331,10240,10252,1507.705568225273
10KB,667,0.0065447990000393474,10240,10252,1564.6011435856833
10KB,668,0.007379520999165834,10240,10252,1387.6239394342138
10KB,669,0.007384331000139355,10240,10252,1386.7200698081863
10KB,670,0.007251818000440835,10240,10252,1412.0597068731613
10KB,671,0.007083739999870886,10240,10252,1445.5640664658276
10KB,672,0.010477943000296364,10240,10252,977.2910579595982
10KB,673,0.007227981001051376,10240,10252,1416.7165074881214
10KB,674,0.004121546999158454,10240,10252,2484.503998641972
10KB,675,0.005037397000705823,10240,10252,2032.795906013603
10KB,676,0.005606022999927518,10240,10252,1826.6068476944165
10KB,677,0.007604851998621598,10240,10252,1346.508781743028
10KB,678,0.005818388000989216,10240,10252,1759.9376319109417
10KB,679,0.00723332199959259,10240,10252,1415.6704209458335
10KB,680,0.0064633130004949635,10240,10252,1584.3267994627238
10KB,681,0.006570309000380803,10240,10252,1558.526394939189
10KB,682,0.006767362001482979,10240,10252,1513.1450035857454
10KB,683,0.008260829001301317,10240,10252,1239.585034188083
10KB,684,0.00816261299951293,10240,10252,1254.5002440531027
10KB,685,0.00828242500028864,10240,10252,1236.3528796992596
10KB,686,0.008287754999400931,10240,10252,1235.5577596997236
10KB,687,0.00722302100075467,10240,10252,1417.689357255103
10KB,688,0.007390542999928584,10240,10252,1385.5544849815433
10KB,689,0.0075762850010505645,10240,10252,1351.5859024020442
10KB,690,0.007397164999929373,10240,10252,1384.3141257627442
10KB,691,0.0073411200010014,10240,10252,1394.8825245470941
10KB,692,0.00726292800027295,10240,10252,1409.8996988012505
10KB,693,0.007125414000256569,10240,10252,1437.1094787799393
10KB,694,0.006949159998839605,10240,10252,1473.559394475003
10KB,695,0.0066944009995495435,10240,10252,1529.6364828890644
10KB,696,0.00686121799844841,10240,10252,1492.4463852213507
10KB,697,0.005982919999951264,10240,10252,1711.5388472657855
10KB,698,0.0050452089999453165,10240,10252,2029.648325790069
10KB,699,0.006024009000611841,10240,10252,1699.8646580640823
10KB,700,0.005896468999708304,10240,10252,1736.632550854854
10KB,701,0.0044744200004060986,10240,10252,2288.5647746681393
10KB,702,0.005155504999493132,10240,10252,1986.2263737513113
10KB,703,0.006631747999563231,10240,10252,1544.0876222489771
10KB,704,0.004812205999769503,10240,10252,2127.922204596079
10KB,705,0.006946371000594809,10240,10252,1474.1510349970022
10KB,706,0.010805478999827756,10240,10252,947.667382460623
10KB,707,0.00522583299971302,10240,10252,1959.4962182224986
10KB,708,0.007020838000244112,10240,10252,1458.5153509657907
10KB,709,0.007015397000941448,10240,10252,1459.6465458228265
10KB,710,0.006141392999779782,10240,10252,1667.3741609382735
10KB,711,0.006967033999899286,10240,10252,1469.778961915218
10KB,712,0.0071849940013635205,10240,10252,1425.1925607810836
10KB,713,0.006738636000591214,10240,10252,1519.5953601146573
10KB,714,0.005817269000544911,10240,10252,1760.2761706637266
10KB,715,0.004962356000760337,10240,10252,2063.5359491400895
10KB,716,0.004936231000101543,10240,10252,2074.4572123527755
10KB,717,0.00498868499926175,10240,10252,2052.6451362463986
10KB,718,0.007293738999578636,10240,10252,1403.9438483597469
10KB,719,0.007068521001201589,10240,10252,1448.6764626234096
10KB,720,0.007200455998827238,10240,10252,1422.1321540841057
10KB,721,0.006901904000187642,10240,10252,1483.6485699774446
10KB,722,0.007158144000641187,10240,10252,1430.5384187692728
10KB,723,0.006728245998601778,10240,10252,1521.941974494989
10KB,724,0.00849934199868585,10240,10252,1204.799148167386
10KB,725,0.006571856001755805,10240,10252,1558.1595210339628
10KB,726,0.007152235999456025,10240,10252,1431.7200943563412
10KB,727,0.00768269699983648,10240,10252,1332.8652685662275
10KB,728,0.007202056000096491,10240,10252,1421.8162146840857
10KB,729,0.006254273001104593,10240,10252,1637.2806236938281
10KB,730,0.006738067999322084,10240,10252,1519.7234579749336
10KB,731,0.006293500000538188,10240,10252,1627.0755540040245
10KB,732,0.006590868999410304,10240,10252,1553.6646231196812
10KB,733,0.006467339999289834,10240,10252,1583.3402915455868
10KB,734,0.007288844999493449,10240,10252,1404.8865081795054
10KB,735,0.0050245400016137864,10240,10252,2037.9975075750433
10KB,736,0.006544268000652664,10240,10252,1564.7280947202587
10KB,737,0.007929988998512272,10240,10252,1291.300656523118
10KB,738,0.006957681998756016,10240,10252,1471.75453000451
10KB,739,0.00737736300106917,10240,10252,1388.0298418982445
10KB,740,0.007178297999416827,10240,10252,1426.5219973915694
10KB,741,0.006893125000715372,10240,10252,1485.5381266025624
10KB,742,0.007541744000263861,10240,10252,1357.7761323696132
10KB,743,0.007237620000523748,10240,10252,1414.829736744812
10KB,744,0.006454454000049736,10240,10252,1586.5013523872187
10KB,745,0.007810896000592038,10240,10252,1310.9891617074206
10KB,746,0.007002501999522792,10240,10252,1462.3344628388306
10KB,747,0.005736954999520094,10240,10252,1784.919003348744
10KB,748,0.00861539000106859,10240,10252,1188.5706855673282
10KB,749,0.006383801999618299,10240,10252,1604.0597751327925
10KB,750,0.007382600000710227,10240,10252,1387.0452142896654
10KB,751,0.006477779999841005,10240,10252,1580.788480042752
10KB,752,0.007030504999420373,10240,10252,1456.5098809892365
10KB,753,0.006602344999919296,10240,10252,1550.9640892932994
10KB,754,0.007378326999969431,10240,10252,1387.8484919470802
10KB,755,0.007260221000251477,10240,10252,1410.4253850737202
10KB,756,0.004057613999975729,10240,10252,2523.6505986181173
10KB,757,0.004492681999181514,10240,10252,2279.262142716877
10KB,758,0.02975644700018165,10240,10252,344.12710630195494
10KB,759,0.004477612999835401,10240,10252,2286.932792176641
10KB,760,0.008539268999811611,10240,10252,1199.1658771056293
10KB,761,0.006649936000030721,10240,10252,1539.8644438010674
10KB,762,0.00970086400047876,10240,10252,1055.5760805939176
10KB,763,0.00732591400083038,10240,10252,1397.7778061330387
10KB,764,0.007537379999121185,10240,10252,1358.5622591927067
10KB,765,0.006730711000273004,10240,10252,1521.384590659836
10KB,766,0.007067427000947646,10240,10252,1448.900710064208
10KB,767,0.0078085320001264336,10240,10252,1311.3860582032828
10KB,768,0.007355559000643552,10240,10252,1392.1443630734364
10KB,769,0.0065873339990503155,10240,10252,1554.4983754393331
10KB,770,0.007759362999422592,10240,10252,1319.6959596763295
10KB,771,0.007407531000353629,10240,10252,1382.3769349748454
10KB,772,0.007366331001321669,10240,10252,1390.1085897664302
10KB,773,0.007749737000267487,10240,10252,1321.3351626831413
10KB,774,0.0073158779996447265,10240,10252,1399.6952929637803
10KB,775,0.0072137119987019105,10240,10252,1419.5188277328873
10KB,776,0.007657595999262412,10240,10252,1337.2342966364806
10KB,777,0.007995138999831397,10240,10252,1280.7782329007591
10KB,778,0.007232924999698298,10240,10252,1415.7481240890975
10KB,779,0.006925457999386708,10240,10252,1478.6025705313373
10KB,780,0.006899358000737266,10240,10252,1484.1960656202727
10KB,781,0.006881758999952581,10240,10252,1487.9916602819947
10KB,782,0.007352149999860558,10240,10252,1392.7898642158027
10KB,783,0.007241024000904872,10240,10252,1414.1646262628549
10KB,784,0.006347557999106357,10240,10252,1613.2188160299822
10KB,785,0.00630054799876234,10240,10252,1625.2554542892958
10KB,786,0.006660578999799327,10240,10252,1537.403880399664
10KB,787,0.007919330999357044,10240,10252,1293.038515605847
10KB,788,0.006139316999906441,10240,10252,1667.9379807486812
10KB,789,0.007266693999554263,10240,10252,1409.1690114690557
10KB,790,0.007922057000541827,10240,10252,1292.5935775644682
10KB,791,0.007140149999031564,10240,10252,1434.1435405963286
10KB,792,0.0061537910005426966,10240,10252,1664.0149135869167
10KB,793,0.007288183998753084,10240,10252,1405.0139241478994
10KB,794,0.0066440299997339025,10240,10252,1541.2332575876567
10KB,795,0.007181742001193925,10240,10252,1425.8379092840785
10KB,796,0.005557534001127351,10240,10252,1842.5438329163271
10KB,797,0.0045004450003034435,10240,10252,2275.3305504921327
10KB,798,0.004097389000889962,10240,10252,2499.1525085306403
10KB,799,0.005243812000117032,10240,10252,1952.7778646090787
10KB,800,0.006781501000659773,10240,10252,1509.990192289841
10KB,801,0.00680320399987977,10240,10252,1505.1731507949737
10KB,802,0.00922478000029514,10240,10252,1110.0535730578265
10KB,803,0.005865850000191131,10240,10252,1745.697554432238
10KB,804,0.006003647999023087,10240,10252,1705.6296441207498
10KB,805,0.0075707399992097635,10240,10252,1352.5758381702258
10KB,806,0.007362689999354188,10240,10252,1390.7960271175607
10KB,807,0.0076124139995954465,10240,10252,1345.1711901827978
10KB,808,0.007192904000476119,10240,10252,1423.6252839356932
10KB,809,0.008100263999949675,10240,10252,1264.1563287398558
10KB,810,0.0069345410011010244,10240,10252,1476.665867052218
10KB,811,0.006661564000751241,10240,10252,1537.1765547617963
10KB,812,0.0060061170006520115,10240,10252,1704.928491883919
10KB,813,0.007251693999933195,10240,10252,1412.0838524204598
10KB,814,0.007127426999431918,10240,10252,1436.70359595632
10KB,815,0.00877652599956491,10240,10252,1166.7486657599648
10KB,816,0.007229982998978812,10240,10252,1416.3242156235128
10KB,817,0.007279794999703881,10240,10252,1406.6330165089169
10KB,818,0.008488655999826733,10240,10252,1206.315817275316
10KB,819,0.005832313001519651,10240,10252,1755.7356742225415
10KB,820,0.006969086998651619,10240,10252,1469.3459849161359
10KB,821,0.006560571999216336,10240,10252,1560.8395123509313
10KB,822,0.008273424000435625,10240,10252,1237.6979590869303
10KB,823,0.0065626449995761504,10240,10252,1560.346476254826
10KB,824,0.0063251100000343286,10240,10252,1618.9441764561286
10KB,825,0.005956401999355876,10240,10252,1719.1586466305248
10KB,826,0.007537347999459598,10240,10252,1358.5680269418597
10KB,827,0.006784166998841101,10240,10252,1509.396806085292
10KB,828,0.00779658300052688,10240,10252,1313.3958811581942
10KB,829,0.007298431999515742,10240,10252,1403.0410916590622
10KB,830,0.007000847001108923,10240,10252,1462.680158326271
10KB,831,0.007462550000127521,10240,10252,1372.185110964083
10KB,832,0.007936779000374372,10240,10252,1290.1959345871903
10KB,833,0.007229888000438223,10240,10252,1416.342825695132
10KB,834,0.006323227000393672,10240,10252,1619.4262833459052
10KB,835,0.007269040999744902,10240,10252,1408.714024361585
10KB,836,0.005736225000873674,10240,10252,1785.146154211239
10KB,837,0.005352013999072369,10240,10252,1913.2984334074677
10KB,838,0.004633505001038429,10240,10252,2209.9900610240156
10KB,839,0.004915511000945116,10240,10252,2083.201522289571
10KB,840,0.0054828100001032,10240,10252,1867.6554540112202
10KB,841,0.00648864200047683,10240,10252,1578.1422367342034
10KB,842,0.007419088999085943,10240,10252,1380.2233672168647
10KB,843,0.007378762998996535,10240,10252,1387.7664862514998
10KB,844,0.005508640000698506,10240,10252,1858.8980217806118
10KB,845,0.00680452100095863,10240,10252,1504.8818276198097
10KB,846,0.007163107999076601,10240,10252,1429.5470627163575
10KB,847,0.006810573999246117,10240,10252,1503.5443416565913
10KB,848,0.007900877999418299,10240,10252,1296.0584887849072
10KB,849,0.007831831999283168,10240,10252,1307.4846346215352
10KB,850,0.007393829999273294,10240,10252,1384.9385232019729
10KB,851,0.007198102999609546,10240,10252,1422.5970371020612
10KB,852,0.006595102000574116,10240,10252,1552.6674188069555
10KB,853,0.007302209000044968,10240,10252,1402.3153815423443
10KB,854,0.007352004999120254,10240,10252,1392.817333669567
10KB,855,0.007147334999899613,10240,10252,1432.7018392371176
10KB,856,0.00773495199973695,10240,10252,1323.8608333119896
10KB,857,0.007735695000519627,10240,10252,1323.7336786561716
10KB,858,0.007427222999467631,10240,10252,1378.711801265962
10KB,859,0.006568922999576898,10240,10252,1558.855234055804
10KB,860,0.006899656998939463,10240,10252,1484.1317476468723
10KB,861,0.006711230000291835,10240,10252,1525.8007845886252
10KB,862,0.0067880549995607,10240,10252,1508.5322674407764
10KB,863,0.00682567200055928,10240,10252,1500.2185864133169
10KB,864,0.008706030999746872,10240,10252,1176.1961334961625
10KB,865,0.007455579001543811,10240,10252,1373.468109972361
10KB,866,0.007957906000228832,10240,10252,1286.7706655124534
10KB,867,0.00673904899849731,10240,10252,1519.5022327754764
10KB,868,0.006894485999509925,10240,10252,1485.2448755031023
10KB,869,0.007703720000790781,10240,10252,1329.2279572659536
10KB,870,0.007195268999566906,10240,10252,1423.1573552866976
10KB,871,0.007215187000838341,10240,10252,1419.2286352121162
10KB,872,0.00812428000062937,10240,10252,1260.4193847586164
10KB,873,0.007073351000144612,10240,10252,1447.6872418448693
10KB,874,0.010424733000036213,10240,10252,982.2793542975564
10KB,875,0.006403392000720487,10240,10252,1599.152449021992
10KB,876,0.006215362000148161,10240,10252,1647.5307471641877
10KB,877,0.007987639000930358,10240,10252,1281.9808204661351
10KB,878,0.006594715001483564,10240,10252,1552.7585343258022
10KB,879,0.005463637000502786,10240,10252,1874.2094321159466
10KB,880,0.0041378529986104695,10240,10252,2474.713336466687
10KB,881,0.006388079000316793,10240,10252,1602.985811461033
10KB,882,0.005381872000725707,10240,10252,1902.6836756093808
10KB,883,0.006655240000327467,10240,10252,1538.6372241265751
10KB,884,0.006181353999636485,10240,10252,1656.594979126288
10KB,885,0.006863742000859929,10240,10252,1491.8975682240202
10KB,886,0.007222700000056648,10240,10252,1417.7523640632571
10KB,887,0.006536722001328599,10240,10252,1566.534418615126
10KB,888,0.008227239000916597,10240,10252,1244.6459862001286
10KB,889,0.0072902529991552,10240,10252,1404.6151760695575
10KB,890,0.008369914001377765,10240,10252,1223.4295356337475
10KB,891,0.007689198000662145,10240,10252,1331.7383684381903
10KB,892,0.00722422299986647,10240,10252,1417.453475645654
10KB,893,0.009658151999246911,10240,10252,1060.2442372825005
10KB,894,0.007741539000562625,10240,10252,1322.7344071063644
10KB,895,0.0071286049987975275,10240,10252,1436.4661812131983
10KB,896,0.007154004999392782,10240,10252,1431.366067100757
10KB,897,0.007182400999226957,10240,10252,1425.7070861265104
10KB,898,0.007247850999192451,10240,10252,1412.8325763237863
10KB,899,0.007209181001599063,10240,10252,1420.4110006016874
10KB,900,0.00920104700162483,10240,10252,1112.9168232910558
10KB,901,0.006930442999873776,10240,10252,1477.539026031453
10KB,902,0.007955717001095763,10240,10252,1287.1247178085414
10KB,903,0.007371133000560803,10240,10252,1389.2029894482885
10KB,904,0.008067632999882335,10240,10252,1269.2694375350675
10KB,905,0.007177588999184081,10240,10252,1426.6629088352706
10KB,906,0.007287806998647284,10240,10252,1405.0866058748104
10KB,907,0.0071629239992034854,10240,10252,1429.5837846581487
10KB,908,0.0068989680003141984,10240,10252,1484.2799676029285
10KB,909,0.00758518600014213,10240,10252,1349.9998549551883
10KB,910,0.007174270000177785,10240,10252,1427.3229192302833
10KB,911,0.006979194999075844,10240,10252,1467.2179243245014
10KB,912,0.0077576139992743265,10240,10252,1319.9934929680549
10KB,913,0.007956585999636445,10240,10252,1286.9841412469982
10KB,914,0.007436546999088023,10240,10252,1376.9831618432288
10KB,915,0.007193336999989697,10240,10252,1423.5395894860294
10KB,916,0.007441576000928762,10240,10252,1376.052599438879
10KB,917,0.08631006600080582,10240,10252,118.64201331863651
10KB,918,0.009595412000635406,10240,10252,1067.1766881215638
10KB,919,0.0034751230014080647,10240,10252,2946.6582897500075
10KB,920,0.005215664001298137,10240,10252,1963.3166548787165
10KB,921,0.005493123999258387,10240,10252,1864.1487068892816
10KB,922,0.007607251000081305,10240,10252,1346.0841504888633
10KB,923,0.005883678999452968,10240,10252,1740.407660063042
10KB,924,0.006231175999346306,10240,10252,1643.3495059478737
10KB,925,0.008473731000776752,10240,10252,1208.4405321647973
10KB,926,0.0072550219992990606,10240,10252,1411.43610605031
10KB,927,0.007523071000832715,10240,10252,1361.1462657824914
10KB,928,0.007413178998831427,10240,10252,1381.323721120747
10KB,929,0.007445609000569675,10240,10252,1375.3072447420382
10KB,930,0.007899983000243083,10240,10252,1296.2053209082746
10KB,931,0.00737889900119626,10240,10252,1387.740908005368
10KB,932,0.007313538999369484,10240,10252,1400.1429404947196
10KB,933,0.007871523999710917,10240,10252,1300.891669818458
10KB,934,0.007353961998887826,10240,10252,1392.4466840525752
10KB,935,0.007804471999406815,10240,10252,1312.0682604509698
10KB,936,0.0071063969990063924,10240,10252,1440.9552409514617
10KB,937,0.007644204999451176,10240,10252,1339.576842946414
10KB,938,0.007418819999656989,10240,10252,1380.2734128167888
10KB,939,0.007088587999533047,10240,10252,1444.57542188579
10KB,940,0.006564343999343691,10240,10252,1559.942623516349
10KB,941,0.007132344999263296,10240,10252,1435.7129388802275
10KB,942,0.007593412999995053,10240,10252,1348.537212450669
10KB,943,0.006492987000456196,10240,10252,1577.0861699369702
10KB,944,0.006674141000985401,10240,10252,1534.27984192844
10KB,945,0.0072275139991688775,10240,10252,1416.8080478540119
10KB,946,0.008397170999160153,10240,10252,1219.4583153093056
10KB,947,0.00789843600068707,10240,10252,1296.4591976321947
10KB,948,0.01059867399999348,10240,10252,966.158596821291
10KB,949,0.006446137000239105,10240,10252,1588.5483041424918
10KB,950,0.006769173998691258,10240,10252,1512.739959407128
10KB,951,0.006949096999960602,10240,10252,1473.5727534178982
10KB,952,0.007499835999624338,10240,10252,1365.3631893434622
10KB,953,0.007388291000097524,10240,10252,1385.9768111278825
10KB,954,0.006996482999966247,10240,10252,1463.592493549888
10KB,955,0.0069443419997696765,10240,10252,1474.5817530789282
10KB,956,0.0065972849988611415,10240,10252,1552.153651353198
10KB,957,0.007762347000607406,10240,10252,1319.1886421978709
10KB,958,0.006276354999499745,10240,10252,1631.5202057270783
10KB,959,0.006678088999251486,10240,10252,1533.3727958923205
10KB,960,0.004504996000832762,10240,10252,2273.0319845138833
10KB,961,0.004993286998796975,10240,10252,2050.7533419302968
10KB,962,0.004682028000388527,10240,10252,2187.0864503907833
10KB,963,0.007425345000228845,10240,10252,1379.060501523419
10KB,964,0.007239344999106834,10240,10252,1414.492609657832
10KB,965,0.007076705000145012,10240,10252,1447.0011113632925
10KB,966,0.006186876998981461,10240,10252,1655.116143683768
10KB,967,0.00902002900147636,10240,10252,1135.251338806556
10KB,968,0.006589705999431317,10240,10252,1553.9388253260008
10KB,969,0.007520756000303663,10240,10252,1361.5652468430756
10KB,970,0.0072696119987085694,10240,10252,1408.6033755060262
10KB,971,0.006843023000328685,10240,10252,1496.4146692928184
10KB,972,0.0072376349999103695,10240,10252,1414.8268046298012
10KB,973,0.007318669000596856,10240,10252,1399.1615140901854
10KB,974,0.007437411999489996,10240,10252,1376.8230132608205
10KB,975,0.007122799999706331,10240,10252,1437.6368844305878
10KB,976,0.007465822998710792,10240,10252,1371.5835483600747
10KB,977,0.007062649998260895,10240,10252,1449.8807108552023
10KB,978,0.006334532999971998,10240,10252,1616.5358993386358
10KB,979,0.00708150399987062,10240,10252,1446.0205064047252
10KB,980,0.007328084999244311,10240,10252,1397.3637043041904
10KB,981,0.007161936999182217,10240,10252,1429.7807982909162
10KB,982,0.007142492000639322,10240,10252,1433.6732892502253
10KB,983,0.007584299000882311,10240,10252,1350.1577401957309
10KB,984,0.00820450500032166,10240,10252,1248.0947966511735
10KB,985,0.006130718000349589,10240,10252,1670.2774453850413
10KB,986,0.004470848998607835,10240,10252,2290.3927203062785
10KB,987,0.00722047800081782,10240,10252,1418.1886571554094
10KB,988,0.007041070999548538,10240,10252,1454.3242073054755
10KB,989,0.007097218000126304,10240,10252,1442.8188622383823
10KB,990,0.007545907999883639,10240,10252,1357.0268813452146
10KB,991,0.007794032000674633,10240,10252,1313.8257578508337
10KB,992,0.007454013999449671,10240,10252,1373.7564754716075
10KB,993,0.007276348000232247,10240,10252,1407.2993759607375
10KB,994,0.005989486999169458,10240,10252,1709.6622801618814
10KB,995,0.007149541999751818,10240,10252,1432.259576956882
10KB,996,0.0066134339995187474,10240,10252,1548.3635280468745
10KB,997,0.007116927999959444,10240,10252,1438.8230427592289
10KB,998,0.00826483800119604,10240,10252,1238.9837524363
10KB,999,0.0069774200001120334,10240,10252,1467.591172644843
1MB,0,0.1522012099994754,1048576,1048588,6889.406464006523
1MB,1,0.14717515900156286,1048576,1048588,7124.680599046373
1MB,2,0.23374263600089762,1048576,1048588,4486.0279576721005
1MB,3,0.1776190119999228,1048576,1048588,5903.512175827527
1MB,4,0.20257748199946946,1048576,1048588,5176.172542231254
1MB,5,0.18557035499907215,1048576,1048588,5650.5577089899025
1MB,6,0.20372236399998656,1048576,1048588,5147.083410047554
1MB,7,0.16841697600102634,1048576,1048588,6226.070702003401
1MB,8,0.1175236090002727,1048576,1048588,8922.258335323644
1MB,9,0.1918691740011127,1048576,1048588,5465.05714354052
1MB,10,0.20690100199863082,1048576,1048588,5068.008322197198
1MB,11,0.1330829549988266,1048576,1048588,7879.115698995753
1MB,12,0.18242990399994596,1048576,1048588,5747.829588291131
1MB,13,0.1811235109998961,1048576,1048588,5789.287068317716
1MB,14,0.18644332099938765,1048576,1048588,5624.10063487039
1MB,15,0.12068423599885136,1048576,1048588,8688.591275582838
1MB,16,0.164415186000042,1048576,1048588,6377.610399076713
1MB,17,0.20844093800042174,1048576,1048588,5030.5665003190425
1MB,18,0.18954117899920675,1048576,1048588,5532.180423993186
1MB,19,0.09024008000051253,1048576,1048588,11619.847854678814
1MB,20,0.10728503499922226,1048576,1048588,9773.739646052232
1MB,21,0.1900518889997329,1048576,1048588,5517.314274111075
1MB,22,0.07979890199931106,1048576,1048588,13140.230927100387
1MB,23,0.17597058300088975,1048576,1048588,5958.814150173602
1MB,24,0.08515221599918732,1048576,1048588,12314.136369745298
1MB,25,0.20460101900062,1048576,1048588,5124.979362868288
1MB,26,0.07583358699957898,1048576,1048588,13827.329571075434
1MB,27,0.08165939900027297,1048576,1048588,12840.848853130732
1MB,28,0.11896294100006344,1048576,1048588,8814.307978477438
1MB,29,0.13635719499870902,1048576,1048588,7689.920579621248
1MB,30,0.07899453400023049,1048576,1048588,13274.032352630127
1MB,31,0.10963622400049644,1048576,1048588,9564.138217631902
1MB,32,0.15334819799863908,1048576,1048588,6837.87624298856
1MB,33,0.08887840600073105,1048576,1048588,11797.871352366234
1MB,34,0.1261731319991668,1048576,1048588,8310.612436940413
1MB,35,0.13868696099962108,1048576,1048588,7560.7396141794825
1MB,36,0.11384383499898831,1048576,1048588,9210.652469756647
1MB,37,0.1151042649998999,1048576,1048588,9109.79276051076
1MB,38,0.1742733880000742,1048576,1048588,6016.845211040217
1MB,39,0.2010017489992606,1048576,1048588,5216.7506264030435
1MB,40,0.1878313889992569,1048576,1048588,5582.538709779485
1MB,41,0.13476096399972448,1048576,1048588,7781.006968769857
1MB,42,0.12954684599935717,1048576,1048588,8094.183937177468
1MB,43,0.20443894699928933,1048576,1048588,5129.042266117938
1MB,44,0.18299867000132508,1048576,1048588,5729.96514123522
1MB,45,0.20419757399940863,1048576,1048588,5135.105082115406
1MB,46,0.2024808350015519,1048576,1048588,5178.643203402255
1MB,47,0.1970506950001436,1048576,1048588,5321.351442070457
1MB,48,0.16590024899960554,1048576,1048588,6320.520953542952
1MB,49,0.17210936000083166,1048576,1048588,6092.498397501061
1MB,50,0.10683377299938002,1048576,1048588,9815.023569429539
1MB,51,0.15837376799936465,1048576,1048588,6620.894440070446
1MB,52,0.1219123020000552,1048576,1048588,8601.068003781318
1MB,53,0.20036440700096136,1048576,1048588,5233.344662832101
1MB,54,0.20905186100026185,1048576,1048588,5015.865417235806
1MB,55,0.1994417109999631,1048576,1048588,5257.556178908803
1MB,56,0.1788741079999454,1048576,1048588,5862.089330448653
1MB,57,0.20247941999878094,1048576,1048588,5178.6793937196835
1MB,58,0.1870544150006026,1048576,1048588,5605.727082125391
1MB,59,0.2109726349990524,1048576,1048588,4970.199097170635
1MB,60,0.20508569400044507,1048576,1048588,5112.86759961777
1MB,61,0.1971761160002643,1048576,1048588,5317.96660402112
1MB,62,0.20230128000002878,1048576,1048588,5183.239572185855
1MB,63,0.22298626299925672,1048576,1048588,4702.4242027119635
1MB,64,0.12425996999991185,1048576,1048588,8438.566337982731
1MB,65,0.1127775280001515,1048576,1048588,9297.738819018905
1MB,66,0.19445403899953817,1048576,1048588,5392.410491419468
1MB,67,0.20199564199901943,1048576,1048588,5191.082290800562
1MB,68,0.19323920299939346,1048576,1048588,5426.310933414952
1MB,69,0.15102998400107026,1048576,1048588,6942.833285293663
1MB,70,0.11984871300046507,1048576,1048588,8749.163622607537
1MB,71,0.1975100259987812,1048576,1048588,5308.976061835314
1MB,72,0.13244216699968092,1048576,1048588,7917.236811766499
1MB,73,0.1690899180011911,1048576,1048588,6201.292261509132
1MB,74,0.13813966199995775,1048576,1048588,7590.694698531409
1MB,75,0.09449777800000447,1048576,1048588,11096.303237944392
1MB,76,0.21775900600005116,1048576,1048588,4815.304860455479
1MB,77,0.09741681699961191,1048576,1048588,10763.80888121378
1MB,78,0.20330307800031733,1048576,1048588,5157.698596173557
1MB,79,0.16294951100098842,1048576,1048588,6434.974818633482
1MB,80,0.15038988400010567,1048576,1048588,6972.383860601044
1MB,81,0.12303099900054804,1048576,1048588,8522.860161408013
1MB,82,0.21109777399942686,1048576,1048588,4967.252757496377
1MB,83,0.17751442900043912,1048576,1048588,5906.990242451819
1MB,84,0.19728952199875494,1048576,1048588,5314.909729502094
1MB,85,0.21981715999936569,1048576,1048588,4770.219031139452
1MB,86,0.19704492100026982,1048576,1048588,5321.507373430672
1MB,87,0.2032223480000539,1048576,1048588,5159.7474899744875
1MB,88,0.14085129399973084,1048576,1048588,7444.560644235216
1MB,89,0.19249835899972823,1048576,1048588,5447.194487520179
1MB,90,0.2139100709991908,1048576,1048588,4901.947790966638
1MB,91,0.17021983099948557,1048576,1048588,6160.128310802806
1MB,92,0.19100171100035368,1048576,1048588,5489.877522605325
1MB,93,0.10260899000058998,1048576,1048588,10219.143566211606
1MB,94,0.20509511999989627,1048576,1048588,5112.632616517303
1MB,95,0.1839779100009764,1048576,1048588,5699.466854441574
1MB,96,0.13112220100083505,1048576,1048588,7996.937147152694
1MB,97,0.17076042699954996,1048576,1048588,6140.62648134959
1MB,98,0.17937302399877808,1048576,1048588,5845.784257989335
1MB,99,0.15740869700130133,1048576,1048588,6661.487071399436
10MB,0,1.6950966539989167,10320162,10320174,6088.243980455993
10MB,1,1.3793807969996124,10320162,10320174,7481.735299235792
10MB,2,1.6932720059994608,10320162,10320174,6094.8045933757
10MB,3,1.67007913100133,10320162,10320174,6179.44491876402
10MB,4,2.0371637560001545,10320162,10320174,5065.946205651627
10MB,5,1.9519772029998421,10320162,10320174,5287.029983823451
10MB,6,1.961924989000181,10320162,10320174,5260.222515061226
10MB,7,2.019972484000391,10320162,10320174,5109.060683619689
10MB,8,1.7511473459999252,10320162,10320174,5893.371579252841
10MB,9,1.9934003739999753,10320162,10320174,5177.164675298756
