File Name,Iteration,Elapsed (s),File Size (bytes),Payload Size (bytes),Throughput (kB/s)
100B,0,0.002262443998915842,100,112,44.19998905958325
100B,1,0.00161207300152455,100,112,62.03193025714668
100B,2,0.002042060999883688,100,112,48.970133608004765
100B,3,0.0023937049991218373,100,112,41.77624228411034
100B,4,0.002482397001585923,100,112,40.28364517686464
100B,5,0.0017833499987318646,100,112,56.074242336675205
100B,6,0.002261931000248296,100,112,44.2100134747801
100B,7,0.001994700998693588,100,112,50.13282695777168
100B,8,0.0018160199997510063,100,112,55.065472854765346
100B,9,0.0018540969995228807,100,112,53.934610770490025
100B,10,0.0023284079998120433,100,112,42.94779953001034
100B,11,0.001594155999555369,100,112,62.72911812137038
100B,12,0.00213264500052901,100,112,46.8901293816808
100B,13,0.002243404000182636,100,112,44.57511887821319
100B,14,0.0018585030011308845,100,112,53.8067465799898
100B,15,0.002159890000257292,100,112,46.29865409261015
100B,16,0.002381181000600918,100,112,41.99596753659796
100B,17,0.0016928360000747489,100,112,59.07246773791696
100B,18,0.0022910759998922003,100,112,43.64761361242717
100B,19,0.0025072959997487487,100,112,39.88360369498488
100B,20,0.0022168899995449465,100,112,45.10823722445708
100B,21,0.0022300019991234876,100,112,44.84300912703462
100B,22,0.0018938489993161056,100,112,52.802520177749834
100B,23,0.0020187710015306948,100,112,49.53508839000406
100B,24,0.0020082579994777916,100,112,49.79439893977918
100B,25,0.0026165939998463728,100,112,38.217621841933166
100B,26,0.002341612000236637,100,112,42.70562330133868
100B,27,0.0018602830004965654,100,112,53.75526195385702
100B,28,0.0026219489991490263,100,112,38.139567181686516
100B,29,0.002342394000152126,100,112,42.69136618071321
100B,30,0.0023001730005489662,100,112,43.47499078379483
100B,31,0.0019462899999780348,100,112,51.37980465456256
100B,32,0.00216410199936945,100,112,46.208542864031735
100B,33,0.002485556999090477,100,112,40.2324308139352
100B,34,0.0024415319985564565,100,112,40.95789039796509
100B,35,0.002221654000095441,100,112,45.011509441030896
100B,36,0.00177898699985235,100,112,56.21176546444672
100B,37,0.0016718549995857757,100,112,59.813799656535004
100B,38,0.0015962970010150457,100,112,62.64498394497545
100B,39,0.0014191280006343732,100,112,70.46580714022863
100B,40,0.0017566330006957287,100,112,56.92708719487462
100B,41,0.001796356000340893,100,112,55.66825283018682
100B,42,0.0016656179996061837,100,112,60.03777578270879
100B,43,0.0017575310012034606,100,112,56.89800062219415
100B,44,0.001632243000130984,100,112,61.26538756298861
100B,45,0.0018759920003503794,100,112,53.30513135520992
100B,46,0.0017552570006955648,100,112,56.97171409108323
100B,47,0.0019197660003555939,100,112,52.089681753649785
100B,48,0.0020988270007364918,100,112,47.64566110732775
100B,49,0.00209012800041819,100,112,47.84395978619116
100B,50,0.002353161000428372,100,112,42.496029800679125
100B,51,0.0023405960000673076,100,112,42.72416085352805
100B,52,0.002250404000733397,100,112,44.43646561568964
100B,53,0.0019375169995328179,100,112,51.61245038062243
100B,54,0.0022423829996114364,100,112,44.59541479636983
100B,55,0.0023034320001897868,100,112,43.413480403051054
100B,56,0.002020735999394674,100,112,49.486919632230894
100B,57,0.0016879659997357521,100,112,59.24289945156171
100B,58,0.0017425049991288688,100,112,57.38864453760135
100B,59,0.0019506270000420045,100,112,51.26556742926588
100B,60,0.0019174499993823702,100,112,52.152598520019296
100B,61,0.0022349390001181746,100,112,44.74395050366583
100B,62,0.0015943700000207173,100,112,62.72069845688303
100B,63,0.0015182310016825795,100,112,65.866129652981
100B,64,0.0026202850003755884,100,112,38.16378752145897
100B,65,0.0024769169995124685,100,112,40.372769866605545
100B,66,0.0017446760011807783,100,112,57.3172325018061
100B,67,0.002140755001164507,100,112,46.71249159553661
100B,68,0.0020925250009895535,100,112,47.78915422884318
100B,69,0.0017853949993877904,100,112,56.01001460981456
100B,70,0.0016395769998780452,100,112,60.99134106384646
100B,71,0.0020598079991032137,100,112,48.54821422362539
100B,72,0.0023008039988781093,100,112,43.46306771405161
100B,73,0.00265242499881424,100,112,37.70134878260639
100B,74,0.002571287001046585,100,112,38.891030040325035
100B,75,0.0022361259998433525,100,112,44.720199133235475
100B,76,0.0021053670006949687,100,112,47.49765716238101
100B,77,0.002042477999566472,100,112,48.960135688720065
100B,78,0.0025441510006203316,100,112,39.30584307913223
100B,79,0.0023774359997332795,100,112,42.062120709545425
100B,80,0.002134565000233124,100,112,46.84795262223386
100B,81,0.0021940220012766076,100,112,45.57839435603393
100B,82,0.0019162480002705706,100,112,52.18531212342045
100B,83,0.0017152689997601556,100,112,58.299893494246625
100B,84,0.0016556339996895986,100,112,60.399822677444526
100B,85,0.0021238680001260946,100,112,47.083905399988595
100B,86,0.002784999000141397,100,112,35.906655619956375
100B,87,0.0019308149985590717,100,112,51.79160099472398
100B,88,0.0018973549995280337,100,112,52.70494979846943
100B,89,0.00204368900085683,100,112,48.93112403994657
100B,90,0.0024800510000204667,100,112,40.32175144752053
100B,91,0.002188600001318264,100,112,45.6913094854093
100B,92,0.00210944199898222,100,112,47.40590167838167
100B,93,0.002409786999123753,100,112,41.4974435650794
100B,94,0.0021806150016345782,100,112,45.85862241846474
100B,95,0.0023262240010808455,100,112,42.98812150228718
100B,96,0.0024337030008609872,100,112,41.089648147133126
100B,97,0.0022390590002032695,100,112,44.661619006431565
100B,98,0.0024143040009221295,100,112,41.41980461524546
100B,99,0.0017925080010172678,100,112,55.787756564126305
100B,100,0.0020932509996782755,100,112,47.772579597654364
100B,101,0.001996072000110871,100,112,50.098393241549175
100B,102,0.0025349389998154948,100,112,39.44868101649723
100B,103,0.0020726349994220072,100,112,48.24776192039933
100B,104,0.0019826650004688418,100,112,50.43716410808329
100B,105,0.0022750879998056917,100,112,43.954343747820175
100B,106,0.0023980000005394686,100,112,41.701417838825435
100B,107,0.003664953999759746,100,112,27.285472070469492
100B,108,0.003613376000430435,100,112,27.67494996039375
100B,109,0.0022278900014498504,100,112,44.88551945334945
100B,110,0.0023513279993494507,100,112,42.52915800248511
100B,111,0.0019038869995711138,100,112,52.52412565584348
100B,112,0.002114763999998104,100,112,47.28660030154176
100B,113,0.001886736001324607,100,112,53.001585770236915
100B,114,0.002184637998652761,100,112,45.774174056145114
100B,115,0.0025514469998597633,100,112,39.19344591735449
100B,116,0.002105025998389465,100,112,47.50535151418987
100B,117,0.002592860000731889,100,112,38.567450603493015
100B,118,0.0023074130003806204,100,112,43.33857873883195
100B,119,0.001992509998672176,100,112,50.1879539207536
100B,120,0.0017918980011017993,100,112,55.80674789441819
100B,121,0.002153400999304722,100,112,46.43816921803577
100B,122,0.001478784000937594,100,112,67.62312814893652
100B,123,0.0017356589996779803,100,112,57.61500387953692
100B,124,0.0019047259993385524,100,112,52.50098966188662
100B,125,0.0016311620001943083,100,112,61.30598922000864
100B,126,0.0016256189992418513,100,112,61.51502907301006
100B,127,0.0018591459993331227,100,112,53.788137153225236
100B,128,0.0015838669987715548,100,112,63.13661442378676
100B,129,0.0016946779996942496,100,112,59.008259986877626
100B,130,0.0016415709997090744,100,112,60.91725549350128
100B,131,0.0023333070002991008,100,112,42.85762653057709
100B,132,0.001908112999444711,100,112,52.40779766664839
100B,133,0.0017668309992586728,100,112,56.5985088794333
100B,134,0.0020037510003021453,100,112,49.90640053825102
100B,135,0.0022066490000725025,100,112,45.3175833568068
100B,136,0.0015363270013040164,100,112,65.09030949473723
100B,137,0.0020884099994873395,100,112,47.88331794262041
100B,138,0.0018933520004793536,100,112,52.816380670198825
100B,139,0.001993632000448997,100,112,50.15970850060514
100B,140,0.0020666119999077637,100,112,48.38837672696334
100B,141,0.0019584589990699897,100,112,51.06055324491697
100B,142,0.0023564599996461766,100,112,42.43653616654433
100B,143,0.002817703998516663,100,112,35.489888239731165
100B,144,0.0019734359993890394,100,112,50.673039323778035
100B,145,0.0023350060000666417,100,112,42.82644241477151
100B,146,0.0015312509985960787,100,112,65.30607985998677
100B,147,0.0022959920006542234,100,112,43.55415871288134
100B,148,0.0018641779988683993,100,112,53.64294614607746
100B,149,0.002496468001481844,100,112,40.05659192933471
100B,150,0.0023443449990736553,100,112,42.65583778817282
100B,151,0.002096356000038213,100,112,47.70182163629516
100B,152,0.0021363300002121832,100,112,46.80924763031361
100B,153,0.0021578510004474083,100,112,46.342402686407
100B,154,0.0016604840002401033,100,112,60.22340473352357
100B,155,0.0018892070002038963,100,112,52.93226204921288
100B,156,0.002420008999251877,100,112,41.3221603849052
100B,157,0.0019245669991505565,100,112,51.959739538367266
100B,158,0.0019010689993592678,100,112,52.60198342811533
100B,159,0.0015614730000379495,100,112,64.04209358571659
100B,160,0.0023179979998531053,100,112,43.1406757065093
100B,161,0.0017807700005505467,100,112,56.15548328480589
100B,162,0.0019515939984557917,100,112,51.24016577173607
100B,163,0.0014580970000679372,100,112,68.58254285917926
100B,164,0.0019464909983071266,100,112,51.374499079096964
100B,165,0.0020349020014691632,100,112,49.14241566807727
100B,166,0.0015097380000952398,100,112,66.23665827692727
100B,167,0.002270212000439642,100,112,44.0487496236626
100B,168,0.0015050910005811602,100,112,66.4411653258089
100B,169,0.002125733000866603,100,112,47.04259658161808
100B,170,0.0016930080000747694,100,112,59.06646631060435
100B,171,0.0022784449993196176,100,112,43.88958260123097
100B,172,0.0018286390004504938,100,112,54.685479187179396
100B,173,0.0020226270007697167,100,112,49.44065315154238
100B,174,0.0019062199990003137,100,112,52.45984201846764
100B,175,0.002116207000653958,100,112,47.25435648265866
100B,176,0.0027125289998366497,100,112,36.86596530618551
100B,177,0.0023169880005298182,100,112,43.15948117863939
100B,178,0.00212538300002052,100,112,47.05034339647703
100B,179,0.0020284660004108446,100,112,49.2983367627291
100B,180,0.0027069739990110975,100,112,36.9416182189159
100B,181,0.002513000001272303,100,112,39.79307598462839
100B,182,0.0022593880003114464,100,112,44.259772994375226
100B,183,0.008954224000262911,100,112,11.16791360111874
100B,184,0.0018833500016626203,100,112,53.09687520201771
100B,185,0.00208716499946604,100,112,47.91188048169791
100B,186,0.003338230999361258,100,112,29.95598567598652
100B,187,0.0017850680014817044,100,112,56.02027481137666
100B,188,0.0014006029996380676,100,112,71.3978193862509
100B,189,0.0027985840006294893,100,112,35.73235606917886
100B,190,0.0016899120000744006,100,112,59.174678915586945
100B,191,0.0028390449988364708,100,112,35.22311201160359
100B,192,0.0013682489989150781,100,112,73.08611230798833
100B,193,0.0014593020005122526,100,112,68.52591167893789
100B,194,0.001561590999699547,100,112,64.03725432539005
100B,195,0.0019952669990743743,100,112,50.11860570359308
100B,196,0.001550588000100106,100,112,64.49166380337266
100B,197,0.0019289320007374045,100,112,51.84215926832639
100B,198,0.0020332420008344343,100,112,49.182537031479974
100B,199,0.0023151909990701824,100,112,43.192980639680094
100B,200,0.002236733998870477,100,112,44.70804308894073
100B,201,0.002364844000112498,100,112,42.28608736781069
100B,202,0.00202271899979678,100,112,49.43840444967733
100B,203,0.0021894830006203847,100,112,45.67288258080343
100B,204,0.002342599998883088,100,112,42.68761207533437
100B,205,0.00208954600020661,100,112,47.857285740592545
100B,206,0.002098345999911544,100,112,47.65658285345482
100B,207,0.0020388440007081954,100,112,49.047401353543904
100B,208,0.002341711999179097,100,112,42.703799628244504
100B,209,0.002355163000174798,100,112,42.45990616894801
100B,210,0.0020521509995887754,100,112,48.729357644753584
100B,211,0.0026224279990856303,100,112,38.13260079394641
100B,212,0.002058038999166456,100,112,48.5899441363851
100B,213,0.0015348510005424032,100,112,65.15290406994612
100B,214,0.0020217170003888896,100,112,49.46290701456454
100B,215,0.0017312439995293971,100,112,57.761933053447656
100B,216,0.001551142000607797,100,112,64.4686301839652
100B,217,0.0016214450006373227,100,112,61.6733839018247
100B,218,0.0020245129999238998,100,112,49.394595146466806
100B,219,0.0020466290006879717,100,112,48.8608340673298
100B,220,0.001589174000400817,100,112,62.925771485550534
100B,221,0.0015425309993588598,100,112,64.82851887032686
100B,222,0.0018408270007057581,100,112,54.323410055187594
100B,223,0.0016588860016781837,100,112,60.28141770973817
100B,224,0.0016388749991165241,100,112,61.01746628260695
100B,225,0.0015854009998292895,100,112,63.075524747850956
100B,226,0.001760687999194488,100,112,56.79597977935321
100B,227,0.001667203001488815,100,112,59.980698157752734
100B,228,0.0017178769994643517,100,112,58.21138535016234
100B,229,0.0013743800009251572,100,112,72.76008086023187
100B,230,0.0014624850009568036,100,112,68.37676963153595
100B,231,0.0013162369996280177,100,112,75.97415969028454
100B,232,0.0018103200000041397,100,112,55.23885279937874
100B,233,0.0017744520009728149,100,112,56.35542688400509
100B,234,0.0019495220003591385,100,112,51.29462503197098
100B,235,0.0014923250000720145,100,112,67.00953210270842
100B,236,0.0020625470006052637,100,112,48.48374362894739
100B,237,0.0017431380001653451,100,112,57.3678044942595
100B,238,0.001804076000553323,100,112,55.43003729850033
100B,239,0.001535395998871536,100,112,65.12977764270364
100B,240,0.002235676998679992,100,112,44.72918049389195
100B,241,0.0013980639996589161,100,112,71.52748373779518
100B,242,0.001693652000540169,100,112,59.0440066602267
100B,243,0.0016419139992649434,100,112,60.904529740758825
100B,244,0.0017947849992197007,100,112,55.716980052471975
100B,245,0.0015595059994666371,100,112,64.12286969989263
100B,246,0.0021002320008847164,100,112,47.61378740914114
100B,247,0.0019173870005033677,100,112,52.15431207875468
100B,248,0.001895244000479579,100,112,52.763654692849926
100B,249,0.001588013999935356,100,112,62.97173702755186
100B,250,0.0017856509984994773,100,112,56.001984757397864
100B,251,0.001746023999658064,100,112,57.272981367715275
100B,252,0.001612638001461164,100,112,62.01019690060195
100B,253,0.0014337550001073396,100,112,69.74692328362474
100B,254,0.0016064689989434555,100,112,62.24832229303406
100B,255,0.0018017379989032634,100,112,55.501965358376765
100B,256,0.0016613320003671106,100,112,60.192664667810305
100B,257,0.0019087710006715497,100,112,52.38973138465415
100B,258,0.0017708849991322495,100,112,56.4689406985778
100B,259,0.0026793050001288066,100,112,37.32311177532701
100B,260,0.0018114950016752118,100,112,55.203022866485
100B,261,0.0017352400009258417,100,112,57.62891585408632
100B,262,0.0018974989998241654,100,112,52.70095004490999
100B,263,0.0018827179992513265,100,112,53.11469908917085
100B,264,0.0019327870013512438,100,112,51.73875855440269
100B,265,0.0018225010007881792,100,112,54.869654368778335
100B,266,0.001740739000524627,100,112,57.44686594019082
100B,267,0.0024962999996205326,100,112,40.05928775195336
100B,268,0.0019205230000807205,100,112,52.069149911663104
100B,269,0.0020383709997986443,100,112,49.05878272889394
100B,270,0.002117006999469595,100,112,47.23649946601711
100B,271,0.0020264920003683073,100,112,49.346358131108026
100B,272,0.0018601179999677697,100,112,53.76003027858055
100B,273,0.0018613130014273338,100,112,53.72551522678655
100B,274,0.0019285609996586572,100,112,51.852132246633296
100B,275,0.0021202830012043705,100,112,47.163515409592804
100B,276,0.0016613059997325763,100,112,60.193606726332895
100B,277,0.0017991450004046783,100,112,55.58195697262154
100B,278,0.0017168079994007712,100,112,58.247631671627616
100B,279,0.0022122449991002213,100,112,45.202949962898614
100B,280,0.001682882999375579,100,112,59.421837428451205
100B,281,0.001896963000035612,100,112,52.715841056532305
100B,282,0.0018194189997302601,100,112,54.96260070650334
100B,283,0.002045969999016961,100,112,48.876572016230725
100B,284,0.001906833000248298,100,112,52.44297743272668
100B,285,0.0020975459992769174,100,112,47.67475899669079
100B,286,0.001537378999273642,100,112,65.04576948640936
100B,287,0.002134256001227186,100,112,46.85473530002985
100B,288,0.0016857890004757792,100,112,59.31940472489562
100B,289,0.0014685570004075998,100,112,68.09405421256707
100B,290,0.0017746619996614754,100,112,56.34875825316339
100B,291,0.0023270670008059824,100,112,42.972548691277424
100B,292,0.002411821998975938,100,112,41.46242966622748
100B,293,0.0019159590010531247,100,112,52.19318364591
100B,294,0.0021779669987154193,100,112,45.91437797679245
100B,295,0.002401620999080478,100,112,41.63854331648813
100B,296,0.0016327759985870216,100,112,61.24538827526765
100B,297,0.0015596849989378825,100,112,64.11551054738501
100B,298,0.0017673810016276548,100,112,56.580895634787204
100B,299,0.0018284260004293174,100,112,54.69184969833061
100B,300,0.0021647160010616062,100,112,46.195436237806085
100B,301,0.0020653680003306363,100,112,48.417521712349284
100B,302,0.0018692119992920198,100,112,53.49847959347355
100B,303,0.0024468700012221234,100,112,40.86853815284572
100B,304,0.0022119920013210503,100,112,45.2081200747009
100B,305,0.0019648659999802476,100,112,50.894055880149224
100B,306,0.0025939759998436784,100,112,38.550857836011716
100B,307,0.002433392999591888,100,112,41.09488274880848
100B,308,0.002494334999937564,100,112,40.090845857714825
100B,309,0.0022130950001155725,100,112,45.18558850604144
100B,310,0.0019567399995139567,100,112,51.105410031398876
100B,311,0.0021208479993219953,100,112,47.150950955452046
100B,312,0.0018475179986126022,100,112,54.12667160758121
100B,313,0.0021650969993061153,100,112,46.18730709619415
100B,314,0.002159057999961078,100,112,46.316495435418
100B,315,0.0026372339998488314,100,112,37.91851614446503
100B,316,0.0020461759995669127,100,112,48.87165132479596
100B,317,0.002274513000884326,100,112,43.96545544524046
100B,318,0.001966488000107347,100,112,50.8520774062904
100B,319,0.002130680999471224,100,112,46.933351367387814
100B,320,0.002502175999325118,100,112,39.96521428827221
100B,321,0.0020238010001776274,100,112,49.411972813148665
100B,322,0.0020454559999052435,100,112,48.888854125746306
100B,323,0.002235207000921946,100,112,44.738585714322404
100B,324,0.002119544000379392,100,112,47.17995945453376
100B,325,0.0018879419985751156,100,112,52.96772892147793
100B,326,0.001776028000676888,100,112,56.30541858680581
100B,327,0.002183146998504526,100,112,45.8054359456788
100B,328,0.0023864289996708976,100,112,41.90361415059513
100B,329,0.0022196219997567823,100,112,45.052716188142675
100B,330,0.002364947000387474,100,112,42.28424568652741
100B,331,0.0020902300002489937,100,112,47.841625078621846
100B,332,0.00214511699959985,100,112,46.61750385580554
100B,333,0.002456574000461842,100,112,40.707098577612456
100B,334,0.0022797540004830807,100,112,43.86438184944953
100B,335,0.0022803680003562476,100,112,43.85257115710167
100B,336,0.0021316950005711988,100,112,46.91102618958363
100B,337,0.0019017149988940218,100,112,52.58411489532179
100B,338,0.001955035000719363,100,112,51.14997939331244
100B,339,0.0018106019997503608,100,112,55.23024939428303
100B,340,0.0019348830010130769,100,112,51.68271153741153
100B,341,0.0019583900011639344,100,112,51.06235220797021
100B,342,0.0018679859986150404,100,112,53.533591833205314
100B,343,0.0018800940015353262,100,112,53.18882987677094
100B,344,0.002013104000070598,100,112,49.674532461558414
100B,345,0.0018142190001526615,100,112,55.12013709016678
100B,346,0.002010992999203154,100,112,49.726677337824896
100B,347,0.0017595919998711906,100,112,56.831356364043714
100B,348,0.0020637830002669943,100,112,48.45470671435071
100B,349,0.0021495269993465627,100,112,46.521862730916666
100B,350,0.0016713189997972222,100,112,59.83298222070879
100B,351,0.0019278949985164218,100,112,51.870044829699374
100B,352,0.0018485969994799234,100,112,54.09507860725382
100B,353,0.001903672000480583,100,112,52.53005768575414
100B,354,0.0017703439989418257,100,112,56.48619706665611
100B,355,0.001677458001722698,100,112,59.614011139058654
100B,356,0.0020291179989726515,100,112,49.2824961636683
100B,357,0.0016437450012745103,100,112,60.83668690853084
100B,358,0.001774616999682621,100,112,56.350187120874175
100B,359,0.002067714998702286,100,112,48.36256450369649
100B,360,0.0017600400005903793,100,112,56.81689050615695
100B,361,0.00176744999953371,100,112,56.5786868236058
100B,362,0.001927689001604449,100,112,51.87558777207748
100B,363,0.001864893001766177,100,112,53.62237935650646
100B,364,0.043364727000152925,100,112,2.306021665941708
100B,365,0.02656705899971712,100,112,3.76405984573094
100B,366,0.024527043000489357,100,112,4.077132330954238
100B,367,0.002445049000016297,100,112,40.898975848473164
100B,368,0.001956794001671369,100,112,51.10399966199117
100B,369,0.003539205001288792,100,112,28.254932947818865
100B,370,0.00175486799889768,100,112,56.98434301771699
100B,371,0.001689765998889925,100,112,59.17979179702634
100B,372,0.0020165470014035236,100,112,49.589719421565505
100B,373,0.0016409759991802275,100,112,60.93934344558141
100B,374,0.0015460240010725101,100,112,64.6820488754559
100B,375,0.001459897999666282,100,112,68.49793617284152
100B,376,0.0019297429989819648,100,112,51.82037196287535
100B,377,0.0020915719996992266,100,112,47.810928820227204
100B,378,0.0019821690002572723,100,112,50.44978505214271
100B,379,0.0020279199998185504,100,112,49.31160992985304
100B,380,0.002095791000101599,100,112,47.71468147117353
100B,381,0.002201011000579456,100,112,45.433666607605865
100B,382,0.002044774000751204,100,112,48.90516016110448
100B,383,0.0019250679997639963,100,112,51.946216971171665
100B,384,0.0025224130004062317,100,112,39.64457841911499
100B,385,0.0020652240000345046,100,112,48.420897683897365
100B,386,0.0018962089998240117,100,112,52.73680275184911
100B,387,0.0017530700006318511,100,112,57.04278777456545
100B,388,0.0020416620009200415,100,112,48.979703768271456
100B,389,0.0019387550000828924,100,112,51.57949302295775
100B,390,0.0019270960001449566,100,112,51.8915508062276
100B,391,0.001960117000635364,100,112,51.01736272252391
100B,392,0.0021875139991607284,100,112,45.71399316226842
100B,393,0.0016816909992485307,100,112,59.463956246828545
100B,394,0.0016500589990755543,100,112,60.60389359169885
100B,395,0.0014337279990286333,100,112,69.7482368118298
100B,396,0.0014341090009111213,100,112,69.72970669347154
100B,397,0.0017702929999359185,100,112,56.487824333949135
100B,398,0.0014831999997113599,100,112,67.4217907358823
100B,399,0.001637966999624041,100,112,61.051291035138554
100B,400,0.0015751740011182847,100,112,63.48504986052693
100B,401,0.0014288940001279116,100,112,69.98419756192426
100B,402,0.0016532650006411131,100,112,60.48637088501928
100B,403,0.0019569050000427524,100,112,51.10110097210407
100B,404,0.0018019890012510587,100,112,55.49423438798653
100B,405,0.0016955739993136376,100,112,58.97707799275033
100B,406,0.001707094999801484,100,112,58.579048038702524
100B,407,0.00213189600071928,100,112,46.90660330816373
100B,408,0.0020004549987788778,100,112,49.98862761773808
100B,409,0.0020867250004812377,100,112,47.92198300060532
100B,410,0.0018425350008328678,100,112,54.27305313320926
100B,411,0.0016922499999054708,100,112,59.09292362569715
100B,412,0.0020644899996113963,100,112,48.438113053985845
100B,413,0.002080608001051587,100,112,48.06287390486709
100B,414,0.002358312000069418,100,112,42.40321043062006
100B,415,0.001811795000321581,100,112,55.19388230028822
100B,416,0.0016300750012305798,100,112,61.34687049645432
100B,417,0.002209876000051736,100,112,45.25140777023637
100B,418,0.0015560299998469418,100,112,64.26611312753383
100B,419,0.0019318939994263928,100,112,51.76267436499697
100B,420,0.0015213910010061227,100,112,65.72932266187209
100B,421,0.0015567410009680316,100,112,64.23676124533033
100B,422,0.0017582529999344843,100,112,56.87463635991304
100B,423,0.0030107379989203764,100,112,33.21444776525194
100B,424,0.0017599089987925254,100,112,56.821119767334594
100B,425,0.0020309339997766074,100,112,49.238429220742525
100B,426,0.0020713060002890415,100,112,48.278718830556876
100B,427,0.0016986619993986096,100,112,58.86986347808085
100B,428,0.001651309999942896,100,112,60.55798124123157
100B,429,0.0014379759995790664,100,112,69.54218987609852
100B,430,0.001956415000677225,100,112,51.113899640610185
100B,431,0.0020973440005036537,100,112,47.67935063393803
100B,432,0.001807281998480903,100,112,55.33170810313732
100B,433,0.0019440439991740277,100,112,51.43916497902688
100B,434,0.0021668819990736665,100,112,46.14925964715643
100B,435,0.004001536999567179,100,112,24.990397442486817
100B,436,0.002528244000131963,100,112,39.55314439380869
100B,437,0.0017139999999926658,100,112,58.34305717644568
100B,438,0.0015837959999771556,100,112,63.13944472737801
100B,439,0.0015709269991930341,100,112,63.65668172446509
100B,440,0.0016966540006251307,100,112,58.93953626558808
100B,441,0.0016828490006446373,100,112,59.42303793251426
100B,442,0.001841749999584863,100,112,54.29618570519362
100B,443,0.0016148660015460337,100,112,61.924642604564355
100B,444,0.001575984999362845,100,112,63.45238060034138
100B,445,0.0017120690008596284,100,112,58.40886082850053
100B,446,0.0018495570002414752,100,112,54.06700090180738
100B,447,0.0016752659994381247,100,112,59.692013109285014
100B,448,0.0015031439997983398,100,112,66.5272256107305
100B,449,0.0015780660014570458,100,112,63.368705686371094
100B,450,0.002015860000028624,100,112,49.60661950660266
100B,451,0.002220023001427762,100,112,45.044578338011384
100B,452,0.0020166280010016635,100,112,49.587727607833365
100B,453,0.002514568999686162,100,112,39.768246571273565
100B,454,0.002000286000111373,100,112,49.99285101952027
100B,455,0.001957541000592755,100,112,51.084498342420105
100B,456,0.001943227000083425,100,112,51.46079176324067
100B,457,0.0020783979998668656,100,112,48.11398009736615
100B,458,0.0020821279995288933,100,112,48.02778696728838
100B,459,0.0016151670006365748,100,112,61.91310245973801
100B,460,0.0018388979988230858,100,112,54.3803952497643
100B,461,0.0018164390003221342,100,112,55.05277082371917
100B,462,0.001904757000374957,100,112,52.5001351775133
100B,463,0.0022241440001380397,100,112,44.961117622687006
100B,464,0.0020256669995433185,100,112,49.366455603287584
100B,465,0.002349794998735888,100,112,42.556903923021665
100B,466,0.0022926040001038928,100,112,43.618522865470155
100B,467,0.0018939009987661848,100,112,52.801070417697
100B,468,0.0017528230000607437,100,112,57.05082600840731
100B,469,0.001723141000184114,100,112,58.03355615664371
100B,470,0.0021978980003041215,100,112,45.498016735154714
100B,471,0.002101671001582872,100,112,47.58118655331166
100B,472,0.0017579840005055303,100,112,56.88333908115418
100B,473,0.0022274469993135426,100,112,44.894446436129854
100B,474,0.0022982629998296034,100,112,43.51112122825549
100B,475,0.0017655989995546406,100,112,56.63800218805304
100B,476,0.0015999850002117455,100,112,62.50058593472175
100B,477,0.001349968000795343,100,112,74.07582990195642
100B,478,0.002336343999559176,100,112,42.801916164258394
100B,479,0.001504948999354383,100,112,66.44743445983856
100B,480,0.0015229729997372488,100,112,65.6610458735989
100B,481,0.0017488329995103413,100,112,57.18098870961331
100B,482,0.001356982998913736,100,112,73.69289083212533
100B,483,0.0016178780006157467,100,112,61.80935766599279
100B,484,0.0014925680006854236,100,112,66.99862247755382
100B,485,0.0020389090004755417,100,112,49.04583773806318
100B,486,0.0022882220000610687,100,112,43.702053383514
100B,487,0.002115589999448275,100,112,47.268137978568156
100B,488,0.0018880600000557024,100,112,52.96441850208667
100B,489,0.0016168460006156238,100,112,61.848809325021925
100B,490,0.0021218199999566423,100,112,47.12935121831419
100B,491,0.0015859020004427293,100,112,63.05559862594501
100B,492,0.0016653689999657217,100,112,60.046752402655684
100B,493,0.001996947999941767,100,112,50.0764166132098
100B,494,0.0021984440008964157,100,112,45.48671695036353
100B,495,0.0020904390003124718,100,112,47.836841919353944
100B,496,0.002299629000845016,100,112,43.48527521754781
100B,497,0.002034322000326938,100,112,49.15642655583968
100B,498,0.0020443279991013696,100,112,48.91582957527229
100B,499,0.0025029700009326916,100,112,39.95253637188485
100B,500,0.0016407269995397655,100,112,60.94859170846255
100B,501,0.0018100309989677044,100,112,55.24767258518331
100B,502,0.001964736000445555,100,112,50.897423357297065
100B,503,0.0013877609999326523,100,112,72.05851728421031
100B,504,0.0015984940000635106,100,112,62.55888354665507
100B,505,0.0026162060003116494,100,112,38.223289751681534
100B,506,0.001600860001417459,100,112,62.46642424163038
100B,507,0.001848421001341194,100,112,54.1002292916176
100B,508,0.0018060120000882307,100,112,55.37061768975766
100B,509,0.0016090270000859164,100,112,62.149361070174926
100B,510,0.0013837890001013875,100,112,72.26535258820036
100B,511,0.0015225320003082743,100,112,65.68006451079683
100B,512,0.0018023600005108165,100,112,55.48281140929585
100B,513,0.0018244530001538806,100,112,54.81094881126872
100B,514,0.001617961999727413,100,112,61.80614873331238
100B,515,0.0018473669988452457,100,112,54.1310958041949
100B,516,0.0017839789998106426,100,112,56.05447149916806
100B,517,0.001996802000576281,100,112,50.08007803034042
100B,518,0.0016455690001748735,100,112,60.76925366810694
100B,519,0.0019092739985353546,100,112,52.37592932010396
100B,520,0.0017726519999996526,100,112,56.41265177825066
100B,521,0.001418331999957445,100,112,70.50535417871158
100B,522,0.0019389139997656457,100,112,51.57526327216518
100B,523,0.0013211660007073078,100,112,75.6907155849177
100B,524,0.0026822720010386547,100,112,37.2818267354232
100B,525,0.001434522000636207,100,112,69.7096314700299
100B,526,0.0013260360010463046,100,112,75.41273383308997
100B,527,0.0016452680010843324,100,112,60.78037130369878
100B,528,0.0015528479998465627,100,112,64.39780326849828
100B,529,0.001747131000229274,100,112,57.236692604548324
100B,530,0.0018615230001159944,100,112,53.71945444336108
100B,531,0.002036014000623254,100,112,49.115575811064424
100B,532,0.001359711000986863,100,112,73.54504003234594
100B,533,0.0018033559990726644,100,112,55.45216809738219
100B,534,0.0016727199999877485,100,112,59.78286862160579
100B,535,0.0022480280003946973,100,112,44.483431693218456
100B,536,0.001360798998575774,100,112,73.4862386764401
100B,537,0.0015916240008664317,100,112,62.82890930619483
100B,538,0.0015997959999367595,100,112,62.50796976861614
100B,539,0.002001967000978766,100,112,49.950873291672536
100B,540,0.0014602130013372516,100,112,68.48315958591027
100B,541,0.001796868000383256,100,112,55.65239070353019
100B,542,0.0015186420005193213,100,112,65.84830392271752
100B,543,0.0018998439991264604,100,112,52.6359006560431
100B,544,0.0015294519998860778,100,112,65.38289531639343
100B,545,0.001381561000016518,100,112,72.38189265534015
100B,546,0.0016461609993712045,100,112,60.74739957889762
100B,547,0.0019007199989573564,100,112,52.61164193298076
100B,548,0.0019514420000632526,100,112,51.24415688335019
100B,549,0.001841117000367376,100,112,54.31485341781431
100B,550,0.0017899190006573917,100,112,55.868449892577566
100B,551,0.0017480079986853525,100,112,57.20797620789397
100B,552,0.0018078740013152128,100,112,55.31358929175975
100B,553,0.0017274660003749887,100,112,57.88825943798174
100B,554,0.0023132900005293777,100,112,43.22847545146342
100B,555,0.0014589090005756589,100,112,68.54437114346531
100B,556,0.0015022089992271503,100,112,66.5686332936679
100B,557,0.0013863169988326263,100,112,72.13357412785592
100B,558,0.001793208000890445,100,112,55.765979155983835
100B,559,0.0016821330009406665,100,112,59.44833134126668
100B,560,0.0015320849997806363,100,112,65.27053003868453
100B,561,0.0016478189991175896,100,112,60.68627686265919
100B,562,0.0023300169996218756,100,112,42.91814180593034
100B,563,0.001402834001055453,100,112,71.28427164209222
100B,564,0.0015929480014165165,100,112,62.77668819765352
100B,565,0.0016180919992621057,100,112,61.80118315003272
100B,566,0.001986519000638509,100,112,50.3393121172553
100B,567,0.0013905460000387393,100,112,71.91419773039806
100B,568,0.0016605269993306138,100,112,60.221845257747496
100B,569,0.0019387990014365641,100,112,51.57832241810751
100B,570,0.001667282000198611,100,112,59.97785616835528
100B,571,0.0014950490003684536,100,112,66.88743979318075
100B,572,0.001689003998762928,100,112,59.206490969377626
100B,573,0.0025831900002231123,100,112,38.711825297931206
100B,574,0.003073969999604742,100,112,32.53122184434403
100B,575,0.001677079000728554,100,112,59.62748323517148
100B,576,0.0013176560005376814,100,112,75.89234212813822
100B,577,0.0018374339997535571,100,112,54.42372352607622
100B,578,0.0015930550016491907,100,112,62.772471695249834
100B,579,0.001581458998771268,100,112,63.232749048629216
100B,580,0.0015360289999080123,100,112,65.10293751354217
100B,581,0.002302659999259049,100,112,43.428035416508756
100B,582,0.0013322779996087775,100,112,75.05940954467832
100B,583,0.0023823039991839323,100,112,41.97617098164441
100B,584,0.0017487730001448654,100,112,57.18295055545583
100B,585,0.0022843120004836237,100,112,43.776857092563745
100B,586,0.0019213859995943494,100,112,52.04576280930141
100B,587,0.0016657749984005932,100,112,60.032117240333044
100B,588,0.0015447250007127877,100,112,64.73644173160703
100B,589,0.0019964880011684727,100,112,50.08795441869603
100B,590,0.001744572999086813,100,112,57.320616593484154
100B,591,0.0016824360009195516,100,112,59.43762493512028
100B,592,0.002469398001267109,100,112,40.49569974086297
100B,593,0.0038684899991494603,100,112,25.849879415995993
100B,594,0.0015222000001813285,100,112,65.694389691294
100B,595,0.0017780119997041766,100,112,56.242590048119965
100B,596,0.0016180700004042592,100,112,61.802023382805416
100B,597,0.0019196049997844966,100,112,52.094050604799655
100B,598,0.001593452998349676,100,112,62.75679301715774
100B,599,0.0014412450000236277,100,112,69.38445579922956
100B,600,0.0018625470002007205,100,112,53.6899203022653
100B,601,0.002515157000743784,100,112,39.758949429569576
100B,602,0.0018687029987631831,100,112,53.51305160112969
100B,603,0.0017009479997796007,100,112,58.79074493338858
100B,604,0.0014006710007379297,100,112,71.39435309741972
100B,605,0.002206987999670673,100,112,45.310622447843855
100B,606,0.0017547000006743474,100,112,56.98979880410844
100B,607,0.0013000810013181763,100,112,76.91828424429566
100B,608,0.0013563650009018602,100,112,73.72646738415473
100B,609,0.001522336999187246,100,112,65.68847768489407
100B,610,0.0013902240007155342,100,112,71.93085427134837
100B,611,0.0014798850006627617,100,112,67.57281812790542
100B,612,0.001936327998919296,100,112,51.644142963285155
100B,613,0.0016190460009966046,100,112,61.764767609101256
100B,614,0.0013157949997548712,100,112,75.99968081549916
100B,615,0.001319807999607292,100,112,75.76859666690528
100B,616,0.0016721210013201926,100,112,59.80428445133266
100B,617,0.0017367909986205632,100,112,57.577451794386576
100B,618,0.0013098389990773285,100,112,76.34526080719967
100B,619,0.0017229669992957497,100,112,58.03941691330959
100B,620,0.0020257090000086464,100,112,49.36543205345544
100B,621,0.0018433099994581426,100,112,54.25023464821213
100B,622,0.0017415310012438567,100,112,57.42074067505937
100B,623,0.0017511099995317636,100,112,57.106635235216174
100B,624,0.001687758000116446,100,112,59.25020055784097
100B,625,0.0020641179999074666,100,112,48.44684267298815
100B,626,0.0016190499991353136,100,112,61.76461508502333
100B,627,0.0015838930012250785,100,112,63.1355779226589
100B,628,0.0022680889996991027,100,112,44.08998060184876
100B,629,0.0015916989996185293,100,112,62.82594889106939
100B,630,0.0017858920000435319,100,112,55.99442743321682
100B,631,0.0015211799982353114,100,112,65.73843997160617
100B,632,0.001983869000468985,100,112,50.40655404986926
100B,633,0.0017254710000997875,100,112,57.95519020268483
100B,634,0.0016762939994805492,100,112,59.65540652832262
100B,635,0.0017720239993650466,100,112,56.43264427334624
100B,636,0.0015588790010951925,100,112,64.14866062712044
100B,637,0.001840009999796166,100,112,54.34753072596229
100B,638,0.0021378419987740926,100,112,46.77614157516936
100B,639,0.0018213719995401334,100,112,54.90366604145027
100B,640,0.0016009619994292734,100,112,62.46244447753849
100B,641,0.0016304639993904857,100,112,61.332234282623155
100B,642,0.0017019570004777052,100,112,58.75589099603104
100B,643,0.0017405589987902204,100,112,57.45280686808389
100B,644,0.0017898919995786855,100,112,55.86929268555787
100B,645,0.0021607360013149446,100,112,46.28052660720406
100B,646,0.0018682980007724836,100,112,53.524651826771255
100B,647,0.0014532929999404587,100,112,68.80924906684129
100B,648,0.001290785001401673,100,112,77.47223580333615
100B,649,0.0015422460000991123,100,112,64.84049885269503
100B,650,0.001781712000592961,100,112,56.125793600042876
100B,651,0.0020942299997841474,100,112,47.75024711245041
100B,652,0.0019884839985024882,100,112,50.28956736655121
100B,653,0.0018811499994626502,100,112,53.15897192066819
100B,654,0.002021393998802523,100,112,49.470810766847116
100B,655,0.002174093999201432,100,112,45.99617129559765
100B,656,0.0019310770003357902,100,112,51.78457409135485
100B,657,0.0014477630011242582,100,112,69.07207873273812
100B,658,0.0017771030015865108,100,112,56.27135844727339
100B,659,0.0018146239999623504,100,112,55.107835012693975
100B,660,0.0016319070000463398,100,112,61.27800174713411
100B,661,0.001394005999827641,100,112,71.73570272463985
100B,662,0.0018788229990605032,100,112,53.22481151763872
100B,663,0.0013154230000509415,100,112,76.02117341427615
100B,664,0.0015644420000171522,100,112,63.92055442062002
100B,665,0.001816681999116554,100,112,55.045406982966554
100B,666,0.0017470839993620757,100,112,57.238232412702345
100B,667,0.0017139970004791394,100,112,58.34315927743484
100B,668,0.002191421999668819,100,112,45.63247061274032
100B,669,0.0021538040000450565,100,112,46.429480118853924
100B,670,0.0018714210000325693,100,112,53.43533069162933
100B,671,0.0018858339990401873,100,112,53.026936650254434
100B,672,0.0016620520000287797,100,112,60.16658925128
100B,673,0.0019971139990957454,100,112,50.072254285573116
100B,674,0.002004083000429091,100,112,49.89813295087537
100B,675,0.0019783780007855967,100,112,50.54645773471544
100B,676,0.001823824000894092,100,112,54.82985197638427
100B,677,0.0018219499997940147,100,112,54.886248256706146
100B,678,0.002051711000603973,100,112,48.73980788257336
100B,679,0.0014235069993446814,100,112,70.24903990358706
100B,680,0.0019428030009294162,100,112,51.47202261483077
100B,681,0.0014216200015653158,100,112,70.34228548409006
100B,682,0.0018277990002388833,100,112,54.710610951713264
100B,683,0.0014264630008256063,100,112,70.10346566445966
100B,684,0.001747625001371489,100,112,57.22051350920404
100B,685,0.001486110999394441,100,112,67.28972468459483
100B,686,0.002188731999922311,100,112,45.68855392233928
100B,687,0.001506009000877384,100,112,66.40066556158769
100B,688,0.0018937940003525,100,112,52.80405365176285
100B,689,0.0016190639998967526,100,112,61.764080979119406
100B,690,0.0021584429996437393,100,112,46.32969229046375
100B,691,0.0014749860001757042,100,112,67.7972536607722
100B,692,0.001957796999704442,100,112,51.07781859666577
100B,693,0.0015379440010292456,100,112,65.02187331468281
100B,694,0.0018155119996663416,100,112,55.080880775438665
100B,695,0.001624651000383892,100,112,61.551680931086615
100B,696,0.0015964300000632647,100,112,62.63976497311947
100B,697,0.002318976999958977,100,112,43.122463052358434
100B,698,0.0017697660005069338,100,112,56.5046452307005
100B,699,0.0018558579995442415,100,112,53.883432905188776
100B,700,0.001494613999966532,100,112,66.90690706914243
100B,701,0.0016547939994779881,100,112,60.43048260481089
100B,702,0.00210725199940498,100,112,47.45516911514939
100B,703,0.0015344500006904127,100,112,65.16993056470126
100B,704,0.001394789000187302,100,112,71.69543205930883
100B,705,0.0018968000003951602,100,112,52.72037114042968
100B,706,0.001993231999222189,100,112,50.16977453654296
100B,707,0.0015083050002431264,100,112,66.29958793737396
100B,708,0.0018910289982159156,100,112,52.88126205063203
100B,709,0.0020357230005174642,100,112,49.122596725871254
100B,710,0.002245087998744566,100,112,44.54168391435843
100B,711,0.0017577309990883805,100,112,56.891526662420716
100B,712,0.0015080799985298654,100,112,66.30947966784511
100B,713,0.0017845629990915768,100,112,56.03612764071905
100B,714,0.002281078999658348,100,112,43.83890256101505
100B,715,0.0016586829988227692,100,112,60.28879543045526
100B,716,0.001801561000320362,100,112,55.50741827904664
100B,717,0.002257517000543885,100,112,44.296454899745086
100B,718,0.002236574000562541,100,112,44.71124137848696
100B,719,0.0018095769992214628,100,112,55.26153352027748
100B,720,0.0019546229996194597,100,112,51.160760934189724
100B,721,0.002073449000818073,100,112,48.228820656088146
100B,722,0.001932438999574515,100,112,51.7480758885626
100B,723,0.0018534200007707113,100,112,53.95431146659516
100B,724,0.002143248999345815,100,112,46.65813446338856
100B,725,0.0017436230009479914,100,112,57.35184724314312
100B,726,0.0017866050002339762,100,112,55.9720811186042
100B,727,0.0016715490000933642,100,112,59.82474937582716
100B,728,0.0021822679991601035,100,112,45.82388599314444
100B,729,0.0018651949994819006,100,112,53.613697242260045
100B,730,0.002362807999816141,100,112,42.32252472811222
100B,731,0.0018387789987173164,100,112,54.38391458122883
100B,732,0.0022219200000108685,100,112,45.006120832213064
100B,733,0.003964400000768364,100,112,25.224498027600237
100B,734,0.0022914099990885006,100,112,43.64125147388681
100B,735,0.0015277639995474601,100,112,65.45513576024901
100B,736,0.0017541850011184579,100,112,57.00653006167571
100B,737,0.0015469790014321916,100,112,64.64211854680646
100B,738,0.001667935999648762,100,112,59.95433878821384
100B,739,0.0016271300009975675,100,112,61.45790437069662
100B,740,0.0016918490000534803,100,112,59.10692975368307
100B,741,0.0017617039993638173,100,112,56.76322471658791
100B,742,0.0019464669985609362,100,112,51.37513252160561
100B,743,0.001368176999676507,100,112,73.08995840716814
100B,744,0.00163342899941199,100,112,61.22090402215125
100B,745,0.0020592040000337875,100,112,48.56245422909007
100B,746,0.0020707319999928586,100,112,48.29210153720756
100B,747,0.0017834070004028035,100,112,56.07245007864936
100B,748,0.001748046999637154,100,112,57.20669983173063
100B,749,0.0019819000008283183,100,112,50.4566325032574
100B,750,0.0013087990009807982,100,112,76.40592629201369
100B,751,0.0016970649994618725,100,112,58.92526216244475
100B,752,0.0016424579989688937,100,112,60.88435750733245
100B,753,0.0018006509999395348,100,112,55.53547022902159
100B,754,0.0017560619999130722,100,112,56.94559759561459
100B,755,0.0014371849993040087,100,112,69.58046462245807
100B,756,0.0014385409995156806,100,112,69.5148765545559
100B,757,0.0016169020000234013,100,112,61.84666726774579
100B,758,0.0015050550009618746,100,112,66.44275454125624
100B,759,0.0015380250006273855,100,112,65.01844895837738
100B,760,0.0018590609997772845,100,112,53.790596441956446
100B,761,0.00166883199926815,100,112,59.92214917011061
100B,762,0.0027370200004952494,100,112,36.5360866862155
100B,763,0.001264057000298635,100,112,79.11035655542027
100B,764,0.002356692999455845,100,112,42.432340581946725
100B,765,0.0014006849996803794,100,112,71.39363955694455
100B,766,0.0019700110005942406,100,112,50.76113786665946
100B,767,0.0015437469992320985,100,112,64.77745385075579
100B,768,0.0014882989999023266,100,112,67.19079970258849
100B,769,0.0013296500001160894,100,112,75.20776143441445
100B,770,0.0015526100014540134,100,112,64.40767475821383
100B,771,0.0019256870000390336,100,112,51.929519178336356
100B,772,0.0015981030010152608,100,112,62.57418948370091
100B,773,0.0016115819998958614,100,112,62.05082956155001
100B,774,0.0014596809996874072,100,112,68.50811925442281
100B,775,0.0016690729989932152,100,112,59.91349692932544
100B,776,0.001710180998998112,100,112,58.47334291433699
100B,777,0.001457948999814107,100,112,68.58950485425095
100B,778,0.0015582300002279226,100,112,64.17537846490761
100B,779,0.0017827080009737983,100,112,56.09443607443021
100B,780,0.0016666100000293227,100,112,60.00204006830667
100B,781,0.0017909759990288876,100,112,55.8354774459415
100B,782,0.0013818319985148264,100,112,72.3676974534376
100B,783,0.0014688170012959745,100,112,68.08200062483446
100B,784,0.0014444810003624298,100,112,69.22901718673305
100B,785,0.0015687869999965187,100,112,63.74351648772071
100B,786,0.0018274800004292047,100,112,54.72016108330261
100B,787,0.0015986910002538934,100,112,62.55117466985094
100B,788,0.0017347819994029123,100,112,57.64413052154023
100B,789,0.000942454000323778,100,112,106.10597436654226
100B,790,0.0013272870000946568,100,112,75.34165556723482
100B,791,0.002077081000606995,100,112,48.14448736990832
100B,792,0.002212009998402209,100,112,45.20775225800631
100B,793,0.0014240410000638803,100,112,70.22269723660635
100B,794,0.002221998000095482,100,112,45.004540956248775
100B,795,0.0019206519991712412,100,112,52.06565272790171
100B,796,0.0017210879996127915,100,112,58.10278150942769
100B,797,0.0017176170003949665,100,112,58.2201969222504
100B,798,0.0016488470009790035,100,112,60.648440965489804
100B,799,0.0023643360000278335,100,112,42.295172936005194
100B,800,0.0014665730013803113,100,112,68.18617273458726
100B,801,0.0017100360000767978,100,112,58.47830103898924
100B,802,0.0017671470013738144,100,112,56.58838790562305
100B,803,0.002328214999579359,100,112,42.95135974043081
100B,804,0.00169866699980048,100,112,58.869690181622225
100B,805,0.001751841999066528,100,112,57.08277347688043
100B,806,0.0017422299988538725,100,112,57.39770298168731
100B,807,0.0017679360007605283,100,112,56.56313348276303
100B,808,0.001461612000639434,100,112,68.41761011557887
100B,809,0.0016239020005741622,100,112,61.580070696780375
100B,810,0.001580538000780507,100,112,63.269595511539514
100B,811,0.0015526580009463942,100,112,64.40568363351545
100B,812,0.0015324670002883067,100,112,65.25425994894948
100B,813,0.0017101579996960936,100,112,58.47412930136903
100B,814,0.001781787001164048,100,112,56.12343110297114
100B,815,0.001969994000319275,100,112,50.76157591535461
100B,816,0.0014100920016062446,100,112,70.91735850291285
100B,817,0.0013921350000600796,100,112,71.83211398009846
100B,818,0.002387640999586438,100,112,41.88234329085527
100B,819,0.0018456779998814454,100,112,54.180631727973875
100B,820,0.0015128320010262541,100,112,66.10119294949034
100B,821,0.0016638119996059686,100,112,60.102944337270344
100B,822,0.0024058630006038584,100,112,41.56512651589078
100B,823,0.0017314919987256872,100,112,57.753659891929175
100B,824,0.00167691000024206,100,112,59.63349254615042
100B,825,0.0017726830010360572,100,112,56.41166522246464
100B,826,0.0020038019993080525,100,112,49.90513036444306
100B,827,0.0013288709997141268,100,112,75.25184914225119
100B,828,0.0014121760013949824,100,112,70.81270316250773
100B,829,0.0016964179994829465,100,112,58.947735776488535
100B,830,0.0021935629993095063,100,112,45.587931612394165
100B,831,0.00213788400105841,100,112,46.77522258012719
100B,832,0.0018033489996014396,100,112,55.45238332796431
100B,833,0.0016344079995178618,100,112,61.184233085924234
100B,834,0.002289455000209273,100,112,43.67851737241364
100B,835,0.0017017790014506318,100,112,58.76203661859614
100B,836,0.0025157460004265886,100,112,39.74964085525457
100B,837,0.0014781369991396787,100,112,67.65272776353146
100B,838,0.002621457999339327,100,112,38.14671073318836
100B,839,0.001734793000650825,100,112,57.64376496935599
100B,840,0.0016239409997069743,100,112,61.578591844188985
100B,841,0.001914690001285635,100,112,52.227775740644255
100B,842,0.00176801800080284,100,112,56.56051010486938
100B,843,0.001661734000663273,100,112,60.17810308995632
100B,844,0.002567421999629005,100,112,38.94957666267957
100B,845,0.002065711998511688,100,112,48.40945885585618
100B,846,0.002325194000150077,100,112,43.00716413062549
100B,847,0.0014835450001555728,100,112,67.40611170508036
100B,848,0.0018191350009146845,100,112,54.97118133053276
100B,849,0.0021521380003832746,100,112,46.465421818763936
100B,850,0.0016995480000332464,100,112,58.83917370856476
100B,851,0.0015269309988070745,100,112,65.49084410371242
100B,852,0.0014115720005065668,100,112,70.84300337787465
100B,853,0.001503326000602101,100,112,66.51917146377349
100B,854,0.001302017000853084,100,112,76.80391264820645
100B,855,0.001560291000714642,100,112,64.09060870965618
100B,856,0.0012710010014416184,100,112,78.67814414510778
100B,857,0.001625323999178363,100,112,61.52619419300533
100B,858,0.0016319129990733927,100,112,61.27777648488641
100B,859,0.0018914060001407051,100,112,52.87072156510068
100B,860,0.001638798001295072,100,112,61.02033314720562
100B,861,0.0020586509999702685,100,112,48.57549919896293
100B,862,0.0017412689994671382,100,112,57.42938054407557
100B,863,0.0016568660012126202,100,112,60.35491097458239
100B,864,0.001867983999545686,100,112,53.53364912350485
100B,865,0.0017327610003121663,100,112,57.71136353021822
100B,866,0.001999370000703493,100,112,50.01575494521487
100B,867,0.0015162179988692515,100,112,65.9535766456914
100B,868,0.002018924000367406,100,112,49.531334503825754
100B,869,0.0012346920011623297,100,112,80.99185862211853
100B,870,0.0017710829997668043,100,112,56.462627676493334
100B,871,0.0018030520004685968,100,112,55.46151745707329
100B,872,0.0018716609993134625,100,112,53.428478787921875
100B,873,0.0019169660008628853,100,112,52.16576608817628
100B,874,0.001568107998537016,100,112,63.77111786515732
100B,875,0.0015564739987894427,100,112,64.24778061038965
100B,876,0.0015683689998695627,100,112,63.76050534556393
100B,877,0.0013822010005242191,100,112,72.3483776687136
100B,878,0.002176485999370925,100,112,45.945620614560916
100B,879,0.0017218970006069867,100,112,58.075483007839
100B,880,0.001780188000338967,100,112,56.17384230258766
100B,881,0.0019345790005900199,100,112,51.6908329768396
100B,882,0.001760377999744378,100,112,56.805981450870696
100B,883,0.0015388249994430225,100,112,64.98464740057835
100B,884,0.002487186999132973,100,112,40.206064133842666
100B,885,0.0014840309995634016,100,112,67.38403714573333
100B,886,0.0015512450008827727,100,112,64.4643495663758
100B,887,0.0018604819997563027,100,112,53.749512230217015
100B,888,0.0017045519998646341,100,112,58.6664413921907
100B,889,0.0014081949993851595,100,112,71.01289242161889
100B,890,0.0012127540012443205,100,112,82.45695326290172
100B,891,0.0019897790007235017,100,112,50.25683755011943
100B,892,0.0015517109986831201,100,112,64.44499013338587
100B,893,0.002116174000548199,100,112,47.25509337799954
100B,894,0.0015633120001439238,100,112,63.96675774944072
100B,895,0.002175499001168646,100,112,45.96646559997567
100B,896,0.0012399590013956185,100,112,80.64782778095598
100B,897,0.001470133000111673,100,112,68.02105659311361
100B,898,0.0017562529992574127,100,112,56.93940454039508
100B,899,0.0013167630004318198,100,112,75.94381066843917
100B,900,0.0017176259989355458,100,112,58.21989191009708
100B,901,0.0013107579998177243,100,112,76.29173349611914
100B,902,0.0018705090005823877,100,112,53.46138402374154
100B,903,0.001339536000159569,100,112,74.65271555828865
100B,904,0.0015311070001189364,100,112,65.31222180568177
100B,905,0.0012396519996400457,100,112,80.66780034157709
100B,906,0.0013950480006315047,100,112,71.68212129957708
100B,907,0.0016998600003717002,100,112,58.828374088532875
100B,908,0.0012560670002130792,100,112,79.6135874782444
100B,909,0.0016981249991658842,100,112,58.88847997003743
100B,910,0.001276337001399952,100,112,78.34921332713449
100B,911,0.0013516549988707993,100,112,73.98337599723456
100B,912,0.0013598719997389708,100,112,73.5363328454407
100B,913,0.0013951220007584197,100,112,71.6783191331208
100B,914,0.001445518000764423,100,112,69.17935297043532
100B,915,0.001755421999405371,100,112,56.96635910560187
100B,916,0.001826669000365655,100,112,54.744455607437594
100B,917,0.0015383659992949106,100,112,65.00403678047594
100B,918,0.0017168459999084007,100,112,58.24634242403531
100B,919,0.0015820389999134932,100,112,63.20956689782493
100B,920,0.0014257839993661037,100,112,70.13685105489996
100B,921,0.0017328579997410998,100,112,57.708133046643546
100B,922,0.001611174000572646,100,112,62.06654275978749
100B,923,0.001986055000088527,100,112,50.3510728532405
100B,924,0.0016021299998101313,100,112,62.416907499298446
100B,925,0.001753111000653007,100,112,57.04145371442626
100B,926,0.001468016000217176,100,112,68.1191485550608
100B,927,0.0024589639997429913,100,112,40.66753316049032
100B,928,0.0016402869987359736,100,112,60.96494093842193
100B,929,0.0016202369988604914,100,112,61.71936579051691
100B,930,0.0015395270002045436,100,112,64.9550153954519
100B,931,0.0024462109995511128,100,112,40.879548010515165
100B,932,0.003633562000686652,100,112,27.52120370619863
100B,933,0.0020950870002707234,100,112,47.730714756512825
100B,934,0.0018056659991998458,100,112,55.381227782055774
100B,935,0.0020020870015287073,100,112,49.94787934972072
100B,936,0.0023025030004646396,100,112,43.43099660665816
100B,937,0.001283089999560616,100,112,77.93685558631445
100B,938,0.0016369610002584523,100,112,61.08881029188323
100B,939,0.0014853020002192352,100,112,67.3263753669218
100B,940,0.0011758950004150392,100,112,85.04160657601605
100B,941,0.0013547139988077106,100,112,73.81631849084782
100B,942,0.00156162600069365,100,112,64.0358190473145
100B,943,0.0017873850010801107,100,112,55.947655339823456
100B,944,0.0011186619994987268,100,112,89.39250644502992
100B,945,0.0015495810002903454,100,112,64.53357390240522
100B,946,0.001317483000093489,100,112,75.90230765247367
100B,947,0.0012154289997852175,100,112,82.27547641011637
100B,948,0.0012357730010990053,100,112,80.92101050198328
100B,949,0.0015921840004011756,100,112,62.80681125724379
100B,950,0.0020751660013047513,100,112,48.1889159407611
100B,951,0.001522123000540887,100,112,65.69771297356716
100B,952,0.0020130739994783653,100,112,49.67527275495702
100B,953,0.0014418600003409665,100,112,69.35486106581244
100B,954,0.0021274119990266627,100,112,47.005469577943614
100B,955,0.0015133799988689134,100,112,66.07725757888903
100B,956,0.0019111129986413289,100,112,52.32552971545544
100B,957,0.0014495390005322406,100,112,68.98745046755008
100B,958,0.0023034420009935275,100,112,43.413291915692994
100B,959,0.0020943930012435885,100,112,47.74653082808382
100B,960,0.0018142099997930927,100,112,55.12041054310406
100B,961,0.0016061520000221208,100,112,62.26060796152714
100B,962,0.0020800739985133987,100,112,48.07521274313734
100B,963,0.001717730001473683,100,112,58.2163668994589
100B,964,0.0016696629991201917,100,112,59.89232560863705
100B,965,0.0018572160006442573,100,112,53.84403320093656
100B,966,0.002125906999935978,100,112,47.03874628711957
100B,967,0.0019501690003380645,100,112,51.277607213869594
100B,968,0.0016934600007516565,100,112,59.050700905609915
100B,969,0.0016897770001378376,100,112,59.17940650857649
100B,970,0.002161710001018946,100,112,46.2596740325316
100B,971,0.0014801760007685516,100,112,67.5595334258068
100B,972,0.0021846609997737687,100,112,45.77369212447856
100B,973,0.0020978709999326384,100,112,47.667373257560136
100B,974,0.002435303000311251,100,112,41.062652157542296
100B,975,0.001973256999917794,100,112,50.6776360120177
100B,976,0.0015671210003347369,100,112,63.81128194864341
100B,977,0.001524484001492965,100,112,65.59596552149286
100B,978,0.001945690000866307,100,112,51.39564882148523
100B,979,0.001368285000353353,100,112,73.08418931302724
100B,980,0.001311229998464114,100,112,76.26427104103264
100B,981,0.0014933900001778966,100,112,66.96174474724468
100B,982,0.001019956000163802,100,112,98.04344499560794
100B,983,0.0013052149988652673,100,112,76.61573004212974
100B,984,0.0014725539986102376,100,112,67.9092244456758
100B,985,0.0015945270006341161,100,112,62.71452283983382
100B,986,0.0017917839995789109,100,112,55.810298575889234
100B,987,0.0017890439994516782,100,112,55.89577452016209
100B,988,0.0015179910005826969,100,112,65.8765433797789
100B,989,0.0017300349991273833,100,112,57.802298826578216
100B,990,0.0017936399999598507,100,112,55.75254789268662
100B,991,0.0017724890003592009,100,112,56.41783953510271
100B,992,0.001835879000282148,100,112,54.46982071510783
100B,993,0.0017301019997830736,100,112,57.80006035051018
100B,994,0.0014977089995227288,100,112,66.7686446645288
100B,995,0.001837194000472664,100,112,54.43083309344169
100B,996,0.00225083000077575,100,112,44.4280554131298
100B,997,0.0018171390001953114,100,112,55.03156334724625
100B,998,0.0019167329992342275,100,112,52.17210745573429
100B,999,0.0014673599998786813,100,112,68.14960201195878
100B,1000,0.0020648589998017997,100,112,48.42945693124748
100B,1001,0.0014716789992235135,100,112,67.94960045822626
100B,1002,0.002090292999127996,100,112,47.84018319045073
100B,1003,0.002181181000196375,100,112,45.846722482451874
100B,1004,0.0023375459986709757,100,112,42.77990681546183
100B,1005,0.0017238330001418944,100,112,58.01025968975456
100B,1006,0.0017315400000370573,100,112,57.75205885966241
100B,1007,0.0014020220005477313,100,112,71.32555691774648
100B,1008,0.0020164119996479712,100,112,49.59303952637565
100B,1009,0.0014820860014879145,100,112,67.47246779175212
100B,1010,0.0016726869998819893,100,112,59.78404806580977
100B,1011,0.001750843999616336,100,112,57.11531125669282
100B,1012,0.001589903000422055,100,112,62.8969188519388
100B,1013,0.0020720319989777636,100,112,48.26180293032876
100B,1014,0.0024234450011135777,100,112,41.26357311762792
100B,1015,0.0022130599991214694,100,112,45.18630314573376
100B,1016,0.002392346999840811,100,112,41.799956280027146
100B,1017,0.002030977000686107,100,112,49.23738671891305
100B,1018,0.0016318059988407185,100,112,61.28179457058183
100B,1019,0.001373434999550227,100,112,72.81014393309331
100B,1020,0.0014697400001750793,100,112,68.03924502843206
100B,1021,0.0014119360002950998,100,112,70.82473991675234
100B,1022,0.0015773499999340856,100,112,63.39747044357866
100B,1023,0.001846780000050785,100,112,54.148301366297055
100B,1024,0.0015971639986673836,100,112,62.61097801067168
100B,1025,0.0015725449993624352,100,112,63.591185015718786
100B,1026,0.0017575809997651959,100,112,56.89638202356507
100B,1027,0.0018427270006213803,100,112,54.26739824525245
100B,1028,0.001825082999857841,100,112,54.792028640773694
100B,1029,0.001682497999354382,100,112,59.43543471574563
100B,1030,0.0019109360000584275,100,112,52.33037631660216
100B,1031,0.0017583730004844256,100,112,56.87075493791724
100B,1032,0.0019322939988342114,100,112,51.751959101633524
100B,1033,0.0014604029984184308,100,112,68.47424999010326
100B,1034,0.0015772570004628506,100,112,63.401208535232186
100B,1035,0.002091985999868484,100,112,47.80146712563403
100B,1036,0.0019772899995587068,100,112,50.57427085673729
100B,1037,0.0021420190005301265,100,112,46.684926686108334
100B,1038,0.001703908001218224,100,112,58.68861460155368
100B,1039,0.00175471999864385,100,112,56.989149310024295
100B,1040,0.002143019999493845,100,112,46.663120280547446
100B,1041,0.0019105120009044185,100,112,52.34198997580802
100B,1042,0.001886382999146008,100,112,53.011504050487844
100B,1043,0.0020016919988847803,100,112,49.95773578338418
100B,1044,0.0022502330011775484,100,112,44.439842428615144
100B,1045,0.0015717209989816183,100,112,63.62452373213443
100B,1046,0.0020087769989913795,100,112,49.781533764181226
100B,1047,0.0022577290001208894,100,112,44.29229548570512
100B,1048,0.001731270998789114,100,112,57.761032253149295
100B,1049,0.0026965260003635194,100,112,37.08475274724552
100B,1050,0.0014804439997533336,100,112,67.5473033878091
100B,1051,0.0019573819990910124,100,112,51.08864802396208
100B,1052,0.0016735970002628164,100,112,59.7515411322417
100B,1053,0.0020794760002900148,100,112,48.089037808589026
100B,1054,0.0016945330007729353,100,112,59.01330924472201
100B,1055,0.0017936090007424355,100,112,55.75351147245951
100B,1056,0.0015975559999787947,100,112,62.59561480244032
100B,1057,0.001612837999346084,100,112,62.00250740653707
100B,1058,0.001657998000155203,100,112,60.31370362970229
100B,1059,0.0027663919991027797,100,112,36.14816701047171
100B,1060,0.0016335010004695505,100,112,61.21820554211779
100B,1061,0.001285184998778277,100,112,77.80980955664907
100B,1062,0.0014872319989081006,100,112,67.23900512725535
100B,1063,0.0019238519998907577,100,112,51.979050366493006
100B,1064,0.001407143001415534,100,112,71.06598256140542
100B,1065,0.0018309890001546592,100,112,54.61529260500923
100B,1066,0.0017854180005087983,100,112,56.009293045943615
100B,1067,0.0015380379991256632,100,112,65.01789946467353
100B,1068,0.0012932479985465761,100,112,77.3246895509489
100B,1069,0.00156660699940403,100,112,63.83221831514994
100B,1070,0.0019681089997902745,100,112,50.81019395300575
100B,1071,0.0017170909995911643,100,112,58.23803166157751
100B,1072,0.0013617020013043657,100,112,73.43750681442096
100B,1073,0.0016544770005566534,100,112,60.442061126479686
100B,1074,0.001809205999961705,100,112,55.27286555655723
100B,1075,0.001467563999540289,100,112,68.14012883344425
100B,1076,0.0013375849994190503,100,112,74.76160396792184
100B,1077,0.0016875969995453488,100,112,59.255853160998
100B,1078,0.001489577000029385,100,112,67.13315256480685
100B,1079,0.0013619440014736028,100,112,73.42445790120703
100B,1080,0.0017336950004391838,100,112,57.6802724669955
100B,1081,0.001989955999306403,100,112,50.2523674065431
100B,1082,0.0013640739998663776,100,112,73.30980578018189
100B,1083,0.001648719999138848,100,112,60.65311274942474
100B,1084,0.001616285000636708,100,112,61.870276566698756
100B,1085,0.0020351490002212813,100,112,49.13645142892585
100B,1086,0.0014350429992191494,100,112,69.6843230860769
100B,1087,0.0014236819988582283,100,112,70.24040486583276
100B,1088,0.0017661490001046332,100,112,56.62036441663508
100B,1089,0.001361919999908423,100,112,73.42575188463647
100B,1090,0.001475818000471918,100,112,67.75903259617603
100B,1091,0.001627726000151597,100,112,61.435401284175946
100B,1092,0.0018758360001811525,100,112,53.30956437041556
100B,1093,0.0016903859996091342,100,112,59.15808580000241
100B,1094,0.0017037540001183515,100,112,58.69391942325798
100B,1095,0.0015308660003938712,100,112,65.32250371637448
100B,1096,0.0018931180002255132,100,112,52.82290907808585
100B,1097,0.002295678001246415,100,112,43.560115985650434
100B,1098,0.0017244900009245612,100,112,57.98815878687983
100B,1099,0.0017613449999771547,100,112,56.774794263075684
100B,1100,0.002876615000786842,100,112,34.763080903300214
100B,1101,0.0015715000008640345,100,112,63.63347117086764
100B,1102,0.0015323930001613917,100,112,65.25741111416458
100B,1103,0.0014295370001491392,100,112,69.95271894995884
100B,1104,0.00208771400139085,100,112,47.89928119147511
100B,1105,0.001337060999503592,100,112,74.790903359777
100B,1106,0.0018688459986151429,100,112,53.50895690394086
100B,1107,0.00192637699910847,100,112,51.91091881094933
100B,1108,0.0018466700003045844,100,112,54.1515267933666
100B,1109,0.0014129099999991013,100,112,70.77591637122224
100B,1110,0.0017054519994417205,100,112,58.63548199112903
100B,1111,0.001881725000203005,100,112,53.142728076212926
100B,1112,0.001277862998904311,100,112,78.25565032068684
100B,1113,0.0013763269998889882,100,112,72.65715197628602
100B,1114,0.0012512760004028678,100,112,79.91841925187045
100B,1115,0.0021011820008425275,100,112,47.59225995649221
100B,1116,0.0012344619990471983,100,112,81.00694883859005
100B,1117,0.0018356970012973761,100,112,54.47522109004109
100B,1118,0.0017872290009108838,100,112,55.9525387899557
100B,1119,0.0017955439998331713,100,112,55.69342773515506
100B,1120,0.0015969640007824637,100,112,62.61881917876862
100B,1121,0.0020614630011550616,100,112,48.50923831471573
100B,1122,0.002615116000015405,100,112,38.23922151040754
100B,1123,0.0019185080000170274,100,112,52.12383789857142
100B,1124,0.0016359530000045197,100,112,61.126450454092335
100B,1125,0.001715025000521564,100,112,58.308187909557326
100B,1126,0.0024978130004456034,100,112,40.03502263066141
100B,1127,0.001261293000425212,100,112,79.28371914082422
100B,1128,0.0016347319997294107,100,112,61.17210650831605
100B,1129,0.0016420360007032286,100,112,60.90000460231894
100B,1130,0.0015795419985806802,100,112,63.30949103591827
100B,1131,0.001451280999390292,100,112,68.9046435817817
100B,1132,0.0018543770001997473,100,112,53.92646694239
100B,1133,0.002855941000234452,100,112,35.014728942856564
100B,1134,0.0018177629990532296,100,112,55.01267219768714
100B,1135,0.001151467999079614,100,112,86.84566143386662
100B,1136,0.0012802500004909234,100,112,78.1097441606359
100B,1137,0.001500809999924968,100,112,66.6306860995059
100B,1138,0.0022283260004769545,100,112,44.8767370566945
100B,1139,0.001565993999975035,100,112,63.85720507332352
100B,1140,0.0020782510000572074,100,112,48.11738331762974
100B,1141,0.0020755300010932842,100,112,48.180464723383935
100B,1142,0.0020986289982829476,100,112,47.650156402974424
100B,1143,0.0020217769997543655,100,112,49.461439126149635
100B,1144,0.0017197939996549394,100,112,58.14649895281881
100B,1145,0.0021236029988358496,100,112,47.08978093119081
100B,1146,0.001855153999713366,100,112,53.90388076431967
100B,1147,0.0014698399991175393,100,112,68.03461605347375
100B,1148,0.002014911000514985,100,112,49.629983644161605
100B,1149,0.003632089999882737,100,112,27.53235740392681
100B,1150,0.002034060000369209,100,112,49.16275821846389
100B,1151,0.0013574739987234352,100,112,73.66623603401592
100B,1152,0.001932918999955291,100,112,51.735225326210276
100B,1153,0.002315382998858695,100,112,43.18939892419193
100B,1154,0.0048685139990993775,100,112,20.540148394047737
100B,1155,0.001425065998773789,100,112,70.1721885765613
100B,1156,0.00177118600004178,100,112,56.459344189509814
100B,1157,0.0018433309996908065,100,112,54.24961659993437
100B,1158,0.002647646999321296,100,112,37.76938543001928
100B,1159,0.002046653000434162,100,112,48.86026110864261
100B,1160,0.0015726540004834533,100,112,63.586777491589864
100B,1161,0.0013768720000371104,100,112,72.62839247025484
100B,1162,0.0013197140015108744,100,112,75.77399336940809
100B,1163,0.001182706000690814,100,112,84.55186660217365
100B,1164,0.0014862899988656864,100,112,67.28162073102723
100B,1165,0.0014704730001540156,100,112,68.00532889044962
100B,1166,0.0013166240005375585,100,112,75.9518282814011
100B,1167,0.0016395100010413444,100,112,60.99383348469019
100B,1168,0.0017022199990606168,100,112,58.74681301781543
100B,1169,0.001158196999313077,100,112,86.34109746382498
100B,1170,0.0014996370009612292,100,112,66.68280386246975
100B,1171,0.0018819249999069143,100,112,53.137080385746664
100B,1172,0.002417118001176277,100,112,41.37158382475971
100B,1173,0.0014558959992427845,100,112,68.68622487595974
100B,1174,0.001552630999867688,100,112,64.40680368260185
100B,1175,0.0017745830009516794,100,112,56.351266718080616
100B,1176,0.002078341000014916,100,112,48.11529965452364
100B,1177,0.001505940999777522,100,112,66.40366389836878
100B,1178,0.001537549000204308,100,112,65.03857762368035
100B,1179,0.001282056999116321,100,112,77.99965217531408
100B,1180,0.0022167279985296773,100,112,45.11153378598029
100B,1181,0.0016024800006562145,100,112,62.4032748983139
100B,1182,0.0015209510002023308,100,112,65.74833770890521
100B,1183,0.00174970100124483,100,112,57.15262203591053
100B,1184,0.0025738829990586964,100,112,38.85180485537662
100B,1185,0.0018456149991834536,100,112,54.18248120233229
100B,1186,0.0020633819985960145,100,112,48.46412349630021
100B,1187,0.0012268520003999583,100,112,81.50942409304433
100B,1188,0.0016114430000016,100,112,62.05618194369934
100B,1189,0.0012541169999167323,100,112,79.7373769804887
100B,1190,0.0014087700001255143,100,112,70.98390794174387
100B,1191,0.0015727400004834635,100,112,63.58330046241578
100B,1192,0.0012750899986713193,100,112,78.425836689334
100B,1193,0.001228641000125208,100,112,81.39073984166997
100B,1194,0.0013040699996054173,100,112,76.68300016890028
100B,1195,0.0016134350007632747,100,112,61.97956530798734
100B,1196,0.001560614000482019,100,112,64.07734389741057
100B,1197,0.0014465660005953396,100,112,69.12923430997591
100B,1198,0.0017519789998914348,100,112,57.078309732135324
100B,1199,0.0016367629996238975,100,112,61.09620025805717
100B,1200,0.0015963040004862705,100,112,62.64470925935018
100B,1201,0.0019207669993193122,100,112,52.06253545351328
100B,1202,0.0022267469994403655,100,112,44.908559447989546
100B,1203,0.0015942019999783952,100,112,62.72730808351464
100B,1204,0.0016213369999604765,100,112,61.677492095990964
100B,1205,0.0017041869996319292,100,112,58.67900648320755
100B,1206,0.002168446000723634,100,112,46.11597428141117
100B,1207,0.0016422629996668547,100,112,60.89158680448
100B,1208,0.001503674999185023,100,112,66.50373255803217
100B,1209,0.002007867000429542,100,112,49.80409557934219
100B,1210,0.0024566299998696195,100,112,40.706170650568986
100B,1211,0.001695611999821267,100,112,58.975756252338925
100B,1212,0.0015714789988123812,100,112,63.63432160122618
100B,1213,0.0024439009994239314,100,112,40.91818777584349
100B,1214,0.002184187000239035,100,112,45.783625664403324
100B,1215,0.001974145998246968,100,112,50.65481483578191
100B,1216,0.002140018999853055,100,112,46.728557086113035
100B,1217,0.00245281800016528,100,112,40.76943335920628
100B,1218,0.002079068999591982,100,112,48.09845176837567
100B,1219,0.001961662001122022,100,112,50.97718156481722
100B,1220,0.0021943440005998127,100,112,45.57170615576478
100B,1221,0.002037147000010009,100,112,49.088259217183975
100B,1222,0.002533544000471011,100,112,39.47040192765905
100B,1223,0.0024748799987719394,100,112,40.40599950285308
100B,1224,0.0015569100014545256,100,112,64.22978843130055
100B,1225,0.0012608200013346504,100,112,79.31346258319526
100B,1226,0.0021157489991310285,100,112,47.26458575240805
100B,1227,0.00171389699971769,100,112,58.34656342619878
100B,1228,0.0013122479995217873,100,112,76.20510759890071
100B,1229,0.0015319270005420549,100,112,65.27726188298537
100B,1230,0.0017132419998233672,100,112,58.368870253186564
100B,1231,0.0012782610010617645,100,112,78.23128446924126
100B,1232,0.001476383000408532,100,112,67.73310175769355
100B,1233,0.0010950220002996502,100,112,91.32236610098721
100B,1234,0.0013775469997199252,100,112,72.59280447079584
100B,1235,0.0011425500015320722,100,112,87.52352182916077
100B,1236,0.0017272099994443124,100,112,57.89683943016342
100B,1237,0.0017350639991491335,100,112,57.634761627835914
100B,1238,0.0013654499998665415,100,112,73.23592955419382
100B,1239,0.0014645700011897134,100,112,68.27942667046781
100B,1240,0.0011748509987228317,100,112,85.11717665364284
100B,1241,0.0015839959996810649,100,112,63.131472566935045
100B,1242,0.0010315159997844603,100,112,96.94469113508218
100B,1243,0.0014780519995838404,100,112,67.65661832476526
100B,1244,0.0016851589989528293,100,112,59.34158145441514
100B,1245,0.0012319049983489094,100,112,81.17509072049178
100B,1246,0.0014226900002540788,100,112,70.28938137060143
100B,1247,0.0013182019993109861,100,112,75.86090754851625
100B,1248,0.0012105989990232047,100,112,82.60373590320738
100B,1249,0.0013390530002652667,100,112,74.67964298664054
100B,1250,0.0013841950003552483,100,112,72.244156332262
100B,1251,0.0018466759993316373,100,112,54.1513508791974
100B,1252,0.0013452139992295997,100,112,74.33761472692801
100B,1253,0.0016124809990287758,100,112,62.01623464724959
100B,1254,0.0013075079987174831,100,112,76.48136768424257
100B,1255,0.0010309650006092852,100,112,96.99650321873338
100B,1256,0.0012727909997920506,100,112,78.56749459757184
100B,1257,0.0015184889998636208,100,112,65.85493869825942
100B,1258,0.0012549659986689221,100,112,79.68343373929243
100B,1259,0.0015446910001628567,100,112,64.73786666035926
100B,1260,0.0017350289999740198,100,112,57.63592424189878
100B,1261,0.0017208990011567948,100,112,58.109162671824215
100B,1262,0.0019727740000234917,100,112,50.690043562419824
100B,1263,0.0017460280014347518,100,112,57.272850101961524
100B,1264,0.0018095049999828916,100,112,55.263732347214
100B,1265,0.0021839510009158403,100,112,45.78857307607404
100B,1266,0.001743982000334654,100,112,57.340041342634805
100B,1267,0.0017692769997665891,100,112,56.52026223886505
100B,1268,0.0014879099999234313,100,112,67.20836610087039
100B,1269,0.0020841959994868375,100,112,47.98013239859476
100B,1270,0.0021021309985371772,100,112,47.570774642297565
100B,1271,0.0025526090012135683,100,112,39.175604235688944
100B,1272,0.0014896870015945751,100,112,67.12819531415596
100B,1273,0.001873527000498143,100,112,53.375264927279666
100B,1274,0.0017431090000172844,100,112,57.3687589238587
100B,1275,0.001454059000025154,100,112,68.77300026908817
100B,1276,0.0017845999991550343,100,112,56.03496584520207
100B,1277,0.00213694400008535,100,112,46.79579810982692
100B,1278,0.001094362000003457,100,112,91.37744183340074
100B,1279,0.0013229249998403247,100,112,75.59007503227308
100B,1280,0.0016349180004908703,100,112,61.16514710216405
100B,1281,0.0014943520000088029,100,112,66.91863764321319
100B,1282,0.0017896680001285858,100,112,55.876285429931755
100B,1283,0.0016387750001740642,100,112,61.021189601609976
100B,1284,0.0019009940006071702,100,112,52.60405870195297
100B,1285,0.0018830690005415818,100,112,53.10479858743329
100B,1286,0.002354656999159488,100,112,42.469030536377794
100B,1287,0.0018154239987779874,100,112,55.083550766825155
100B,1288,0.0019102500009466894,100,112,52.3491689309994
100B,1289,0.001686994999545277,100,112,59.276998465884375
100B,1290,0.0016793370014056563,100,112,59.54730939430081
100B,1291,0.001536024999950314,100,112,65.10310704788967
100B,1292,0.0017420139993191697,100,112,57.404819960736795
100B,1293,0.0015159500017034588,100,112,65.9652362463346
100B,1294,0.0015491619997192174,100,112,64.55102824502848
100B,1295,0.0017915930002345704,100,112,55.816248437511845
100B,1296,0.0021565979986917228,100,112,46.36932801600666
100B,1297,0.0026810849994944874,100,112,37.29833258507462
100B,1298,0.0021174159992369823,100,112,47.227375270629544
100B,1299,0.001830672999858507,100,112,54.62471998425116
100B,1300,0.001725009000438149,100,112,57.97071202214028
100B,1301,0.0017216910000570351,100,112,58.08243174686239
100B,1302,0.0017505520008853637,100,112,57.1248383078159
100B,1303,0.0016635800002404721,100,112,60.111326167388945
100B,1304,0.0017401549994247034,100,112,57.46614527617372
100B,1305,0.0013919610009907046,100,112,71.84109319788894
100B,1306,0.0016453999996883795,100,112,60.77549533179707
100B,1307,0.0018342800012760563,100,112,54.51730375429752
100B,1308,0.002228789000582765,100,112,44.867414534912385
100B,1309,0.000950728001043899,100,112,105.1825547266937
100B,1310,0.0013841950003552483,100,112,72.244156332262
100B,1311,0.0015898660003585974,100,112,62.898382616802174
100B,1312,0.0018127479997929186,100,112,55.16486572398569
100B,1313,0.0016500780002388638,100,112,60.60319571894426
100B,1314,0.0017569870014995104,100,112,56.91561742611325
100B,1315,0.001560427001095377,100,112,64.0850228365715
100B,1316,0.0023996400013857055,100,112,41.672917580242704
100B,1317,0.002164711000659736,100,112,46.19554294754503
100B,1318,0.001491294999141246,100,112,67.05581394531896
100B,1319,0.0018914989996119402,100,112,52.868122066422444
100B,1320,0.002165908999813837,100,112,46.16999144866896
100B,1321,0.002210497001215117,100,112,45.238695164494544
100B,1322,0.0019228020009904867,100,112,52.007434956114736
100B,1323,0.0016434609988209559,100,112,60.847199946783974
100B,1324,0.0019482139996398473,100,112,51.32906344913152
100B,1325,0.0018201410002802731,100,112,54.940798534070474
100B,1326,0.0018244660004711477,100,112,54.81055825330597
100B,1327,0.0018352520000917139,100,112,54.488429924066374
100B,1328,0.0024096779998217244,100,112,41.499320659191106
100B,1329,0.0015052790004119743,100,112,66.43286724429913
100B,1330,0.002007363998927758,100,112,49.816575396099275
100B,1331,0.0019342409996170318,100,112,51.69986574568495
100B,1332,0.002014031999351573,100,112,49.651644081223864
100B,1333,0.002212786999734817,100,112,45.19187794034587
100B,1334,0.0013871739993192023,100,112,72.08900977748866
100B,1335,0.0016252429995802231,100,112,61.529260563391794
100B,1336,0.0019448859984549927,100,112,51.41689542700163
100B,1337,0.0015507320003962377,100,112,64.48567513564456
100B,1338,0.001469412000005832,100,112,68.0544326571466
100B,1339,0.0013837559999956284,100,112,72.26707598761337
100B,1340,0.002182234000429162,100,112,45.82459991931838
100B,1341,0.0017151829997601453,100,112,58.3028166755292
100B,1342,0.0015689390002080472,100,112,63.73734095891531
100B,1343,0.0020620189989131177,100,112,48.496158402376324
100B,1344,0.0015291119998437352,100,112,65.39743328822173
100B,1345,0.001639926998905139,100,112,60.978324075866055
100B,1346,0.0013089660005789483,100,112,76.39617832378424
100B,1347,0.0016701399999874411,100,112,59.87522004188389
100B,1348,0.001321505998930661,100,112,75.67124181117468
100B,1349,0.0011633400008577155,100,112,85.95939271947265
100B,1350,0.001654128000154742,100,112,60.45481364842691
100B,1351,0.001639887999772327,100,112,60.97977423694999
100B,1352,0.0020022509997943416,100,112,49.943788271436176
100B,1353,0.0023240079990500817,100,112,43.02911179345086
100B,1354,0.0019634660002338933,100,112,50.93034459883071
100B,1355,0.0018291760006832192,100,112,54.66942490096568
100B,1356,0.0015607010009262012,100,112,64.07377194008
100B,1357,0.0019900900006177835,100,112,50.24898369870559
100B,1358,0.0022956470002100104,100,112,43.56070423320824
100B,1359,0.0017529790002299706,100,112,57.0457489718252
100B,1360,0.0015737639987492003,100,112,63.54192882762487
100B,1361,0.0014921700003469596,100,112,67.01649274328527
100B,1362,0.0017259639989788411,100,112,57.93863606608513
100B,1363,0.0018301809996046359,100,112,54.639404529717254
100B,1364,0.0018369009994785301,100,112,54.43951526423501
100B,1365,0.002295461999892723,100,112,43.56421496181311
100B,1366,0.0022337440004776,100,112,44.76788744754048
100B,1367,0.002484917000401765,100,112,40.24279281112079
100B,1368,0.0019381840011192253,100,112,51.594688606579105
100B,1369,0.0024343940003745956,100,112,41.077984904913656
100B,1370,0.0023548729986941908,100,112,42.465135086032824
100B,1371,0.0019355939984961879,100,112,51.66372704073919
100B,1372,0.002191954999943846,100,112,45.62137452756185
100B,1373,0.0015345650008384837,100,112,65.16504673660626
100B,1374,0.001940545000252314,100,112,51.531914996559095
100B,1375,0.0018774319996737177,100,112,53.26424606450683
100B,1376,0.001993092999327928,100,112,50.173273416604275
100B,1377,0.002031628999247914,100,112,49.22158525843983
100B,1378,0.0019652840001072036,100,112,50.883231123107464
100B,1379,0.0018815660005202517,100,112,53.14721884448915
100B,1380,0.0024187470007746015,100,112,41.34372051643892
100B,1381,0.0019097889999102335,100,112,52.36180541656714
100B,1382,0.0020783179988939082,100,112,48.1158321552431
100B,1383,0.0015604249983880436,100,112,64.0851050856673
100B,1384,0.0017301749994658167,100,112,57.797621645714756
100B,1385,0.0018608629998198012,100,112,53.73850735367602
100B,1386,0.0019210490008845227,100,112,52.054892901719974
100B,1387,0.0017868620016088244,100,112,55.96403074773749
100B,1388,0.0021895780009799637,100,112,45.67090094769137
100B,1389,0.0023637750000489177,100,112,42.30521094348258
100B,1390,0.002239825000287965,100,112,44.6463451328311
100B,1391,0.0020618360013031634,100,112,48.50046266375986
100B,1392,0.002101381000102265,100,112,47.58775300392145
100B,1393,0.002154658001018106,100,112,46.41107774540025
100B,1394,0.0017849369996838504,100,112,56.024386304789516
100B,1395,0.0021941359991615172,100,112,45.57602629837654
100B,1396,0.0017145490000984864,100,112,58.32437567795137
100B,1397,0.0020735289999720408,100,112,48.226959932245165
100B,1398,0.0020739080009661848,100,112,48.21814658770416
100B,1399,0.002338507998501882,100,112,42.76230830258566
100B,1400,0.00209936999999627,100,112,47.63333762041835
100B,1401,0.0017447879999963334,100,112,57.31355327994584
100B,1402,0.0018250670000270475,100,112,54.79250898652926
100B,1403,0.0021431440000014845,100,112,46.66042039169124
100B,1404,0.001850725000622333,100,112,54.032878988706344
100B,1405,0.0018004220000875648,100,112,55.54253391434698
100B,1406,0.0018956050007545855,100,112,52.753606347415676
100B,1407,0.001337592999334447,100,112,74.7611568315306
100B,1408,0.0017339130008622305,100,112,57.6730204746562
100B,1409,0.0017463999993196921,100,112,57.260650503295274
100B,1410,0.002104209999743034,100,112,47.52377377363095
100B,1411,0.0018842409990611486,100,112,53.07176738529015
100B,1412,0.001987228000871255,100,112,50.32135213279869
100B,1413,0.0022224940003070515,100,112,44.994497166779475
100B,1414,0.0024603980000392767,100,112,40.643830794206316
100B,1415,0.0016205739993893076,100,112,61.70653116592251
100B,1416,0.001998617000936065,100,112,50.034598901722724
100B,1417,0.0017527199997857679,100,112,57.05417865501782
100B,1418,0.0020698740008811,100,112,48.312119461103514
100B,1419,0.002146188000551774,100,112,46.59424056713135
100B,1420,0.0023629740007891087,100,112,42.319551534043654
100B,1421,0.0018539989996497752,100,112,53.93746168088022
100B,1422,0.0021630070004903246,100,112,46.231935438642296
100B,1423,0.0019359790003363742,100,112,51.653452843561375
100B,1424,0.001992471999983536,100,112,50.1889110616492
100B,1425,0.0019149510007991921,100,112,52.22065732139656
100B,1426,0.0026654059984139167,100,112,37.51773653226047
100B,1427,0.00232480900012888,100,112,43.01428633253584
100B,1428,0.001884246999907191,100,112,53.0715983652491
100B,1429,0.0017884469998534769,100,112,55.914433029434335
100B,1430,0.0018532869999035029,100,112,53.958183489770775
100B,1431,0.0021879880005144514,100,112,45.70408977402411
100B,1432,0.002041104000454652,100,112,48.99309392256602
100B,1433,0.002772726998955477,100,112,36.06557733151202
100B,1434,0.0016842499990161741,100,112,59.37360846573448
100B,1435,0.002183863000027486,100,112,45.79041817125955
100B,1436,0.0014925699997547781,100,112,66.99853274314069
100B,1437,0.002106265999827883,100,112,47.47738415194076
100B,1438,0.001937778999490547,100,112,51.60547205140037
100B,1439,0.0020760070001415443,100,112,48.16939441590606
100B,1440,0.0012500350003392668,100,112,79.99776004100637
100B,1441,0.0015796919997228542,100,112,63.30347942354857
100B,1442,0.0017952059988601832,100,112,55.70391368093258
100B,1443,0.0018256830007885583,100,112,54.77402153430113
100B,1444,0.0017890210001496598,100,112,55.896493105242776
100B,1445,0.0014024810006958432,100,112,71.30221368445265
100B,1446,0.0018223790011688834,100,112,54.87332763155165
100B,1447,0.002129702999809524,100,112,46.9549040448099
100B,1448,0.0017270000007556519,100,112,57.903879534594566
100B,1449,0.0017785180007194867,100,112,56.22658863140307
100B,1450,0.0020509040004981216,100,112,48.758986269329085
100B,1451,0.0022797279998485465,100,112,43.86488212920291
100B,1452,0.0015308060010283953,100,112,65.32506400733993
100B,1453,0.0015230170010909205,100,112,65.65914886594902
100B,1454,0.0021828819990332704,100,112,45.81099667516927
100B,1455,0.0020961899990652455,100,112,47.7055992274522
100B,1456,0.0016285839992633555,100,112,61.40303481136509
100B,1457,0.0022441910004999954,100,112,44.55948712819919
100B,1458,0.001820642000893713,100,112,54.92568003534589
100B,1459,0.0015043059993331553,100,112,66.47583672758671
100B,1460,0.001514113000666839,100,112,66.04526871901795
100B,1461,0.001808805998734897,100,112,55.28508865513567
100B,1462,0.002094148998367018,100,112,47.75209408594055
100B,1463,0.0017892489995574579,100,112,55.8893703585881
100B,1464,0.0013665650003531482,100,112,73.17617528193534
100B,1465,0.0016530670000065584,100,112,60.49361580601588
100B,1466,0.001521802998468047,100,112,65.71152777374402
100B,1467,0.0013370800006669015,100,112,74.78984051075668
100B,1468,0.0016272089997073635,100,112,61.454920675822194
100B,1469,0.001690940000116825,100,112,59.138703912079144
100B,1470,0.002083115999994334,100,112,48.00500788255287
100B,1471,0.0016574479996052105,100,112,60.33371787459945
100B,1472,0.0018057590004900703,100,112,55.37837550462753
100B,1473,0.0019188839996786555,100,112,52.11362438622992
100B,1474,0.0014658230011264095,100,112,68.22106074413837
100B,1475,0.0019866489983542124,100,112,50.33601813045102
100B,1476,0.0013435849996312754,100,112,74.42774370616175
100B,1477,0.0019240390010963893,100,112,51.973998418439685
100B,1478,0.0027415029999247054,100,112,36.47634162820412
100B,1479,0.0012148549994890345,100,112,82.31435030687597
100B,1480,0.0015529020001849858,100,112,64.39556391072182
100B,1481,0.0014362780002556974,100,112,69.62440417676606
100B,1482,0.002102221998939058,100,112,47.56871541182028
100B,1483,0.0014270190004026517,100,112,70.0761517343383
100B,1484,0.002042113999777939,100,112,48.968862664314564
100B,1485,0.0018388270000286866,100,112,54.382494926624396
100B,1486,0.0023350890005531255,100,112,42.82492015349841
100B,1487,0.0013787289990432328,100,112,72.5305698722482
100B,1488,0.0013246929993329104,100,112,75.48918885383863
100B,1489,0.002074578998872312,100,112,48.2025510016044
100B,1490,0.0016998230003082426,100,112,58.82965460631265
100B,1491,0.001511485001174151,100,112,66.16010077659921
100B,1492,0.0017380610006512143,100,112,57.53537992195449
100B,1493,0.0014514819995383732,100,112,68.89510171797089
100B,1494,0.0014904509989719372,100,112,67.09378575275312
100B,1495,0.00131605199931073,100,112,75.98483954461835
100B,1496,0.0016744709992053686,100,112,59.72035350116883
100B,1497,0.001894613998956629,100,112,52.78119978796228
100B,1498,0.0016886470002646092,100,112,59.21900787099383
100B,1499,0.00216390200148453,100,112,46.212813672428645
100B,1500,0.0020990149987483164,100,112,47.641393729740834
100B,1501,0.0020537370000965893,100,112,48.69172634826022
100B,1502,0.0016996810009004548,100,112,58.8345695145278
100B,1503,0.002070451999315992,100,112,48.298632391881895
100B,1504,0.001767944000675925,100,112,56.56287753558242
100B,1505,0.0021866779989068164,100,112,45.73147031707133
100B,1506,0.0021203599990258226,100,112,47.16180273441489
100B,1507,0.0019282690009276848,100,112,51.85998424073108
100B,1508,0.0020898919992760057,100,112,47.849362567368395
100B,1509,0.00218869799937238,100,112,45.689263675790585
100B,1510,0.0020062509993294952,100,112,49.844211932315936
100B,1511,0.0020077750014024787,100,112,49.8063776718744
100B,1512,0.0019416470004216535,100,112,51.502667569482874
100B,1513,0.0021039219991507707,100,112,47.530279183526815
100B,1514,0.002269635999255115,100,112,44.05992856688014
100B,1515,0.0023450140015484067,100,112,42.643668623714085
100B,1516,0.0021801330003654584,100,112,45.86876121008988
100B,1517,0.0017213489991263486,100,112,58.09397167614114
100B,1518,0.0019054830008826684,100,112,52.48013230959156
100B,1519,0.003216678000171669,100,112,31.08797336713938
100B,1520,0.0031092819990590215,100,112,32.16176597370825
100B,1521,0.001691056000709068,100,112,59.13464720155306
100B,1522,0.0017080569996323902,100,112,58.54605555992692
100B,1523,0.001742364000165253,100,112,57.39328865295403
100B,1524,0.0013992590011184802,100,112,71.4663975147319
100B,1525,0.0017463130006944994,100,112,57.263503140748846
100B,1526,0.0021341980009310646,100,112,46.856008653542936
100B,1527,0.0016804250008135568,100,112,59.50875519680214
100B,1528,0.001312984999458422,100,112,76.1623324266826
100B,1529,0.0012638589996640803,100,112,79.12275026453021
100B,1530,0.001862639001046773,100,112,53.68726840992893
100B,1531,0.0013170700003684033,100,112,75.92610868976483
100B,1532,0.0016177239995158743,100,112,61.81524167900479
100B,1533,0.001704782000160776,100,112,58.65852642189389
100B,1534,0.0026976240005751606,100,112,37.06965832846942
100B,1535,0.0040401010010100435,100,112,24.751856444925398
100B,1536,0.0019251150006311946,100,112,51.94494872629044
100B,1537,0.0016670439999870723,100,112,59.98641907518667
100B,1538,0.0016651760015520267,100,112,60.053711984075576
100B,1539,0.002396420000877697,100,112,41.728912278888785
100B,1540,0.002086966000206303,100,112,47.916449041390564
100B,1541,0.0016892450003069825,100,112,59.19804408586513
100B,1542,0.0017846060000010766,100,112,56.03477742422679
100B,1543,0.0019980449997092364,100,112,50.04892282934188
100B,1544,0.0018933789997390704,100,112,52.8156275176714
100B,1545,0.0020033780001540435,100,112,49.91569239170582
100B,1546,0.0018930370006273733,100,112,52.825169273954444
100B,1547,0.001987112000279012,100,112,50.324289715908776
100B,1548,0.0017481470003986033,100,112,57.20342738751291
100B,1549,0.0016823669993755175,100,112,59.44006274321791
100B,1550,0.0019406929986871546,100,112,51.52798514120898
100B,1551,0.0025992980008595623,100,112,38.471925868804185
100B,1552,0.002277003000926925,100,112,43.91737734174785
100B,1553,0.001779344000169658,100,112,56.20048736526783
100B,1554,0.001910856999529642,100,112,52.33253981046987
100B,1555,0.003195180999682634,100,112,31.297131527113063
100B,1556,0.0017930939993675565,100,112,55.76952465139645
100B,1557,0.0016504579998581903,100,112,60.58924250637831
100B,1558,0.0021136870000191266,100,112,47.31069453476088
100B,1559,0.002284653999595321,100,112,43.770303957497696
100B,1560,0.002099545999953989,100,112,47.62934463078755
100B,1561,0.002022832999500679,100,112,49.43561827629085
100B,1562,0.0018691139994189143,100,112,53.50128458247535
100B,1563,0.0019212330007576384,100,112,52.049907512813384
100B,1564,0.0025255569998989813,100,112,39.59522592600359
100B,1565,0.0016123169989441521,100,112,62.02254275399091
100B,1566,0.001979092001420213,100,112,50.52822199687491
100B,1567,0.0014347039996209787,100,112,69.70078847373263
100B,1568,0.0021876890004932648,100,112,45.71033633091939
100B,1569,0.0022733299992978573,100,112,43.98833430733158
100B,1570,0.0019997549989057006,100,112,50.00612577776861
100B,1571,0.0018035680004686583,100,112,55.44564994167946
100B,1572,0.0024503820004611043,100,112,40.809963500051154
100B,1573,0.0018965550007123966,100,112,52.727181633244136
100B,1574,0.0016901019989745691,100,112,59.16802658104228
100B,1575,0.001528249998955289,100,112,65.43432034572875
100B,1576,0.0020092200011276873,100,112,49.770557700935875
100B,1577,0.0017752240000845632,100,112,56.33091936298545
100B,1578,0.002282302000821801,100,112,43.81541091581765
100B,1579,0.0022836210009700153,100,112,43.790103505582984
100B,1580,0.0017688300013105618,100,112,56.53454539209986
100B,1581,0.0019088559984083986,100,112,52.387398569289594
100B,1582,0.0012649689997488167,100,112,79.05332068995911
100B,1583,0.0015368370004580356,100,112,65.06870928419619
100B,1584,0.0017021219991875114,100,112,58.75019537244326
100B,1585,0.002118033000442665,100,112,47.21361753055792
100B,1586,0.0011649139996734448,100,112,85.84324682168173
100B,1587,0.001428532999852905,100,112,70.0018830578621
100B,1588,0.0020650440001190873,100,112,48.42511829977143
100B,1589,0.001944695999554824,100,112,51.42191891323466
100B,1590,0.001483117999669048,100,112,67.42551841614397
100B,1591,0.0015815320002730004,100,112,63.22983030551278
100B,1592,0.0018965140006912407,100,112,52.728321522304626
100B,1593,0.0019510000001901062,100,112,51.255766268711405
100B,1594,0.001853109999501612,100,112,53.96333732314578
100B,1595,0.0019128580006508855,100,112,52.277795824872065
100B,1596,0.0022646750003332272,100,112,44.15644628270541
100B,1597,0.0026369019997218857,100,112,37.92329028934219
100B,1598,0.0021340280000003986,100,112,46.85974129673149
100B,1599,0.001517030999821145,100,112,65.91823107885719
100B,1600,0.001423046000127215,100,112,70.27179725115026
100B,1601,0.0016040890004660469,100,112,62.3406805800341
100B,1602,0.0017562809989613015,100,112,56.93849677764659
100B,1603,0.0017518889999337262,100,112,57.08124202148823
100B,1604,0.001243070000782609,100,112,80.44599253223248
100B,1605,0.0020906560002913466,100,112,47.83187668658275
100B,1606,0.0018976090013893554,100,112,52.69789504939315
100B,1607,0.0020614040004147682,100,112,48.51062672813254
100B,1608,0.002031419999184436,100,112,49.226649358649354
100B,1609,0.003092431999903056,100,112,32.3370085431579
100B,1610,0.0024108159996103495,100,112,41.479731350780234
100B,1611,0.001961689000381739,100,112,50.9764799519905
100B,1612,0.0017260219992749626,100,112,57.93668912795217
100B,1613,0.0021667300006811274,100,112,46.152497066346186
100B,1614,0.0022271529996942263,100,112,44.900372813959954
100B,1615,0.0022989089993643574,100,112,43.49889448762424
100B,1616,0.002457812999637099,100,112,40.68657787014927
100B,1617,0.0020605839999916498,100,112,48.52993132063786
100B,1618,0.002863251000235323,100,112,34.92533486997167
100B,1619,0.0019369919991731877,100,112,51.62643936716589
100B,1620,0.001993731999391457,100,112,50.1571926570486
100B,1621,0.0023059760005708085,100,112,43.365585754251796
100B,1622,0.0025320300010207575,100,112,39.49400281974787
100B,1623,0.002208824000263121,100,112,45.27295972340383
100B,1624,0.001904053999169264,100,112,52.519518902105645
100B,1625,0.001775766000719159,100,112,56.31372599740139
100B,1626,0.001944091000041226,100,112,51.43792137193137
100B,1627,0.0021976910011289874,100,112,45.50230216560402
100B,1628,0.0019922690007661004,100,112,50.19402498435017
100B,1629,0.0017646830001467606,100,112,56.66740144925942
100B,1630,0.002195324999775039,100,112,45.55134206108311
100B,1631,0.0024657060002937214,100,112,40.556335584245545
100B,1632,0.0021140000008017523,100,112,47.30368966985532
100B,1633,0.0021526840009755688,100,112,46.453636462519015
100B,1634,0.0017281469990848564,100,112,57.86544781951721
100B,1635,0.001873130000603851,100,112,53.3865775294627
100B,1636,0.0024063950004347134,100,112,41.555937400940024
100B,1637,0.0021217889989202376,100,112,47.13003981587672
100B,1638,0.001987084999200306,100,112,50.32497353673576
100B,1639,0.0018777280001813779,100,112,53.25584961737833
100B,1640,0.0021379680001700763,100,112,46.7733848177545
100B,1641,0.0019511690006766003,100,112,51.251326750949474
100B,1642,0.0018837429997802246,100,112,53.0857978034514
100B,1643,0.0018185650005762,100,112,54.98841117491851
100B,1644,0.002347502999327844,100,112,42.598454625460676
100B,1645,0.002292805000251974,100,112,43.61469902107254
100B,1646,0.0018621790004544891,100,112,53.700530387032444
100B,1647,0.0023066430003382266,100,112,43.35304595697594
100B,1648,0.0028788290001102723,100,112,34.7363459226545
100B,1649,0.0020760249990416924,100,112,48.168976792746086
100B,1650,0.001432560000466765,100,112,69.8051041264711
100B,1651,0.0014303419993666466,100,112,69.91334942571767
100B,1652,0.0021936960001767147,100,112,45.585167676808645
100B,1653,0.0012989780007046647,100,112,76.98359783287505
100B,1654,0.0014120800005912315,100,112,70.81751739145831
100B,1655,0.0017006429989123717,100,112,58.80128872664865
100B,1656,0.0024209780003729975,100,112,41.30562111039138
100B,1657,0.0015373260011983803,100,112,65.04801188690476
100B,1658,0.0017695589995128103,100,112,56.511255079673354
100B,1659,0.0013954519999970216,100,112,71.66136850297498
100B,1660,0.0013620829995488748,100,112,73.41696506976464
100B,1661,0.001423861000148463,100,112,70.23157456350951
100B,1662,0.0014820889991824515,100,112,67.47233132096783
100B,1663,0.0024995969997689826,100,112,40.00644904328265
100B,1664,0.0019270409993623616,100,112,51.89303187274635
100B,1665,0.002283001000250806,100,112,43.80199570171638
100B,1666,0.0018917409997811774,100,112,52.861358934213115
100B,1667,0.0023477419999835547,100,112,42.59411809334266
100B,1668,0.002121080000506481,100,112,47.14579364103266
100B,1669,0.001804017998438212,100,112,55.43181946442483
100B,1670,0.001844779000748531,100,112,54.20703507543416
100B,1671,0.002754781000476214,100,112,36.30052624245382
100B,1672,0.002229724999779137,100,112,44.84857998627875
100B,1673,0.0016405400001531234,100,112,60.95553902414222
100B,1674,0.002096113999868976,100,112,47.70732889826164
100B,1675,0.001930930000526132,100,112,51.78851640025915
100B,1676,0.0024706879994482733,100,112,40.47455608410729
100B,1677,0.0020479499999055406,100,112,48.82931712425224
100B,1678,0.002413415999399149,100,112,41.43504477673815
100B,1679,0.0015849450010136934,100,112,63.09367197981152
100B,1680,0.0013143029991624644,100,112,76.08595587450131
100B,1681,0.0019167589998687617,100,112,52.1713997465758
100B,1682,0.0019468760001473129,100,112,51.364339584253635
100B,1683,0.00278467600037402,100,112,35.910820499967905
100B,1684,0.00306327200087253,100,112,32.644832052627514
100B,1685,0.0013906040003348608,100,112,71.91119828212759
100B,1686,0.0016773010011092992,100,112,59.61959119672857
100B,1687,0.0016019670001696795,100,112,62.42325840008443
100B,1688,0.0020330909992480883,100,112,49.18618991328163
100B,1689,0.001286864999201498,100,112,77.70822896111883
100B,1690,0.001309434001086629,100,112,76.3688738164851
100B,1691,0.0012561450002976926,100,112,79.608643887689
100B,1692,0.002310191999640665,100,112,43.28644546234872
100B,1693,0.0013790279990644194,100,112,72.51484383772011
100B,1694,0.0015803330006747274,100,112,63.27780281580194
100B,1695,0.001632071998756146,100,112,61.271806682678935
100B,1696,0.002390090998233063,100,112,41.83941116632279
100B,1697,0.0016182210001716157,100,112,61.796256499819734
100B,1698,0.0014712489992234623,100,112,67.96945999812462
100B,1699,0.0016021840001485543,100,112,62.4148037870357
100B,1700,0.0021403589998953976,100,112,46.721134167159406
100B,1701,0.001637482000660384,100,112,61.06937356237855
100B,1702,0.0017568969997228123,100,112,56.91853308177834
100B,1703,0.0018041660005110316,100,112,55.427272197610925
100B,1704,0.002045643001110875,100,112,48.8843849810038
100B,1705,0.0017081690002669347,100,112,58.54221683239366
100B,1706,0.0014323460000014165,100,112,69.81553339758767
100B,1707,0.001993984000364435,100,112,50.150853758968616
100B,1708,0.0014854519995424198,100,112,67.31957682294959
100B,1709,0.0016193510000448441,100,112,61.75313443301096
100B,1710,0.0018492149993107887,100,112,54.07700026079741
100B,1711,0.0031769719989824807,100,112,31.476512865718664
100B,1712,0.001899302000310854,100,112,52.650921224551574
100B,1713,0.0017921910002769437,100,112,55.79762424013244
100B,1714,0.0015949999997246778,100,112,62.69592477571259
100B,1715,0.0019616009994933847,100,112,50.97876684699214
100B,1716,0.0020394510011101374,100,112,49.032803409136505
100B,1717,0.002252614000099129,100,112,44.392869792871466
100B,1718,0.002091104999635718,100,112,47.82160628826413
100B,1719,0.0025326809991383925,100,112,39.483851315668886
100B,1720,0.0015783340004418278,100,112,63.35794576560265
100B,1721,0.00209148300018569,100,112,47.812963333252824
100B,1722,0.0017427959992346587,100,112,57.379062175902725
100B,1723,0.0019689119999384275,100,112,50.78947154729477
100B,1724,0.002362106999498792,100,112,42.3350847447718
100B,1725,0.002224326000941801,100,112,44.95743877365955
100B,1726,0.0017072610007744515,100,112,58.573352261099956
100B,1727,0.002245083000161685,100,112,44.54178308454443
100B,1728,0.0026630550000845687,100,112,37.55085794203438
100B,1729,0.0020146489987382665,100,112,49.63643794161065
100B,1730,0.002057226000033552,100,112,48.60914649064764
100B,1731,0.0019335819997650106,100,112,51.717485998604175
100B,1732,0.0016203349987335969,100,112,61.71563292662126
100B,1733,0.001583739000125206,100,112,63.14171715926316
100B,1734,0.001850939999712864,100,112,54.02660270755021
100B,1735,0.002092042001095251,100,112,47.80018754291108
100B,1736,0.0032369529999414226,100,112,30.89325053586186
100B,1737,0.002039128999967943,100,112,49.04054623399113
100B,1738,0.0020686100015154807,100,112,48.34164000306446
100B,1739,0.002078280000205268,100,112,48.116711891623446
100B,1740,0.0026820149996638065,100,112,37.28539922876461
100B,1741,0.002629759999763337,100,112,38.02628377076213
100B,1742,0.0017348539986414835,100,112,57.641738197166596
100B,1743,0.002058291000139434,100,112,48.58399516551631
100B,1744,0.001657200999034103,100,112,60.34271042455613
100B,1745,0.0026105939996341476,100,112,38.305458456586564
100B,1746,0.0023045870002533775,100,112,43.39172267699397
100B,1747,0.0016988240004138788,100,112,58.864249607750615
100B,1748,0.0022042360014893347,100,112,45.36719295594168
100B,1749,0.002539844999773777,100,112,39.372481395087874
100B,1750,0.0019130669988953741,100,112,52.27208459387
100B,1751,0.002271617999213049,100,112,44.02148602214049
100B,1752,0.002437324999846169,100,112,41.02858667035027
100B,1753,0.0025068179984373273,100,112,39.89120872051218
100B,1754,0.0019433960005699191,100,112,51.45631665943228
100B,1755,0.0024243449988716748,100,112,41.24825470242125
100B,1756,0.002170310999645153,100,112,46.07634574784446
100B,1757,0.0021677389995602425,100,112,46.13101485939334
100B,1758,0.002385867999691982,100,112,41.913467137708416
100B,1759,0.0017759250004019123,100,112,56.308684194078495
100B,1760,0.002214479000031133,100,112,45.15734852242632
100B,1761,0.0016822529996716185,100,112,59.44409076370816
100B,1762,0.0019532639998942614,100,112,51.1963564604751
100B,1763,0.0019877769991580863,100,112,50.30745402645998
100B,1764,0.0026212849988951348,100,112,38.14922835256363
100B,1765,0.0020118000011279946,100,112,49.70673026341141
100B,1766,0.002388846000030753,100,112,41.86121667060691
100B,1767,0.003019068999492447,100,112,33.122793820482926
100B,1768,0.00200039399896923,100,112,49.99015196582691
100B,1769,0.0014115270005277125,100,112,70.8452618778203
100B,1770,0.0014092879991949303,100,112,70.957817037487
100B,1771,0.001810654999644612,100,112,55.22863274319381
100B,1772,0.0016757119992689695,100,112,59.676125756469524
100B,1773,0.0021152589997655014,100,112,47.27553458516714
100B,1774,0.002194136999605689,100,112,45.57600551741806
100B,1775,0.0025642549990152474,100,112,38.99768160280591
100B,1776,0.001956455000254209,100,112,51.11285462073324
100B,1777,0.002176162999603548,100,112,45.95244015187187
100B,1778,0.0021973380007693777,100,112,45.50961206923373
100B,1779,0.001766101999237435,100,112,56.62187124139934
100B,1780,0.0019417460007389309,100,112,51.50004169543546
100B,1781,0.0023948899997776607,100,112,41.755571240968855
100B,1782,0.0023730600005364977,100,112,42.139684617073385
100B,1783,0.0028148900000815047,100,112,35.52536688719791
100B,1784,0.0020477819998632185,100,112,48.83332308159731
100B,1785,0.002176486999815097,100,112,45.945599495193626
100B,1786,0.0018820489985955646,100,112,53.13357945230049
100B,1787,0.002347175000977586,100,112,42.604407408203706
100B,1788,0.002234047000456485,100,112,44.76181565543021
100B,1789,0.002094966999720782,100,112,47.733448790996725
100B,1790,0.0018075429998134496,100,112,55.32371844560304
100B,1791,0.0018422550001560012,100,112,54.281301986713046
100B,1792,0.002421574999971199,100,112,41.295437886990634
100B,1793,0.002291569999215426,100,112,43.63820439010696
100B,1794,0.0019257779986219248,100,112,51.92706535829125
100B,1795,0.0021976770003675483,100,112,45.502592047546386
100B,1796,0.002176373000111198,100,112,45.94800615284727
100B,1797,0.0016948500015132595,100,112,59.0022715347755
100B,1798,0.001612244999705581,100,112,62.02531254137022
100B,1799,0.0018113830010406673,100,112,55.2064361554395
100B,1800,0.002524268998968182,100,112,39.61542927511922
100B,1801,0.0018474370008334517,100,112,54.12904470078603
100B,1802,0.0020534569994197227,100,112,48.69836574530587
100B,1803,0.002193362999605597,100,112,45.59208850426567
100B,1804,0.0019555339986254694,100,112,51.136927340710656
100B,1805,0.0022024650006642332,100,112,45.40367268939183
100B,1806,0.0019352809995325515,100,112,51.67208277462241
100B,1807,0.002469134000421036,100,112,40.50002955811553
100B,1808,0.002443749999656575,100,112,40.92071611828264
100B,1809,0.0023459160001948476,100,112,42.62727224320657
100B,1810,0.0020131210003455635,100,112,49.67411297325617
100B,1811,0.001710730000922922,100,112,58.454577838730245
100B,1812,0.00252328499846044,100,112,39.63087802646713
100B,1813,0.002345034999962081,100,112,42.64328677466093
100B,1814,0.002461732001393102,100,112,40.62180608750655
100B,1815,0.0022773330001655268,100,112,43.911013449825546
100B,1816,0.002277585999763687,100,112,43.906135711396004
100B,1817,0.002128534999428666,100,112,46.98066981601977
100B,1818,0.0021439989995997166,100,112,46.64181280806098
100B,1819,0.0018792190003296128,100,112,53.21359563864569
100B,1820,0.0017758359990693862,100,112,56.31150627220322
100B,1821,0.0018358510005782591,100,112,54.47065146817571
100B,1822,0.003003922998686903,100,112,33.28980138429405
100B,1823,0.0025155829989671474,100,112,39.75221650053215
100B,1824,0.002096104999509407,100,112,47.70753374635573
100B,1825,0.0022824819989182288,100,112,43.81195560245142
100B,1826,0.0013781249999738066,100,112,72.56235827802315
100B,1827,0.002342007999686757,100,112,42.698402402286824
100B,1828,0.0015705530004197499,100,112,63.6718404111633
100B,1829,0.0014259689996833913,100,112,70.12775174088851
100B,1830,0.001463992000935832,100,112,68.30638414422803
100B,1831,0.0023940040009620134,100,112,41.77102459303147
100B,1832,0.0016479639998578932,100,112,60.680937210171564
100B,1833,0.0012363109999569133,100,112,80.8857965378332
100B,1834,0.0018698340008995729,100,112,53.480683286265105
100B,1835,0.001268980000531883,100,112,78.80344840587385
100B,1836,0.0016000239993445575,100,112,62.49906253966474
100B,1837,0.001656593998632161,100,112,60.36482088101814
100B,1838,0.0020470740000746446,100,112,48.85021254549351
100B,1839,0.0019040000006498303,100,112,52.521008385436055
100B,1840,0.0022736920000170358,100,112,43.98133080437049
100B,1841,0.0020492740004556254,100,112,48.79776934551773
100B,1842,0.00199099000019487,100,112,50.226269338476044
100B,1843,0.0017584519991942216,100,112,56.86820001104561
100B,1844,0.001751949999743374,100,112,57.07925455329662
100B,1845,0.001932684001076268,100,112,51.74151591481704
100B,1846,0.002417456000330276,100,112,41.3657994132418
100B,1847,0.0016128469997056527,100,112,62.00216140666174
100B,1848,0.0016423070010205265,100,112,60.889955372448746
100B,1849,0.0016903430005186237,100,112,59.159590668472866
100B,1850,0.0017491300004621735,100,112,57.171279420956104
100B,1851,0.0013030150003032759,100,112,76.74508733723331
100B,1852,0.001639697999053169,100,112,60.98684029482516
100B,1853,0.0017559590014570858,100,112,56.948937826578245
100B,1854,0.002864202000637306,100,112,34.913738618208235
100B,1855,0.002073690000543138,100,112,48.223215607833446
100B,1856,0.002134865999323665,100,112,46.841347434302875
100B,1857,0.00197460999879695,100,112,50.64291179570951
100B,1858,0.002084953999656136,100,112,47.96268887298839
100B,1859,0.0018541869994805893,100,112,53.93199285078197
100B,1860,0.002307435999682639,100,112,43.33814676279379
100B,1861,0.0016936480005824706,100,112,59.044146106870215
100B,1862,0.0024575500010541873,100,112,40.690932008343324
100B,1863,0.002187519001381588,100,112,45.71388862763808
100B,1864,0.001802954999220674,100,112,55.46450135650914
100B,1865,0.0024646700003359,100,112,40.573383043722444
100B,1866,0.0022766259990021354,100,112,43.92464991783053
100B,1867,0.0026695930009736912,100,112,37.45889353303167
100B,1868,0.0019270829998276895,100,112,51.89190087242818
100B,1869,0.0022097180008131545,100,112,45.25464333602794
100B,1870,0.0024228179991041543,100,112,41.27425173371477
100B,1871,0.0022765930007153656,100,112,43.92528658771127
100B,1872,0.0018163099994126242,100,112,55.05668087074286
100B,1873,0.0016573770008108113,100,112,60.336302453261176
100B,1874,0.0013686370002687909,100,112,73.06539278154885
100B,1875,0.0017812570004025474,100,112,56.14013024364308
100B,1876,0.0012441779999790015,100,112,80.37435158127515
100B,1877,0.0014446490004047519,100,112,69.2209664575843
100B,1878,0.0019220340000174474,100,112,52.028215941597416
100B,1879,0.0028348329997243127,100,112,35.27544656412741
100B,1880,0.001494369998908951,100,112,66.91783164344214
100B,1881,0.0014474420004262356,100,112,69.0873969185311
100B,1882,0.0018769850012176903,100,112,53.27693078800587
100B,1883,0.001854727999671013,100,112,53.91626158538489
100B,1884,0.0013928490006946959,100,112,71.79529148538292
100B,1885,0.0018449620001774747,100,112,54.20165834872511
100B,1886,0.0018386690007901052,100,112,54.38716808573398
100B,1887,0.0017964559992833529,100,112,55.66515408108647
100B,1888,0.0017691119992377935,100,112,56.52553373844287
100B,1889,0.0019557099985831883,100,112,51.13232538180245
100B,1890,0.0023157449995778734,100,112,43.182647492806225
100B,1891,0.0016401799985032994,100,112,60.96891810121585
100B,1892,0.0015977279999788152,100,112,62.58887620503987
100B,1893,0.0015121399992494844,100,112,66.13144288864304
100B,1894,0.0024074519988062093,100,112,41.53769215319239
100B,1895,0.0019105310002487386,100,112,52.341469459004145
100B,1896,0.001834118000260787,100,112,54.522119070736636
100B,1897,0.0021307909992174245,100,112,46.93092848464584
100B,1898,0.0021791760009364225,100,112,45.88890477732345
100B,1899,0.002794762000121409,100,112,35.78122215618211
100B,1900,0.0018044050011667423,100,112,55.419930633831775
100B,1901,0.0017479920006735483,100,112,57.20849978802381
100B,1902,0.0024917629998526536,100,112,40.13222766607953
100B,1903,0.0024735210008657305,100,112,40.42819930172417
100B,1904,0.0019878559996868717,100,112,50.30545472899046
100B,1905,0.0019529460005287547,100,112,51.204692793822915
100B,1906,0.002107973999954993,100,112,47.43891528175162
100B,1907,0.0022770109990233323,100,112,43.917223080122376
100B,1908,0.0020594919988070615,100,112,48.55566326935182
100B,1909,0.0022641960003966233,100,112,44.16578775975349
100B,1910,0.00207502700141049,100,112,48.19214397307865
100B,1911,0.0022162500008562347,100,112,45.121263377942746
100B,1912,0.0024196479989768704,100,112,41.32832545985376
100B,1913,0.0017887350004457403,100,112,55.905430360048136
100B,1914,0.0019011040003533708,100,112,52.601014979407935
100B,1915,0.0015988490013114642,100,112,62.54499325325561
100B,1916,0.0018950850007968256,100,112,52.76808162058854
100B,1917,0.002121932000591187,100,112,47.126863618692404
100B,1918,0.0018406109993520658,100,112,54.32978507419662
100B,1919,0.0025216510002792347,100,112,39.65655833774242
100B,1920,0.001954880000994308,100,112,51.154035004264784
100B,1921,0.0019079149988101562,100,112,52.413236471416994
100B,1922,0.001984216998607735,100,112,50.39771359189392
100B,1923,0.0020089800000278046,100,112,49.77650349859928
100B,1924,0.0018989770014741225,100,112,52.65993212259696
100B,1925,0.0014147600013529882,100,112,70.68336672252978
100B,1926,0.001513318000434083,100,112,66.07996466791236
100B,1927,0.0017199279991473304,100,112,58.141968762399294
100B,1928,0.0026558080007816898,100,112,37.65332432561645
100B,1929,0.00210524799877021,100,112,47.50034203020996
100B,1930,0.0023478920011257287,100,112,42.59139685814068
100B,1931,0.0015768989997013705,100,112,63.415602406328986
100B,1932,0.0019627420006145258,100,112,50.949131352307354
100B,1933,0.0014588930007448653,100,112,68.54512287669014
100B,1934,0.0014166619985189755,100,112,70.58846789463065
100B,1935,0.002071275999696809,100,112,48.27941810489664
100B,1936,0.002537476999350474,100,112,39.40922421192283
100B,1937,0.002297178998560412,100,112,43.53165341606712
100B,1938,0.0018352940005570417,100,112,54.48718296340988
100B,1939,0.0017576789996383013,100,112,56.893209750232096
100B,1940,0.002047160000074655,100,112,48.84816037649878
100B,1941,0.002574062000348931,100,112,38.84910308549069
100B,1942,0.001734375000523869,100,112,57.65765764024213
100B,1943,0.0017432880013075192,100,112,57.362868283953624
100B,1944,0.0022593400008190656,100,112,44.26071328961005
100B,1945,0.0027913809990423033,100,112,35.82456140322982
100B,1946,0.0020240389985701768,100,112,49.40616266319081
100B,1947,0.0022409129996958654,100,112,44.62466861211118
100B,1948,0.0022065129996917676,100,112,45.32037654614734
100B,1949,0.0023762780001561623,100,112,42.08261827674552
100B,1950,0.0020703890004369896,100,112,48.30010204792112
100B,1951,0.001819174998672679,100,112,54.96997269254623
100B,1952,0.0017518250006105518,100,112,57.083327367258526
100B,1953,0.0019230499983677873,100,112,52.000728054328405
100B,1954,0.0024394289994233986,100,112,40.99319964780148
100B,1955,0.002492698000423843,100,112,40.1171742357063
100B,1956,0.0019519599991326686,100,112,51.23055802600149
100B,1957,0.0020148860003246227,100,112,49.63059944031016
100B,1958,0.0023629610004718415,100,112,42.31978436378415
100B,1959,0.0022803669999120757,100,112,43.852590396131724
100B,1960,0.0018851479999284493,100,112,53.046232976824896
100B,1961,0.002152327999283443,100,112,46.46132003732339
100B,1962,0.0023076880006556166,100,112,43.333414210062145
100B,1963,0.0022288300006039208,100,112,44.86658918486566
100B,1964,0.0018581929998617852,100,112,53.815723128565295
100B,1965,0.0016782719994807849,100,112,59.58509707064021
100B,1966,0.0015349620007327758,100,112,65.14819256259176
100B,1967,0.00230085700059135,100,112,43.46206651447644
100B,1968,0.0015686449987697415,100,112,63.74928685485123
100B,1969,0.0013468369998008711,100,112,74.24803447988504
100B,1970,0.0015707850016042357,100,112,63.66243623275652
100B,1971,0.0022518969999509864,100,112,44.40700440658544
100B,1972,0.0012854509986937046,100,112,77.79370827952334
100B,1973,0.001918119000038132,100,112,52.134408760880845
100B,1974,0.001987497000300209,100,112,50.3145413476826
100B,1975,0.0026597779997246107,100,112,37.597122771281605
100B,1976,0.0014011590010341024,100,112,71.36948763573345
100B,1977,0.0017867419992398936,100,112,55.967789441643774
100B,1978,0.001981318999241921,100,112,50.4714283960641
100B,1979,0.0018816640003933571,100,112,53.144450857908346
100B,1980,0.001575639998918632,100,112,63.466274065541874
100B,1981,0.001701355999102816,100,112,58.77664642363707
100B,1982,0.0026587430002109613,100,112,37.61175863634258
100B,1983,0.002603436998469988,100,112,38.4107624109087
100B,1984,0.002038143999016029,100,112,49.064246710869206
100B,1985,0.001798544999473961,100,112,55.6004993087457
100B,1986,0.002100973999404232,100,112,47.59697170377014
100B,1987,0.04394758099988394,100,112,2.2754380952222166
100B,1988,0.005217759000515798,100,112,19.165315989127627
100B,1989,0.0017040969996742206,100,112,58.68210554863803
100B,1990,0.003402390999326599,100,112,29.39109585576496
100B,1991,0.001698415999271674,100,112,58.87839024295736
100B,1992,0.0015611999988323078,100,112,64.0532923871346
100B,1993,0.001518574999863631,100,112,65.85120919874228
100B,1994,0.0014896389984642155,100,112,67.13035849833265
100B,1995,0.0013838729992130538,100,112,72.26096618466109
100B,1996,0.0016864109984453535,100,112,59.29752598399008
100B,1997,0.0014109429994277889,100,112,70.87458532382614
100B,1998,0.0012266739995538956,100,112,81.52125180477208
100B,1999,0.0013997799997014226,100,112,71.4397976977313
100B,2000,0.001549194001199794,100,112,64.54969482360096
100B,2001,0.0019750929986912524,100,112,50.63052730492315
100B,2002,0.0017027199992298847,100,112,58.72956213894741
100B,2003,0.0018179609996877844,100,112,55.006680570800995
100B,2004,0.002531984000597731,100,112,39.49472033646057
100B,2005,0.0017658199994912138,100,112,56.63091369947844
100B,2006,0.0017484970012446865,100,112,57.19197684000253
100B,2007,0.001457303000279353,100,112,68.61990950463344
100B,2008,0.002350652999666636,100,112,42.54137042523153
100B,2009,0.0027957400016020983,100,112,35.76870522391032
100B,2010,0.00164932699954079,100,112,60.63079063632758
100B,2011,0.001525514000604744,100,112,65.55167632703339
100B,2012,0.001954987001226982,100,112,51.15123524465295
100B,2013,0.0014029720005055424,100,112,71.27725996239863
100B,2014,0.001780508999218,100,112,56.16371500729287
100B,2015,0.0015075840001372853,100,112,66.33129562989106
100B,2016,0.0017750389997672755,100,112,56.336790353964595
100B,2017,0.0018294189994776389,100,112,54.66216324885299
100B,2018,0.002362442999583436,100,112,42.32906360815171
100B,2019,0.0025321899993286934,100,112,39.49150736181365
100B,2020,0.0018492089984647464,100,112,54.0771757454253
100B,2021,0.002164956998967682,100,112,46.19029387081733
100B,2022,0.0019780340007855557,100,112,50.55524827191344
100B,2023,0.0019147759994666558,100,112,52.225430038737755
100B,2024,0.0016681540000718087,100,112,59.94650373748186
100B,2025,0.0023323120003624354,100,112,42.875910248911914
100B,2026,0.002057468000202789,100,112,48.60342906433721
100B,2027,0.0016050619997258764,100,112,62.30288924482586
100B,2028,0.0018465800003468757,100,112,54.154166069823795
100B,2029,0.0017878969993034843,100,112,55.93163366735179
100B,2030,0.0020992169993405696,100,112,47.63680935863856
100B,2031,0.001623553000172251,100,112,61.59330800373656
100B,2032,0.001954175999344443,100,112,51.17246350049661
100B,2033,0.0024713539987715194,100,112,40.46364869205659
100B,2034,0.0026518650010984857,100,112,37.709310224531364
100B,2035,0.0024353849985345732,100,112,41.06126959810144
100B,2036,0.0023203190012281993,100,112,43.09752234372414
100B,2037,0.0017540410008223262,100,112,57.01121008751688
100B,2038,0.0016497149990755133,100,112,60.6165307680655
100B,2039,0.0018495770000299672,100,112,54.0664162661948
100B,2040,0.001583243001732626,100,112,63.16149819741173
100B,2041,0.002234601000964176,100,112,44.75071834159765
100B,2042,0.001941057000294677,100,112,51.518322225889676
100B,2043,0.0014032850012881681,100,112,71.26136166794585
100B,2044,0.0013160079997760477,100,112,75.98738002885814
100B,2045,0.0014354600007209228,100,112,69.66407977218284
100B,2046,0.0026818139995157253,100,112,37.28819374425584
100B,2047,0.0017491540002083639,100,112,57.170494986769455
100B,2048,0.0015112639994185884,100,112,66.16977578932064
100B,2049,0.0018069289999402827,100,112,55.34251761043456
100B,2050,0.0016904499989323085,100,112,59.15584611385145
100B,2051,0.0016104139995150035,100,112,62.095833760831844
100B,2052,0.0018865199999709148,100,112,53.00765430609892
100B,2053,0.0020261459994799225,100,112,49.35478490970952
100B,2054,0.0022627050002483884,100,112,44.19489062384292
100B,2055,0.0014836280006420566,100,112,67.4023407193204
100B,2056,0.002205618999141734,100,112,45.33874619275256
100B,2057,0.002299632998983725,100,112,43.48519961410926
100B,2058,0.0016181089995370712,100,112,61.80053385069191
100B,2059,0.0012987720001547132,100,112,76.99580833902158
100B,2060,0.0015466149998246692,100,112,64.65733231045633
100B,2061,0.00186942700020154,100,112,53.492326787416225
100B,2062,0.0022080899998400128,100,112,45.28800909711357
100B,2063,0.001909010999952443,100,112,52.38314499104048
100B,2064,0.0016632280003250344,100,112,60.12404792395127
100B,2065,0.00276448400109075,100,112,36.17311583664227
100B,2066,0.0019224810002924642,100,112,52.016118746966626
100B,2067,0.001897281001220108,100,112,52.70700541231992
100B,2068,0.001723999001114862,100,112,58.00467397912226
100B,2069,0.0018828259999281727,100,112,53.11165237988793
100B,2070,0.002218183000877616,100,112,45.08194317621015
100B,2071,0.001630373999432777,100,112,61.33561994658341
100B,2072,0.0018993670000782004,100,112,52.64911941498553
100B,2073,0.0022166130002005957,100,112,45.113874181442746
100B,2074,0.0017888960010168375,100,112,55.90039887347189
100B,2075,0.0019488610014377628,100,112,51.31202272826307
100B,2076,0.001792082000974915,100,112,55.80101800341656
100B,2077,0.0020127219995629275,100,112,49.68396033914048
100B,2078,0.002074757001537364,100,112,48.19841548957372
100B,2079,0.0018604790002427762,100,112,53.7495988866044
100B,2080,0.0015892470000835601,100,112,62.92288108440171
100B,2081,0.0017414169997209683,100,112,57.42449971260373
100B,2082,0.0014410969997697975,100,112,69.39158156319395
100B,2083,0.003092704999289708,100,112,32.33415408937053
100B,2084,0.0012421319988789037,100,112,80.50674170720649
100B,2085,0.0022695900006510783,100,112,44.060821545439026
100B,2086,0.0024925270008679945,100,112,40.119926470275395
100B,2087,0.0015777460012031952,100,112,63.381558199950824
100B,2088,0.0013881639988539973,100,112,72.03759792254753
100B,2089,0.0018521319998399122,100,112,53.991832120304295
100B,2090,0.0016417389997513965,100,112,60.911021797705175
100B,2091,0.001872900000307709,100,112,53.39313363424126
100B,2092,0.0017099020005844068,100,112,58.482883794405886
100B,2093,0.003295081000032951,100,112,30.348267614362133
100B,2094,0.0016388049989473075,100,112,61.02007259206274
100B,2095,0.0011464380004326813,100,112,87.22669691885531
100B,2096,0.0012492610003391746,100,112,80.04732395620289
100B,2097,0.0013759489993390162,100,112,72.67711234067426
100B,2098,0.0015551479991700035,100,112,64.30256159116104
100B,2099,0.001875130999906105,100,112,53.32960737410207
100B,2100,0.001541147999887471,100,112,64.8866948581847
100B,2101,0.001780758999302634,100,112,56.155830204514565
100B,2102,0.002061230999970576,100,112,48.514698256249545
100B,2103,0.001700612998320139,100,112,58.80232604289144
100B,2104,0.0016705670004739659,100,112,59.85991580800318
100B,2105,0.0020442770000954624,100,112,48.91704988870405
100B,2106,0.0026849760015466018,100,112,37.24428074679175
100B,2107,0.0016689320000295993,100,112,59.91855869395904
100B,2108,0.0017028170004778076,100,112,58.72621659986961
100B,2109,0.0016422159987996565,100,112,60.89332954562184
100B,2110,0.0016373070011468371,100,112,61.07590081148855
100B,2111,0.0013947110001026886,100,112,71.69944167116863
100B,2112,0.0012133069994888501,100,112,82.41937122437162
100B,2113,0.002071355998850777,100,112,48.277553474864625
100B,2114,0.0020611800009646686,100,112,48.515898637284586
100B,2115,0.0012737079996441025,100,112,78.51093031365261
100B,2116,0.0017784989995561773,100,112,56.227189346159264
100B,2117,0.001800070000172127,100,112,55.55339514043219
100B,2118,0.0021375010001065675,100,112,46.78360384159558
100B,2119,0.0015025310003693448,100,112,66.55436724794264
100B,2120,0.0015430539988301462,100,112,64.80654602872886
100B,2121,0.0017470829989179038,100,112,57.23826518942564
100B,2122,0.0018551479988673236,100,112,53.90405512716821
100B,2123,0.0016982929992082063,100,112,58.88265455173101
100B,2124,0.0019455969995760825,100,112,51.39810557982386
100B,2125,0.0015900750004220754,100,112,62.8901152294424
100B,2126,0.0015363750007963972,100,112,65.08827594055089
100B,2127,0.0015005880013632122,100,112,66.64054351304608
100B,2128,0.0019090189998678397,100,112,52.38292547477157
100B,2129,0.001848215999416425,100,112,54.10623002483208
100B,2130,0.0017317349993390962,100,112,57.74555577970317
100B,2131,0.0018060620004689554,100,112,55.36908476787307
100B,2132,0.0021455389996845042,100,112,46.608334788929376
100B,2133,0.0017061850012396462,100,112,58.61029133847969
100B,2134,0.0014932220001355745,100,112,66.96927850709451
100B,2135,0.0026180120003118645,100,112,38.19692193469233
100B,2136,0.0014483000013569836,100,112,69.0464682084548
100B,2137,0.00177166299909004,100,112,56.444143187142195
100B,2138,0.0015938209999148967,100,112,62.74230293448234
100B,2139,0.0017591750001884066,100,112,56.84482782513966
100B,2140,0.002007752000281471,100,112,49.80694826152871
100B,2141,0.0027084789999207715,100,112,36.92109113747059
100B,2142,0.0017449419992772164,100,112,57.308495091195944
100B,2143,0.001567229001011583,100,112,63.80688459405361
100B,2144,0.002239879000626388,100,112,44.64526877212329
100B,2145,0.0026389979993837187,100,112,37.89317006809132
100B,2146,0.002130082000803668,100,112,46.946549457847425
100B,2147,0.0017004289984470233,100,112,58.808688919871706
100B,2148,0.00187451800047711,100,112,53.34704706732482
100B,2149,0.0020462330012378516,100,112,48.87028991297952
100B,2150,0.0018501760005165124,100,112,54.04891208840838
100B,2151,0.0016640140001982218,100,112,60.09564822657005
100B,2152,0.0022645709996140795,100,112,44.15847417327241
100B,2153,0.001772695999534335,100,112,56.4112515774102
100B,2154,0.0018452860003890237,100,112,54.192141477753566
100B,2155,0.0017975239989027614,100,112,55.632080607013684
100B,2156,0.001898787999380147,100,112,52.66517380173283
100B,2157,0.0018858469993574545,100,112,53.02657110257194
100B,2158,0.0022058770009607542,100,112,45.333443322744515
100B,2159,0.0017085759991459781,100,112,58.528271525518576
100B,2160,0.002002552000703872,100,112,49.936281287502766
100B,2161,0.0021776149987999815,100,112,45.9217997924826
100B,2162,0.001981568999326555,100,112,50.465060784653694
100B,2163,0.001499260000855429,100,112,66.6995717506925
100B,2164,0.0015480469992326107,100,112,64.59752194188643
100B,2165,0.0014643480008089682,100,112,68.28977807512678
100B,2166,0.001574150999658741,100,112,63.52630721047658
100B,2167,0.0012548089998745127,100,112,79.69340354587871
100B,2168,0.0012991349994990742,100,112,76.9742944640537
100B,2169,0.0015724059994681738,100,112,63.59680644427867
100B,2170,0.0019290769996587187,100,112,51.83826255649278
100B,2171,0.0019028189999517053,100,112,52.553605993285785
100B,2172,0.001842335999754141,100,112,54.2789154710894
100B,2173,0.0017380249992129393,100,112,57.536571709431556
100B,2174,0.001968488999409601,100,112,50.800385488561275
100B,2175,0.0023170689983089687,100,112,43.15797245268979
100B,2176,0.0018885379995481344,100,112,52.95101291259522
100B,2177,0.0017737929993018042,100,112,56.376364118790484
100B,2178,0.001502581999375252,100,112,66.5521083319102
100B,2179,0.0013262089996715076,100,112,75.40289654554394
100B,2180,0.0019628190002549672,100,112,50.94713266328181
100B,2181,0.0017320970000582747,100,112,57.73348721037887
100B,2182,0.0012392150001687696,100,112,80.69624721003291
100B,2183,0.0018159669998567551,100,112,55.06707996780122
100B,2184,0.002025018000495038,100,112,49.38227708373649
100B,2185,0.0014084159993217327,100,112,71.0017495173004
100B,2186,0.0013583359996118816,100,112,73.61948739382088
100B,2187,0.0018875260011554928,100,112,52.97940263539822
100B,2188,0.0018514059993322007,100,112,54.013004190366594
100B,2189,0.0016307259993482148,100,112,61.32238036308308
100B,2190,0.0017219179990206612,100,112,58.074774790016065
100B,2191,0.0023980469995876774,100,112,41.70060053751828
100B,2192,0.0018516100008127978,100,112,54.007053297456366
100B,2193,0.0018569439998827875,100,112,53.85192014746385
100B,2194,0.001787125000191736,100,112,55.95579491600826
100B,2195,0.001867430999482167,100,112,53.54950197770611
100B,2196,0.0022795299992139917,100,112,43.86869224554235
100B,2197,0.0019818910004687496,100,112,50.45686164191086
100B,2198,0.0017140239997388562,100,112,58.34224025756682
100B,2199,0.0016499289995408617,100,112,60.60866863230343
100B,2200,0.002188000999012729,100,112,45.703818254709226
100B,2201,0.001597337999555748,100,112,62.60415768473049
100B,2202,0.0015220850000332575,100,112,65.69935318843231
100B,2203,0.0015999349998310208,100,112,62.50253917225489
100B,2204,0.0019250549994467292,100,112,51.94656777533137
100B,2205,0.0018033840005955426,100,112,55.45130707989889
100B,2206,0.0016911279999476392,100,112,59.132129562692
100B,2207,0.0019202849998691818,100,112,52.07560336450705
100B,2208,0.0021785529988846974,100,112,45.90202765376589
100B,2209,0.002045936998911202,100,112,48.87736037483929
100B,2210,0.002007508001042879,100,112,49.81300196465023
100B,2211,0.0020637210000131745,100,112,48.45616243637663
100B,2212,0.0018838140003936132,100,112,53.08379700920872
100B,2213,0.0019293700006528525,100,112,51.83039021346989
100B,2214,0.0017376509986206656,100,112,57.548955503365896
100B,2215,0.0015842609991523204,100,112,63.12091256018188
100B,2216,0.0028936599992448464,100,112,34.55831024588128
100B,2217,0.0021529420009755995,100,112,46.44806964362499
100B,2218,0.0018223890001536347,100,112,54.87302655556503
100B,2219,0.0019411140001466265,100,112,51.51680941585413
100B,2220,0.0019027470007131342,100,112,52.55559460218348
100B,2221,0.001966849999007536,100,112,50.84271807736206
100B,2222,0.0017309400009253295,100,112,57.772077568570715
100B,2223,0.0020477560010476736,100,112,48.833943081518484
100B,2224,0.0021390179990703473,100,112,46.750424747927156
100B,2225,0.0021361029994295677,100,112,46.81422198588005
100B,2226,0.002017377999436576,100,112,49.56929243202243
100B,2227,0.0017014429995469982,100,112,58.77364097805484
100B,2228,0.0016587680001975968,100,112,60.285706010778924
100B,2229,0.0018732320004346548,100,112,53.38367056338806
100B,2230,0.0015862959990045056,100,112,63.039937100488125
100B,2231,0.001218762999997125,100,112,82.0504068471359
100B,2232,0.002166607999242842,100,112,46.1550959079569
100B,2233,0.0015713060001871781,100,112,63.64132765233998
100B,2234,0.0015331159993365873,100,112,65.2266364993074
100B,2235,0.002053517000604188,100,112,48.69694284029686
100B,2236,0.001668753000558354,100,112,59.92498588259656
100B,2237,0.0020260330002201954,100,112,49.35753760631327
100B,2238,0.0014096689992584288,100,112,70.9386388241538
100B,2239,0.0014341509995574597,100,112,69.72766468165298
100B,2240,0.0015774359999340959,100,112,63.39401408626272
100B,2241,0.0014803909998590825,100,112,67.5497216678019
100B,2242,0.001431964999937918,100,112,69.83410907692257
100B,2243,0.0018947270000353456,100,112,52.77805192945186
100B,2244,0.0018555269998614676,100,112,53.89304494489486
100B,2245,0.0018190729988418752,100,112,54.97305499211173
100B,2246,0.001604545999725815,100,112,62.322925000023695
100B,2247,0.0016387949999625562,100,112,61.020444901457985
100B,2248,0.0015595720014971448,100,112,64.12015598125822
100B,2249,0.001591783000549185,100,112,62.8226334654276
100B,2250,0.0012940339984197635,100,112,77.2777223180512
100B,2251,0.0019473969987302553,100,112,51.35059778011476
100B,2252,0.0019102810001641046,100,112,52.34831943122996
100B,2253,0.0018982609999511624,100,112,52.67979482409044
100B,2254,0.0015558409995719558,100,112,64.27392003907346
100B,2255,0.0017245279996132012,100,112,57.98688106103772
100B,2256,0.0018548879997979384,100,112,53.911610841675326
100B,2257,0.002124482998624444,100,112,47.07027548102187
100B,2258,0.002228210998509894,100,112,44.8790532256032
100B,2259,0.0021353569991333643,100,112,46.83057682653769
100B,2260,0.0015027879999252036,100,112,66.54298544104502
100B,2261,0.0012949049996677786,100,112,77.22574244879435
100B,2262,0.001274238000405603,100,112,78.47827483419029
100B,2263,0.0014242560009734007,100,112,70.21209665373043
100B,2264,0.0015008629998192191,100,112,66.6283331736775
100B,2265,0.001613462998648174,100,112,61.97848979727711
100B,2266,0.001576310000018566,100,112,63.439298106858544
100B,2267,0.0017105850001826184,100,112,58.45953284363198
100B,2268,0.0018603489988890942,100,112,53.75335491336029
100B,2269,0.0017067620010493556,100,112,58.59047713654145
100B,2270,0.001880714000435546,100,112,53.17129557010872
100B,2271,0.001880547000837396,100,112,53.17601737976803
100B,2272,0.0017876060010166839,100,112,55.94073858732067
100B,2273,0.0016291730007651495,100,112,61.38083552393422
100B,2274,0.0015757080000184942,100,112,63.463535121244725
100B,2275,0.0016594710014032898,100,112,60.26016719511068
100B,2276,0.0018683689995668828,100,112,53.52261786787383
100B,2277,0.002045168999757152,100,112,48.89571473647128
100B,2278,0.001725131000057445,100,112,57.96661238866505
100B,2279,0.002089166999212466,100,112,47.865967650118954
100B,2280,0.0020101459995203186,100,112,49.74763028350329
100B,2281,0.0019444429999566637,100,112,51.42860963382765
100B,2282,0.001880431000245153,100,112,53.17929771789709
100B,2283,0.0017369340002915123,100,112,57.57271144627075
100B,2284,0.0019740900006581796,100,112,50.6562517244194
100B,2285,0.0015953219990478829,100,112,62.68327024869075
100B,2286,0.0016546919996471843,100,112,60.43420770833614
100B,2287,0.0019625080003606854,100,112,50.95520628788326
100B,2288,0.0017755520002538105,100,112,56.32051327457898
100B,2289,0.0014310099995782366,100,112,69.88071364244354
100B,2290,0.0017137459999503335,100,112,58.35170439662478
100B,2291,0.001452460999644245,100,112,68.84866445604615
100B,2292,0.0021198180002102163,100,112,47.1738611475529
100B,2293,0.0016537669998797355,100,112,60.468010310565006
100B,2294,0.001998040999751538,100,112,50.049023024269914
100B,2295,0.001932330998897669,100,112,51.75096816075854
100B,2296,0.002031706000707345,100,112,49.219719765155325
100B,2297,0.0016331639999407344,100,112,61.23083781152957
100B,2298,0.0013973599998280406,100,112,71.56351978896349
100B,2299,0.0015848379989620298,100,112,63.09793181731746
100B,2300,0.0019357119999767747,100,112,51.660577607205944
100B,2301,0.0014300820002972614,100,112,69.92606016942642
100B,2302,0.0019958390003012028,100,112,50.104241867659894
100B,2303,0.0016873140011739451,100,112,59.26579162528445
100B,2304,0.0017943800012290012,100,112,55.72955557435343
100B,2305,0.0019274610003776615,100,112,51.88172418555098
100B,2306,0.0018207260000053793,100,112,54.92314604158152
100B,2307,0.0021105910000187578,100,112,47.38009401116145
100B,2308,0.001884723998955451,100,112,53.05816663629362
100B,2309,0.0017544149995956104,100,112,56.999056678750364
100B,2310,0.002063551000901498,100,112,48.46015434380506
100B,2311,0.0019172669999534264,100,112,52.15757638473367
100B,2312,0.0021778280006401474,100,112,45.91730842408407
100B,2313,0.0018210289999842644,100,112,54.914007410570676
100B,2314,0.0020554879993142094,100,112,48.650247548691055
100B,2315,0.0016581059990130598,100,112,60.309775164870125
100B,2316,0.0019346570006746333,100,112,51.6887489436779
100B,2317,0.0018821260000549955,100,112,53.1314056535418
100B,2318,0.0019110100001853425,100,112,52.3283499250665
100B,2319,0.0021302680015651276,100,112,46.942450398977535
100B,2320,0.0021382100003393134,100,112,46.76809105940528
100B,2321,0.0020612100015569013,100,112,48.51519249589641
100B,2322,0.001827963000323507,100,112,54.70570245803789
100B,2323,0.002118114000040805,100,112,47.2118120167628
100B,2324,0.001876923999589053,100,112,53.27866233363456
100B,2325,0.002031826999882469,100,112,49.21678863691864
100B,2326,0.0017957549989660038,100,112,55.68688382189109
100B,2327,0.0019915049997507595,100,112,50.21328091695234
100B,2328,0.001942389999385341,100,112,51.482966876705746
100B,2329,0.0021245629995974014,100,112,47.06850303754218
100B,2330,0.0026494300000194926,100,112,37.74396757010537
100B,2331,0.0016719049999665003,100,112,59.81201085109721
100B,2332,0.0018786989985528635,100,112,53.228324535771115
100B,2333,0.0013410760002443567,100,112,74.56698947843304
100B,2334,0.0017054790005204268,100,112,58.634553676407045
100B,2335,0.001634166001167614,100,112,61.19329366083363
100B,2336,0.00193830999887723,100,112,51.591334749304906
100B,2337,0.001803678000214859,100,112,55.442268513608155
100B,2338,0.0017913519986905158,100,112,55.82375773890354
100B,2339,0.001722746001178166,100,112,58.0468623532495
100B,2340,0.0021224190004431875,100,112,47.11605011975428
100B,2341,0.0021380440011853352,100,112,46.771722165006814
100B,2342,0.00179609199949482,100,112,55.67643529848505
100B,2343,0.0030809190011495957,100,112,32.45784779239136
100B,2344,0.0018899140013672877,100,112,52.91246052870842
100B,2345,0.001282365001316066,100,112,77.98091798931816
100B,2346,0.0016954219991021091,100,112,58.98236548361395
100B,2347,0.0016116980004881043,100,112,62.046363505889374
100B,2348,0.0021830980003869627,100,112,45.80646401685797
100B,2349,0.0018876889989769552,100,112,52.97482797971256
100B,2350,0.0017172480002045631,100,112,58.23270720832851
100B,2351,0.0018019010003627045,100,112,55.4969446045432
100B,2352,0.002251104000606574,100,112,44.42264771998733
100B,2353,0.0018635050000739284,100,112,53.662319122316724
100B,2354,0.0018337100009375717,100,112,54.534250207977394
100B,2355,0.0018980429995281156,100,112,52.685845381196124
100B,2356,0.0020948780002072453,100,112,47.7354767151629
100B,2357,0.00172411699895747,100,112,58.00070416361968
100B,2358,0.0019485350003378699,100,112,51.320607524453145
100B,2359,0.0014031909995537717,100,112,71.26613556657716
100B,2360,0.0015167769997788128,100,112,65.92926977042949
100B,2361,0.0020257619999028975,100,112,49.364140508506615
100B,2362,0.00136829300026875,100,112,73.08376201614621
100B,2363,0.001814483999623917,100,112,55.11208697388719
100B,2364,0.0016397580002376344,100,112,60.98460869561726
100B,2365,0.0014799450000282377,100,112,67.57007861649723
100B,2366,0.0015521590012212982,100,112,64.42638925607245
100B,2367,0.0020247709999239305,100,112,49.3883011973981
100B,2368,0.0020819759993173648,100,112,48.03129336399068
100B,2369,0.002050966999377124,100,112,48.757488555578846
100B,2370,0.0015996610000001965,100,112,62.51324499377538
100B,2371,0.001939114999913727,100,112,51.56991720679232
100B,2372,0.0017415699985576794,100,112,57.419454907248785
100B,2373,0.0017141260013886495,100,112,58.338768514676225
100B,2374,0.0016987149992928607,100,112,58.86802673881604
100B,2375,0.0019913979995180853,100,112,50.21597893751014
100B,2376,0.0021183930002734996,100,112,47.20559404562293
100B,2377,0.0018638719993759878,100,112,53.65175292803333
100B,2378,0.0016695180001988774,100,112,59.897527303142425
100B,2379,0.0023572900008730358,100,112,42.421594272645464
100B,2380,0.0016253300000244053,100,112,61.52596703346301
100B,2381,0.0017641569993429584,100,112,56.6842973937376
100B,2382,0.0017642120001255535,100,112,56.68253021342294
100B,2383,0.001838616000895854,100,112,54.38873584874473
100B,2384,0.0020089540012122598,100,112,49.77714767966671
100B,2385,0.0016977750001387903,100,112,58.90061992420972
100B,2386,0.0016272739994747099,100,112,61.45246592293638
100B,2387,0.0023526000004494563,100,112,42.506163385571426
100B,2388,0.002149403999283095,100,112,46.52452495359349
100B,2389,0.0019580559983296553,100,112,51.07106236251991
100B,2390,0.00212469099824375,100,112,47.06566747007403
100B,2391,0.001942451999639161,100,112,51.48132361498584
100B,2392,0.0028562039988173638,100,112,35.01150479496768
100B,2393,0.0020046200006618164,100,112,49.88476617363163
100B,2394,0.0024534910007787403,100,112,40.75825017016973
100B,2395,0.0014312709990917938,100,112,69.8679705404878
100B,2396,0.0017714309997245437,100,112,56.451535518769816
100B,2397,0.0016941369995038258,100,112,59.02710349239036
100B,2398,0.0018564790007076226,100,112,53.865408637471056
100B,2399,0.0016153830001712777,100,112,61.904823803022005
100B,2400,0.0015420039999298751,100,112,64.85067483907152
100B,2401,0.0017169349994219374,100,112,58.2433231506541
100B,2402,0.002168151999285328,100,112,46.122227608102314
100B,2403,0.002072105000479496,100,112,48.26010263807069
100B,2404,0.0019081800001004012,100,112,52.40595750649225
100B,2405,0.001992823999898974,100,112,50.18004600761005
100B,2406,0.0016508019998582313,100,112,60.57661670423701
100B,2407,0.0015871229988988489,100,112,63.00708897128976
100B,2408,0.0019376019990886562,100,112,51.61018622350443
100B,2409,0.001567077999425237,100,112,63.8130329419961
100B,2410,0.0014651490000687772,100,112,68.2524439461828
100B,2411,0.0014747889999853214,100,112,67.80630992026337
100B,2412,0.0022050309999031015,100,112,45.35083633944123
100B,2413,0.001799971001673839,100,112,55.55645058004126
100B,2414,0.001609764000022551,100,112,62.120907163161256
100B,2415,0.0017547049992572283,100,112,56.98963645873824
100B,2416,0.002628271000503446,100,112,38.04782687205581
100B,2417,0.0016190789992833743,100,112,61.763508787564604
100B,2418,0.0017867370006570127,100,112,55.96794601736481
100B,2419,0.0019296980008220999,100,112,51.82158034956635
100B,2420,0.001514990000941907,100,112,66.0070363090367
100B,2421,0.0016888749996724073,100,112,59.21101325994943
100B,2422,0.0014048720004211646,100,112,71.1808620073723
100B,2423,0.0017198740006278967,100,112,58.14379423346809
100B,2424,0.001453245000448078,100,112,68.8115217799938
100B,2425,0.002523717999793007,100,112,39.62407844624554
100B,2426,0.001527255000837613,100,112,65.4769504405981
100B,2427,0.0018550010008766549,100,112,53.90832670857914
100B,2428,0.0014454739994107513,100,112,69.18145884378764
100B,2429,0.0020507250010268763,100,112,48.76324224356078
100B,2430,0.0013090899992675986,100,112,76.38894197950283
100B,2431,0.0016483069994137622,100,112,60.66830999053335
100B,2432,0.0015437830006703734,100,112,64.77594322296329
100B,2433,0.0012174980001873337,100,112,82.13565852643143
100B,2434,0.001927194000018062,100,112,51.888912065449965
100B,2435,0.001675714998782496,100,112,59.67601893678567
100B,2436,0.002196012999775121,100,112,45.53707105114602
100B,2437,0.0015875280005275272,100,112,62.99101494069429
100B,2438,0.0017432260010536993,100,112,57.364908474032994
100B,2439,0.0020479679988056887,100,112,48.82888797984973
100B,2440,0.001374810999550391,100,112,72.73727081955508
100B,2441,0.0014892620001774048,100,112,67.14735217046278
100B,2442,0.0016668890002620174,100,112,59.991997058161076
100B,2443,0.001388974998917547,100,112,71.99553633285825
100B,2444,0.0015451780000148574,100,112,64.71746297128128
100B,2445,0.0014831360003881855,100,112,67.42470007728672
100B,2446,0.0020206449989927933,100,112,49.489148291682014
100B,2447,0.0012725999986287206,100,112,78.57928658475103
100B,2448,0.0015608150006301003,100,112,64.06909208306561
100B,2449,0.0015446109991898993,100,112,64.74121966789497
100B,2450,0.0024907249990064884,100,112,40.14895263021347
100B,2451,0.0017986929997277912,100,112,55.59592438238971
100B,2452,0.0010821119994943729,100,112,92.41187607819334
100B,2453,0.00130896200062125,100,112,76.39641177707125
100B,2454,0.0017381140005454654,100,112,57.53362550938397
100B,2455,0.0014988390012149466,100,112,66.71830658192161
100B,2456,0.001507924000179628,100,112,66.31633954236933
100B,2457,0.0016719689992896747,100,112,59.80972137789897
100B,2458,0.0013001070001337212,100,112,76.9167460752958
100B,2459,0.0015780529993207892,100,112,63.36922780352818
100B,2460,0.001891315001557814,100,112,52.87326538288614
100B,2461,0.0017272969998884946,100,112,57.893923283868084
100B,2462,0.0017451700005040038,100,112,57.30100790818091
100B,2463,0.0017639599991525756,100,112,56.69062793262944
100B,2464,0.0016547149989492027,100,112,60.433367718007766
100B,2465,0.0019531279995135264,100,112,51.19992136967337
100B,2466,0.0019234899991715793,100,112,51.98883282110572
100B,2467,0.001393648999510333,100,112,71.75407870642867
100B,2468,0.0019526349988154834,100,112,51.21284831044331
100B,2469,0.0015539670002908679,100,112,64.35143087419632
100B,2470,0.0017987840001296718,100,112,55.59311178706901
100B,2471,0.0020419379998202203,100,112,48.973083418205825
100B,2472,0.001970188999621314,100,112,50.75655179235129
100B,2473,0.0016344720006600255,100,112,61.181837290341115
100B,2474,0.0014400359996216139,100,112,69.4427083949819
100B,2475,0.0017804880008043256,100,112,56.16437738127163
100B,2476,0.0019158139984938316,100,112,52.19713400080471
100B,2477,0.0017593960001249798,100,112,56.83768747507465
100B,2478,0.001743185999657726,100,112,57.36622484326685
100B,2479,0.0017731819989421638,100,112,56.395790200699935
100B,2480,0.0017250810014957096,100,112,57.96829245310584
100B,2481,0.0024166380007955013,100,112,41.37980118126186
100B,2482,0.0014874950011289911,100,112,67.22711667877955
100B,2483,0.0012587869987328304,100,112,79.44155770647927
100B,2484,0.0013578470006905263,100,112,73.64599984324117
100B,2485,0.0013282010004331823,100,112,75.28980927388685
100B,2486,0.001762132000294514,100,112,56.74943760358843
100B,2487,0.0016860489995451644,100,112,59.31025730982695
100B,2488,0.0018303680008102674,100,112,54.63382224543479
100B,2489,0.0024416650012426544,100,112,40.955659334555016
100B,2490,0.0019795909993263194,100,112,50.51548528662299
100B,2491,0.0017224959992745426,100,112,58.055287235567825
100B,2492,0.0015419480005220976,100,112,64.85303004131164
100B,2493,0.002158798000891693,100,112,46.32207365334549
100B,2494,0.002028996001172345,100,112,49.285459381004415
100B,2495,0.002127264000591822,100,112,47.008739851837475
100B,2496,0.0016071110003395006,100,112,62.2234556162425
100B,2497,0.001635803000681335,100,112,61.13205560715354
100B,2498,0.0015454469994438114,100,112,64.70619829472564
100B,2499,0.0016337079996446846,100,112,61.210448881776315
100B,2500,0.001673743001447292,100,112,59.746328984515316
100B,2501,0.002244784998765681,100,112,44.547696129021745
100B,2502,0.0017671349996817298,100,112,56.588772231895426
100B,2503,0.0019301299998915056,100,112,51.80998171398875
100B,2504,0.0016924739993555704,100,112,59.08510265922914
100B,2505,0.0019462479995127069,100,112,51.38091344219111
100B,2506,0.001780583999789087,100,112,56.16134931676638
100B,2507,0.0014251319989853073,100,112,70.1689387868632
100B,2508,0.0022366190005413955,100,112,44.71034180421163
100B,2509,0.0018349090005358448,100,112,54.49861544675905
100B,2510,0.0019655679989227792,100,112,50.875879163073755
100B,2511,0.0014012459996592952,100,112,71.36505654561327
100B,2512,0.0019005729991476983,100,112,52.61571118017801
100B,2513,0.0018430550007906277,100,112,54.257740521635185
100B,2514,0.0017716359998303233,100,112,56.44500338081716
100B,2515,0.0018369220015301835,100,112,54.438892841774724
100B,2516,0.0021074769992992515,100,112,47.450102674074536
100B,2517,0.001686080000581569,100,112,59.30916680436731
100B,2518,0.0020085010000912007,100,112,49.78837451186694
100B,2519,0.002063847001409158,100,112,48.453204104626835
100B,2520,0.0016072059988800902,100,112,62.219777719645485
100B,2521,0.002024637999056722,100,112,49.391545573376554
100B,2522,0.002172079000956728,100,112,46.03884110842807
100B,2523,0.0020683200000348734,100,112,48.34841803894655
100B,2524,0.0017232010013685795,100,112,58.0315354509307
100B,2525,0.0019076950011367444,100,112,52.419280828650635
100B,2526,0.0014315990010800306,100,112,69.85196268267703
100B,2527,0.0014065899995330255,100,112,71.0939222041953
100B,2528,0.002167481001379201,100,112,46.13650589618477
100B,2529,0.0017001269989123102,100,112,58.819135313995346
100B,2530,0.0015636349999113008,100,112,63.95354414916053
100B,2531,0.0014719379996677162,100,112,67.93764412806422
100B,2532,0.0019559350002964493,100,112,51.126443355655276
100B,2533,0.001717842000289238,100,112,58.21257134425792
100B,2534,0.0019315620011184365,100,112,51.77157137182073
100B,2535,0.0017136810001829872,100,112,58.35391767156313
100B,2536,0.001525059999039513,100,112,65.57119068297658
100B,2537,0.0013231159991846653,100,112,75.57916317361617
100B,2538,0.0016701370004739147,100,112,59.875327575895994
100B,2539,0.001557528001285391,100,112,64.20430317623335
100B,2540,0.002212078999946243,100,112,45.20634208924281
100B,2541,0.001427964998583775,100,112,70.0297276888284
100B,2542,0.0011814350000349805,100,112,84.6428284222485
100B,2543,0.00201102000028186,100,112,49.726009679657196
100B,2544,0.0018716939994192217,100,112,53.427536782737754
100B,2545,0.0015583770000375807,100,112,64.1693248794024
100B,2546,0.0017946259995369473,100,112,55.72191644710496
100B,2547,0.00189625600069121,100,112,52.735495610059345
100B,2548,0.001819731000068714,100,112,54.953177143338195
100B,2549,0.0019055230004596524,100,112,52.479030678652464
100B,2550,0.0017666790008661337,100,112,56.6033784014945
100B,2551,0.0018047390003630426,100,112,55.40967418551044
100B,2552,0.0018353409996052505,100,112,54.485787666438135
100B,2553,0.0024553749990445795,100,112,40.72697654692721
100B,2554,0.002085500998873613,100,112,47.95010889662023
100B,2555,0.0024632419990666676,100,112,40.59690442022766
100B,2556,0.0018059759986499557,100,112,55.371721481766244
100B,2557,0.002178159000322921,100,112,45.91033068989664
100B,2558,0.001863216999481665,100,112,53.6706137974371
100B,2559,0.0019226249987696065,100,112,52.012222905660494
100B,2560,0.002098242999636568,100,112,47.6589222589189
100B,2561,0.0018831430006684968,100,112,53.10271177733237
100B,2562,0.001868399998784298,100,112,53.521729857132556
100B,2563,0.0016830570002639433,100,112,59.415694170974376
100B,2564,0.002255458999570692,100,112,44.336873345529305
100B,2565,0.001709759000732447,100,112,58.48777515261555
100B,2566,0.0016250269982265308,100,112,61.537439137401876
100B,2567,0.001849772999776178,100,112,54.06068745305503
100B,2568,0.0020645849999709753,100,112,48.435884209856134
100B,2569,0.0015787760003149742,100,112,63.34020784458939
100B,2570,0.001550339000459644,100,112,64.50202179675028
100B,2571,0.0023897800001577707,100,112,41.84485600908791
100B,2572,0.0019120919987472007,100,112,52.29873879788202
100B,2573,0.0018470319992047735,100,112,54.14091366205582
100B,2574,0.0018250510001962539,100,112,54.792989340707
100B,2575,0.0017002469994622516,100,112,58.81498395917044
100B,2576,0.002245966999907978,100,112,44.52425169385713
100B,2577,0.001907578998725512,100,112,52.42246851470466
100B,2578,0.001880131998404977,100,112,53.18775494743757
100B,2579,0.002303621000464773,100,112,43.40991854989352
100B,2580,0.002394634000665974,100,112,41.76003513363166
100B,2581,0.0021387319993664278,100,112,46.7566763996722
100B,2582,0.0020854300000792136,100,112,47.95174136566635
100B,2583,0.0017540790013299556,100,112,57.00997499210654
100B,2584,0.0024056990005192347,100,112,41.56796007248474
100B,2585,0.0015373869991890388,100,112,65.0454310155799
100B,2586,0.0024211039999499917,100,112,41.30347147502359
100B,2587,0.0018718640003498876,100,112,53.42268454402033
100B,2588,0.0022095910007919883,100,112,45.257244424039015
100B,2589,0.0016353669998352416,100,112,61.14835386190054
100B,2590,0.0019230130001233192,100,112,52.00172853412181
100B,2591,0.001977228999749059,100,112,50.57583113169569
100B,2592,0.0018581219992483966,100,112,53.817779478661585
100B,2593,0.0039020320000417996,100,112,25.62767296601585
100B,2594,0.0016187410001293756,100,112,61.77640523839678
100B,2595,0.0015671559995098505,100,112,63.80985685616261
100B,2596,0.0015010669994808268,100,112,66.61927817651507
100B,2597,0.0017694419984763954,100,112,56.51499178051979
100B,2598,0.0016660050005157245,100,112,60.0238294417149
100B,2599,0.0016713910008547828,100,112,59.83040470414044
100B,2600,0.0019116660005238373,100,112,52.310393119194394
100B,2601,0.001554837001094711,100,112,64.31542337209186
100B,2602,0.0016823199985083193,100,112,59.44172338714874
100B,2603,0.0014131649986666162,100,112,70.763145205517
100B,2604,0.0019038379996345611,100,112,52.525477492935245
100B,2605,0.001084736000848352,100,112,92.18832962286847
100B,2606,0.0015694949997850927,100,112,63.714761763301425
100B,2607,0.0016730890001781518,100,112,59.76968349523063
100B,2608,0.0016965659997367766,100,112,58.94259345967978
100B,2609,0.00178771400169353,100,112,55.93735905478639
100B,2610,0.00175220100027218,100,112,57.07107802384909
100B,2611,0.0017488350003986852,100,112,57.18092328733289
100B,2612,0.0021057049998489674,100,112,47.49003303272421
100B,2613,0.0018199999994976679,100,112,54.94505496022014
100B,2614,0.0017176059991470538,100,112,58.220569821984206
100B,2615,0.00206995500047924,100,112,48.310228955145305
100B,2616,0.0019979380012955517,100,112,50.05160317044651
100B,2617,0.0020517750017461367,100,112,48.73828753878777
100B,2618,0.001988435000384925,100,112,50.29080657936609
100B,2619,0.0018225610001536552,100,112,54.86784803996644
100B,2620,0.001752772999680019,100,112,57.05245346559749
100B,2621,0.001789944000847754,100,112,55.86766957661131
100B,2622,0.001825767001719214,100,112,54.771501459844586
100B,2623,0.0020588109982782044,100,112,48.57172420568502
100B,2624,0.0019409649994486244,100,112,51.52076417060961
100B,2625,0.0018780259997583926,100,112,53.24739913763972
100B,2626,0.002176415000576526,100,112,45.94711944804199
100B,2627,0.0022475259993370855,100,112,44.49336738684905
100B,2628,0.002057015999525902,100,112,48.61410899236946
100B,2629,0.0017739329996402375,100,112,56.37191484699845
100B,2630,0.001768535999872256,100,112,56.54394369536336
100B,2631,0.0018230440000479575,100,112,54.853311273545444
100B,2632,0.0022127310003270395,100,112,45.1930216484607
100B,2633,0.0015962699999363394,100,112,62.6460435916155
100B,2634,0.002228800000011688,100,112,44.867193108163846
100B,2635,0.0020880049996776506,100,112,47.89260562854885
100B,2636,0.0017445169996790355,100,112,57.32245659881702
100B,2637,0.0019092100010311697,100,112,52.377684982788544
100B,2638,0.0017944310002349084,100,112,55.72797170072799
100B,2639,0.0020759779999934835,100,112,48.170067313003265
100B,2640,0.0016710549989511492,100,112,59.84243490655052
100B,2641,0.0016405210008088034,100,112,60.95624496772573
100B,2642,0.0018319050013815286,100,112,54.58798350601431
100B,2643,0.0018977149993588682,100,112,52.69495157796846
100B,2644,0.002043971000603051,100,112,48.92437317872715
100B,2645,0.001681168998402427,100,112,59.48241972997807
100B,2646,0.0018218819986941526,100,112,54.88829686646871
100B,2647,0.0020154360008746153,100,112,49.61705554361645
100B,2648,0.002106665000610519,100,112,47.46839197073081
100B,2649,0.0019383720009500394,100,112,51.589684514111724
100B,2650,0.0018490429993107682,100,112,54.082030562445034
100B,2651,0.0018891769996116636,100,112,52.93310262646425
100B,2652,0.0020904150005662814,100,112,47.837391127077915
100B,2653,0.0017759269994712668,100,112,56.30862081029921
100B,2654,0.002075468999464647,100,112,48.18188083069143
100B,2655,0.0017027630001393845,100,112,58.728079005601025
100B,2656,0.002150450000044657,100,112,46.501894951253625
100B,2657,0.002045553999778349,100,112,48.88651192333996
100B,2658,0.001988488000279176,100,112,50.289466160198295
100B,2659,0.0017877749996841885,100,112,55.93545050001541
100B,2660,0.0018294310011697235,100,112,54.661804646395964
100B,2661,0.001518863999081077,100,112,65.83867947393622
100B,2662,0.0014426259986066725,100,112,69.31803537201098
100B,2663,0.0015396959988720482,100,112,64.94788586400048
100B,2664,0.002297233999343007,100,112,43.530611173524036
100B,2665,0.0017235530012840172,100,112,58.01968371468805
100B,2666,0.0020050570001330925,100,112,49.87389385606602
100B,2667,0.0014196029987942893,100,112,70.44222933096997
100B,2668,0.0022741060001862934,100,112,43.973324019112596
100B,2669,0.0017434000001230743,100,112,57.35918320118192
100B,2670,0.001914900998599478,100,112,52.22202091551369
100B,2671,0.0014399629999388708,100,112,69.44622882966104
100B,2672,0.0021906029996898724,100,112,45.649531208602006
100B,2673,0.0017978799987758975,100,112,55.621064847534804
100B,2674,0.0017134089994215174,100,112,58.363181256642214
100B,2675,0.0017480900005466538,100,112,57.20529261578552
100B,2676,0.001568314000905957,100,112,63.76274135296483
100B,2677,0.001839001000917051,100,112,54.37734941423806
100B,2678,0.001615811999727157,100,112,61.888388015985655
100B,2679,0.00176073700095003,100,112,56.79439913288788
100B,2680,0.0016759720001573442,100,112,59.66686793729953
100B,2681,0.001542126999993343,100,112,64.84550234865979
100B,2682,0.0013780200006294763,100,112,72.56788722538153
100B,2683,0.0012444620006135665,100,112,80.35600922382221
100B,2684,0.0017854390007414622,100,112,56.00863426780288
100B,2685,0.0016110960004880326,100,112,62.069547667990015
100B,2686,0.0016967939991445746,100,112,58.93467330177629
100B,2687,0.0020562320005410584,100,112,48.63264455260248
100B,2688,0.0017788599998311838,100,112,56.215778650084964
100B,2689,0.0017773390009097056,100,112,56.263886601721126
100B,2690,0.002187276000768179,100,112,45.71896732048431
100B,2691,0.0021566340001299977,100,112,46.36855395675492
100B,2692,0.001495680000516586,100,112,66.85922120069898
100B,2693,0.001682744001300307,100,112,59.42674579301842
100B,2694,0.0011634139991656411,100,112,85.95392531954782
100B,2695,0.0015496300002268981,100,112,64.53153332431478
100B,2696,0.0016956079998635687,100,112,58.97589537678883
100B,2697,0.001563608000651584,100,112,63.954648453019026
100B,2698,0.0018541509998613037,100,112,53.9330399775856
100B,2699,0.0022155229999043513,100,112,45.1360694537214
100B,2700,0.0017262279998249141,100,112,57.929775215175916
100B,2701,0.0018962920003104955,100,112,52.7344944679544
100B,2702,0.002017724000324961,100,112,49.56079225101882
100B,2703,0.0026346390004619025,100,112,37.955864155380716
100B,2704,0.0019291139997221762,100,112,51.83726830783542
100B,2705,0.0016892340008780593,100,112,59.198429553288804
100B,2706,0.0020384229992487235,100,112,49.05753125668999
100B,2707,0.002630299999509589,100,112,38.01847698690061
100B,2708,0.001964015000339714,100,112,50.91610806572409
100B,2709,0.0015960349992383271,100,112,62.6552676148849
100B,2710,0.001646294000238413,100,112,60.7424919154891
100B,2711,0.0021558139997068793,100,112,46.38619102278617
100B,2712,0.0014175030009937473,100,112,70.5465878589989
100B,2713,0.0016166549994522939,100,112,61.856116508394784
100B,2714,0.002057043000604608,100,112,48.613470875722044
100B,2715,0.0022980060002737446,100,112,43.51598733340458
100B,2716,0.001431014999980107,100,112,69.88046945796525
100B,2717,0.001848875999712618,100,112,54.0869155181546
100B,2718,0.0022443159996328177,100,112,44.55700534878357
100B,2719,0.0017756540000846144,100,112,56.317278025580855
100B,2720,0.0015554410001641372,100,112,64.29044881126802
100B,2721,0.0018233569990115939,100,112,54.843895108971005
100B,2722,0.0019281419990875293,100,112,51.86340012681838
100B,2723,0.0019016950009245193,100,112,52.584667862819465
100B,2724,0.0023057060006976826,100,112,43.37066389632548
100B,2725,0.002163589999327087,100,112,46.21947782671472
100B,2726,0.0022185520010680193,100,112,45.07444493158584
100B,2727,0.0024040939988481114,100,112,41.59571133571051
100B,2728,0.0020920850001857616,100,112,47.79920509497498
100B,2729,0.0019378270008019172,100,112,51.60419374826427
100B,2730,0.001826645999244647,100,112,54.745144949460325
100B,2731,0.0024330729993380373,100,112,41.100287589894286
100B,2732,0.00208883500090451,100,112,47.873575441189885
100B,2733,0.0020784110001841327,100,112,48.11367914774349
100B,2734,0.001757844000167097,100,112,56.887869452860556
100B,2735,0.0020450089996302268,100,112,48.899540304263574
100B,2736,0.002354002999709337,100,112,42.480829468929144
100B,2737,0.0020834370006923564,100,112,47.997611622894546
100B,2738,0.001945362999322242,100,112,51.404288060809044
100B,2739,0.0019089369998255279,100,112,52.38517562870841
100B,2740,0.002210012000432471,100,112,45.24862307554497
100B,2741,0.0013935299994045636,100,112,71.76020612597408
100B,2742,0.0021049990009487374,100,112,47.50596078902143
100B,2743,0.0017463950007368112,100,112,57.26081439640493
100B,2744,0.0016136300000653137,100,112,61.9720753803241
100B,2745,0.0018886950001615332,100,112,52.946611279982925
100B,2746,0.0016529849999642465,100,112,60.49661672801808
100B,2747,0.00195957100004307,100,112,51.031577828923815
100B,2748,0.0018027669993898598,100,112,55.470285418939135
100B,2749,0.001772137000443763,100,112,56.42904582149059
100B,2750,0.00173397000071418,100,112,57.67112462084837
100B,2751,0.002106036999975913,100,112,47.482546603475484
100B,2752,0.0018442740001773927,100,112,54.22187808882055
100B,2753,0.0016639980003674282,100,112,60.09622606392493
100B,2754,0.002142003000699333,100,112,46.685275402205995
100B,2755,0.0019827420001092833,100,112,50.43520538450705
100B,2756,0.0021418699998321244,100,112,46.68817435597763
100B,2757,0.0019232249997003237,100,112,51.99599631638626
100B,2758,0.0018439989999023965,100,112,54.22996433582287
100B,2759,0.002061330000287853,100,112,48.51236822150532
100B,2760,0.0015625910000380827,100,112,63.99627285550912
100B,2761,0.0011931879998883232,100,112,83.80908960646565
100B,2762,0.0015787350002938183,100,112,63.34185280074807
100B,2763,0.001783604999218369,100,112,56.06622545004252
100B,2764,0.0017525259991089115,100,112,57.060494423960584
100B,2765,0.0027491999990161275,100,112,36.37421796733144
100B,2766,0.0014274629993451526,100,112,70.05435520631703
100B,2767,0.0023211489988170797,100,112,43.08211151070556
100B,2768,0.001992949999475968,100,112,50.17687349220717
100B,2769,0.0019116019993816735,100,112,52.312144490509
100B,2770,0.0015998859998944681,100,112,62.504453446430695
100B,2771,0.001789476998965256,100,112,55.88224942696879
100B,2772,0.0020072690003871685,100,112,49.818933078083546
100B,2773,0.0015014680011518067,100,112,66.60148596126456
100B,2774,0.0017726139994920231,100,112,56.41386112749698
100B,2775,0.0013875739987270208,100,112,72.06822849933867
100B,2776,0.001440070000171545,100,112,69.44106882865954
100B,2777,0.001693158999842126,100,112,59.061198628908585
100B,2778,0.0019154849996994017,100,112,52.20609924676678
100B,2779,0.0016626579999865498,100,112,60.1446599365648
100B,2780,0.0016904160002013668,100,112,59.157035894175
100B,2781,0.0018933619994641049,100,112,52.81610174298623
100B,2782,0.0023878859992692014,100,112,41.878046117195055
100B,2783,0.0014120709984126734,100,112,70.81796886446308
100B,2784,0.0013493689984898083,100,112,74.10871311844156
100B,2785,0.0013730850005231332,100,112,72.82870322077721
100B,2786,0.0017414339999959338,100,112,57.42393912157078
100B,2787,0.0020727949995489325,100,112,48.24403765049671
100B,2788,0.002032172000326682,100,112,49.20843313652806
100B,2789,0.00194780499987246,100,112,51.33984151727092
100B,2790,0.0025220339994120877,100,112,39.65053604483962
100B,2791,0.0018049619993689703,100,112,55.402828444566055
100B,2792,0.0017814130005717743,100,112,56.13521399467913
100B,2793,0.002137554998626001,100,112,46.782422002839226
100B,2794,0.0018351369999436429,100,112,54.49184447976963
100B,2795,0.0019754719996853964,100,112,50.62081366677204
100B,2796,0.001657525999689824,100,112,60.330878682272974
100B,2797,0.0023492809996241704,100,112,42.56621494661458
100B,2798,0.001810978999856161,100,112,55.21875185076283
100B,2799,0.0019139029991492862,100,112,52.249251944559965
100B,2800,0.001967869999134564,100,112,50.81636492450127
100B,2801,0.0022742340006516315,100,112,43.97084907329115
100B,2802,0.0022804809996159747,100,112,43.85039823477576
100B,2803,0.002248586999485269,100,112,44.47237310492825
100B,2804,0.0018399000000499655,100,112,54.350779932216064
100B,2805,0.001990656999623752,100,112,50.23467127631766
100B,2806,0.0018402920013613766,100,112,54.33920265154871
100B,2807,0.0021089059991936665,100,112,47.41795036774265
100B,2808,0.001925192000271636,100,112,51.94287114526262
100B,2809,0.002200610999352648,100,112,45.441925006017385
100B,2810,0.0020255540002835914,100,112,49.36920960191598
100B,2811,0.002198715999838896,100,112,45.481089875785315
100B,2812,0.002338139000130468,100,112,42.76905692707748
100B,2813,0.002166287000363809,100,112,46.16193513749834
100B,2814,0.0019081829996139277,100,112,52.40587512845071
100B,2815,0.002215610998973716,100,112,45.134276750892
100B,2816,0.0025939690003724536,100,112,38.550961860238715
100B,2817,0.0018911810002464335,100,112,52.8770117651189
100B,2818,0.0019633709998743143,100,112,50.93280893239308
100B,2819,0.002185819999795058,100,112,45.7494212741104
100B,2820,0.002069684000161942,100,112,48.3165546006905
100B,2821,0.0019405599996389356,100,112,51.53151668518686
100B,2822,0.0032333309991372516,100,112,30.927857378871188
100B,2823,0.0016499379999004304,100,112,60.60833801393431
100B,2824,0.0013440479997370858,100,112,74.40210470129145
100B,2825,0.0017109350010287017,100,112,58.447573952181045
100B,2826,0.001499300000432413,100,112,66.69779228383845
100B,2827,0.001674185999945621,100,112,59.73051978886939
100B,2828,0.0017473409989179345,100,112,57.229813792457456
100B,2829,0.0024961130002338905,100,112,40.06228884294494
100B,2830,0.0030354509999597212,100,112,32.94403368768823
100B,2831,0.0016494129995408002,100,112,60.62762936137898
100B,2832,0.0016773940005805343,100,112,59.61628571784011
100B,2833,0.0026298369994037785,100,112,38.02517038990303
100B,2834,0.002137236000635312,100,112,46.78940461899113
100B,2835,0.0016304399996442953,100,112,61.33313708067545
100B,2836,0.0016906130003917497,100,112,59.15014256771239
100B,2837,0.0019218369998270646,100,112,52.03354915583291
100B,2838,0.002469282000674866,100,112,40.49760212590929
100B,2839,0.00193466500059003,100,112,51.68853520868068
100B,2840,0.0016464860000269255,100,112,60.73540862076244
100B,2841,0.0025562379996699747,100,112,39.119988049982275
100B,2842,0.002007568000408355,100,112,49.81151322379078
100B,2843,0.0015410790001624264,100,112,64.88960007206653
100B,2844,0.0017401889999746345,100,112,57.46502247828117
100B,2845,0.0013721300001634518,100,112,72.87939188567245
100B,2846,0.001362132001304417,100,112,73.41432394528366
100B,2847,0.0013104469999234425,100,112,76.30983931882945
100B,2848,0.0017498390006949194,100,112,57.14811474672051
100B,2849,0.001816715999666485,100,112,55.044376786662376
100B,2850,0.0015979729996615788,100,112,62.579280138762144
100B,2851,0.0018556169998191763,100,112,53.89043105864231
100B,2852,0.002297289000125602,100,112,43.529568980886864
100B,2853,0.002082347000396112,100,112,48.022735874941894
100B,2854,0.001712944998871535,100,112,58.378990607333364
100B,2855,0.002172926999264746,100,112,46.020874163668196
100B,2856,0.002448420998916845,100,112,40.84264921932908
100B,2857,0.0020950649995938875,100,112,47.73121598584495
100B,2858,0.0017620649996388238,100,112,56.75159544085906
100B,2859,0.0023103790008462965,100,112,43.28294187376608
100B,2860,0.002580779000709299,100,112,38.74799042169674
100B,2861,0.0017149659997812705,100,112,58.31019391215579
100B,2862,0.0023240310001710895,100,112,43.02868593088399
100B,2863,0.002347870000448893,100,112,42.5917959601174
100B,2864,0.002638230000229669,100,112,37.90420091928853
100B,2865,0.002105383999150945,100,112,47.497273675646724
100B,2866,0.0018058599998767022,100,112,55.37527826455409
100B,2867,0.0016720959993108409,100,112,59.80517867467854
100B,2868,0.0021090770005685044,100,112,47.41410577852059
100B,2869,0.002172488999349298,100,112,46.030152525491225
100B,2870,0.002055049000773579,100,112,48.660640190261724
100B,2871,0.00215223600025638,100,112,46.463306063130496
100B,2872,0.0023778209997544764,100,112,42.05531030734676
100B,2873,0.002067958999759867,100,112,48.3568581444855
100B,2874,0.0019585549998737406,100,112,51.058050453751136
100B,2875,0.002068154000880895,100,112,48.352298696038446
100B,2876,0.0020136060011282098,100,112,49.66214837657947
100B,2877,0.0020888569997623563,100,112,47.87307125924691
100B,2878,0.0019816950007225387,100,112,50.46185208295896
100B,2879,0.002103171998896869,100,112,47.54722868716911
100B,2880,0.0019107890002487693,100,112,52.33440216946026
100B,2881,0.002055791001112084,100,112,48.64307701799687
100B,2882,0.0016036760007409612,100,112,62.356735371606284
100B,2883,0.0014501269997708732,100,112,68.95947735322524
100B,2884,0.0016798939996078843,100,112,59.52756544361828
100B,2885,0.0016726329995435663,100,112,59.78597817171391
100B,2886,0.0019490809991111746,100,112,51.30623101123159
100B,2887,0.0017621189999772469,100,112,56.74985628172175
100B,2888,0.0018828579995897599,100,112,53.11074973353708
100B,2889,0.0015756739994685631,100,112,63.46490456384226
100B,2890,0.0016074110008048592,100,112,62.21184249076821
100B,2891,0.0017988800009334227,100,112,55.59014495025288
100B,2892,0.0020625650013244012,100,112,48.48332049452436
100B,2893,0.0018218309996882454,100,112,54.88983336934774
100B,2894,0.0015437820002262015,100,112,64.7759852008558
100B,2895,0.0017252080015168758,100,112,57.964025156430864
100B,2896,0.002537235999625409,100,112,39.41296750273279
100B,2897,0.0022116330001153983,100,112,45.21545843943467
100B,2898,0.0019945979984186124,100,112,50.13541579771138
100B,2899,0.00223532800009707,100,112,44.736163997255645
100B,2900,0.002129931999661494,100,112,46.9498556836053
100B,2901,0.0017258729985769605,100,112,57.94169100649544
100B,2902,0.002088222001475515,100,112,47.88762877191271
100B,2903,0.002119487999152625,100,112,47.18120604597911
100B,2904,0.001889395998659893,100,112,52.926967174127505
100B,2905,0.002277001000038581,100,112,43.91741593363623
100B,2906,0.0016514880007889587,100,112,60.55145417479715
100B,2907,0.0017854180005087983,100,112,56.009293045943615
100B,2908,0.0019133969999529654,100,112,52.263069296365664
100B,2909,0.0017281359996559331,100,112,57.86581612784509
100B,2910,0.0017886610003188252,100,112,55.907743268386355
100B,2911,0.0016306460001942469,100,112,61.32538882632265
100B,2912,0.002102316999298637,100,112,47.5665658572715
100B,2913,0.0016790390000096522,100,112,59.55787804775537
100B,2914,0.002104332999806502,100,112,47.52099596841147
100B,2915,0.0020696589999715798,100,112,48.31713823454646
100B,2916,0.0020268409989512293,100,112,49.33786125884769
100B,2917,0.001990226999623701,100,112,50.245524766223824
100B,2918,0.002164567000363604,100,112,46.19861615889089
100B,2919,0.0019933990006393287,100,112,50.16557145254297
100B,2920,0.001962860000276123,100,112,50.946068484727704
100B,2921,0.002195300001403666,100,112,45.55186076438773
100B,2922,0.0016303190004691714,100,112,61.33768910944552
100B,2923,0.0024881970002752496,100,112,40.189743814070106
100B,2924,0.002094617000693688,100,112,47.741424788819316
100B,2925,0.0017617600005905842,100,112,56.76142037875624
100B,2926,0.0022508500005642418,100,112,44.42766065039077
100B,2927,0.002143582998542115,100,112,46.650864495571945
100B,2928,0.0014594879994547227,100,112,68.51717865262397
100B,2929,0.0016194650015677325,100,112,61.74878734841099
100B,2930,0.001606560999789508,100,112,62.24475759905912
100B,2931,0.002235826999822166,100,112,44.72617962300028
100B,2932,0.0019281549994047964,100,112,51.863050445046724
100B,2933,0.002394523999100784,100,112,41.76195353964004
100B,2934,0.002103352999256458,100,112,47.5431370936549
100B,2935,0.002144808000593912,100,112,46.624219963889225
100B,2936,0.0020801709997613216,100,112,48.07297092954088
100B,2937,0.0021974740011501126,100,112,45.50679550595914
100B,2938,0.001623840998945525,100,112,61.582384029555286
100B,2939,0.00225481900088198,100,112,44.34945774400724
100B,2940,0.0020627640005841386,100,112,48.47864320478821
100B,2941,0.0021077519995742477,100,112,47.44391181704458
100B,2942,0.00201846299933095,100,112,49.542647070145215
100B,2943,0.002142844999980298,100,112,46.666931113038714
100B,2944,0.0017695559999992838,100,112,56.51135086995861
100B,2945,0.0021771390001958935,100,112,45.93183990135782
100B,2946,0.002013465998970787,100,112,49.66560153045369
100B,2947,0.0019397009982640157,100,112,51.55433754454811
100B,2948,0.0019476750003377674,100,112,51.34326824683683
100B,2949,0.0020101390000490937,100,112,49.74780350889052
100B,2950,0.0022086099997977726,100,112,45.27734638942879
100B,2951,0.002300708001712337,100,112,43.46488121290206
100B,2952,0.0023706930005573668,100,112,42.18175865727418
100B,2953,0.0013503169993782649,100,112,74.05668450152346
100B,2954,0.0014718840011482826,100,112,67.94013653384745
100B,2955,0.001939223000590573,100,112,51.567045135884776
100B,2956,0.0017306629997619893,100,112,57.78132427500476
100B,2957,0.0017785509990062565,100,112,56.22554543326211
100B,2958,0.0016740229984861799,100,112,59.73633581523675
100B,2959,0.0024332659995707218,100,112,41.09702762363098
100B,2960,0.0018374909996055067,100,112,54.42203527607435
100B,2961,0.00178611999945133,100,112,55.9872797072529
100B,2962,0.0024529339989385335,100,112,40.76750538060679
100B,2963,0.002461104000758496,100,112,40.632171565761
100B,2964,0.0016810370016173692,100,112,59.4870903518408
100B,2965,0.001422721999915666,100,112,70.2878004317974
100B,2966,0.001669154999035527,100,112,59.910553578177044
100B,2967,0.001892912001494551,100,112,52.82865760322977
100B,2968,0.0016117899995151674,100,112,62.04282197437655
100B,2969,0.001414977001331863,100,112,70.6725267660703
100B,2970,0.0019122939993394539,100,112,52.29321434598555
100B,2971,0.0022073089985497063,100,112,45.30403313070538
100B,2972,0.001950764999492094,100,112,51.261940841688386
100B,2973,0.0018159620012738742,100,112,55.067231544410774
100B,2974,0.0021942460007267073,100,112,45.573741488821774
100B,2975,0.00251607600148418,100,112,39.74442741038511
100B,2976,0.0022523090010508895,100,112,44.39888130507035
100B,2977,0.0020606379985110834,100,112,48.528659605546984
100B,2978,0.0020980099998268997,100,112,47.664215141134065
100B,2979,0.002333417998670484,100,112,42.8555878359459
100B,2980,0.0019180380004399922,100,112,52.13661042015867
100B,2981,0.0020056840003235266,100,112,49.85830269567365
100B,2982,0.0018947900007333374,100,112,52.77629708901628
100B,2983,0.0029191849989729235,100,112,34.25613657071535
100B,2984,0.002700668999750633,100,112,37.02786235900569
100B,2985,0.0023949179994815495,100,112,41.755083064074825
100B,2986,0.004082995999851846,100,112,24.491819243425308
100B,2987,0.0024572139991505537,100,112,40.696496127146226
100B,2988,0.002297298999110353,100,112,43.5293795186111
100B,2989,0.0023265470008482225,100,112,42.982153364424434
100B,2990,0.0014801079996686894,100,112,67.56263733618371
100B,2991,0.0026194300007773563,100,112,38.17624443879907
100B,2992,0.001760622000801959,100,112,56.79810882429632
100B,2993,0.00123717800124723,100,112,80.82911262501233
100B,2994,0.0015292059997591423,100,112,65.39341332413717
100B,2995,0.0020730680007545743,100,112,48.23768441922845
100B,2996,0.0016044940002757357,100,112,62.324944800550696
100B,2997,0.001826169000196387,100,112,54.75944449240238
100B,2998,0.0020285470000089845,100,112,49.29636828703357
100B,2999,0.002261181998619577,100,112,44.22465775026014
100B,3000,0.0019142390010529198,100,112,52.24008075532647
100B,3001,0.0020391480011312524,100,112,49.04008926498875
100B,3002,0.0021252919996186392,100,112,47.052357990310945
100B,3003,0.002476103998560575,100,112,40.3860258123781
100B,3004,0.0018720470015978208,100,112,53.41746222966008
100B,3005,0.002174586999899475,100,112,45.98574350192599
100B,3006,0.0020510989998001605,100,112,48.75435072112221
100B,3007,0.0028716470005747396,100,112,34.823221649452634
100B,3008,0.002175767000153428,100,112,45.96080370414127
100B,3009,0.0021426190014608437,100,112,46.67185343349411
100B,3010,0.001765529999829596,100,112,56.640215691408095
100B,3011,0.0014226250004867325,100,112,70.29259289397159
100B,3012,0.0019564710000850027,100,112,51.11243662474696
100B,3013,0.0016935660005401587,100,112,59.04700493993458
100B,3014,0.001987225999982911,100,112,50.32140280011429
100B,3015,0.002034340999671258,100,112,49.155967468659206
100B,3016,0.002017918001001817,100,112,49.556027524584216
100B,3017,0.002238523000414716,100,112,44.67231294093189
100B,3018,0.0016123490004247287,100,112,62.021311746810255
100B,3019,0.0018009159994107904,100,112,55.52729834857218
100B,3020,0.001928224999574013,100,112,51.861167665646995
100B,3021,0.002894793999075773,100,112,34.54477245424967
100B,3022,0.002200049999373732,100,112,45.4535124331111
100B,3023,0.0020779340011358727,100,112,48.12472385809002
100B,3024,0.0027580420010053786,100,112,36.25760592606907
100B,3025,0.0017215120005857898,100,112,58.08847104520466
100B,3026,0.0017788629993447103,100,112,56.21568385920533
100B,3027,0.002179703000365407,100,112,45.87780995082171
100B,3028,0.0022852339989185566,100,112,43.75919492153674
100B,3029,0.001921627001138404,100,112,52.03923547117017
100B,3030,0.0020551130000967532,100,112,48.65912482442186
100B,3031,0.0019306200010760222,100,112,51.79683207687968
100B,3032,0.002189356999224401,100,112,45.67551113656926
100B,3033,0.002028488999712863,100,112,49.29777781104813
100B,3034,0.0019685549996211194,100,112,50.79868229195864
100B,3035,0.0019848489992000395,100,112,50.3816663334608
100B,3036,0.0016790850004326785,100,112,59.55624639266702
100B,3037,0.0018422539997118292,100,112,54.28133146441386
100B,3038,0.0020681650003098184,100,112,48.35204153683079
100B,3039,0.00229932999900484,100,112,43.49092998537854
100B,3040,0.002296345001013833,100,112,43.54746344989544
100B,3041,0.0021624070013785968,100,112,46.24476332912681
100B,3042,0.0019453349996183533,100,112,51.40502793586634
100B,3043,0.0019271019991720095,100,112,51.891389268946625
100B,3044,0.0017737590005708626,100,112,56.37744471927484
100B,3045,0.0019313489992782706,100,112,51.77728108041021
100B,3046,0.0019045110002480214,100,112,52.50691646673459
100B,3047,0.0018593719996715663,100,112,53.78159938821478
100B,3048,0.001847772000473924,100,112,54.11923114667372
100B,3049,0.002114021999659599,100,112,47.30319741994268
100B,3050,0.001777591000063694,100,112,56.25591038456925
100B,3051,0.002118948999850545,100,112,47.19320757934866
100B,3052,0.002334711998628336,100,112,42.83183538644205
100B,3053,0.0019033190001209732,100,112,52.53980020881633
100B,3054,0.002045305000137887,100,112,48.89246346792208
100B,3055,0.0019305080004414776,100,112,51.7998371294662
100B,3056,0.001981424000405241,100,112,50.46875377483467
100B,3057,0.002549745000578696,100,112,39.219608226431966
100B,3058,0.0019371409998711897,100,112,51.62246837305571
100B,3059,0.0020704069993371377,100,112,48.29968215525548
100B,3060,0.0018772589992295252,100,112,53.26915467766704
100B,3061,0.0019076640001003398,100,112,52.42013268308265
100B,3062,0.0022782920004829066,100,112,43.89253000879783
100B,3063,0.001890841000204091,100,112,52.886519802144306
100B,3064,0.0018713600002229214,100,112,53.4370724970544
100B,3065,0.0016847059996507596,100,112,59.35753776666673
100B,3066,0.001445275000151014,100,112,69.19098440750113
100B,3067,0.0018908720012404956,100,112,52.88565272233952
100B,3068,0.0015027310000732541,100,112,66.54550947250391
100B,3069,0.0017591640007594833,100,112,56.84518325569818
100B,3070,0.0020676309995906195,100,112,48.36452927035796
100B,3071,0.0025244850003218744,100,112,39.61203967829078
100B,3072,0.0017883040000015171,100,112,55.91890416837135
100B,3073,0.0016314229997078655,100,112,61.29618132017676
100B,3074,0.001397957999870414,100,112,71.5329072899684
100B,3075,0.0020949440004187636,100,112,47.73397283173715
100B,3076,0.001303143000768614,100,112,76.73754909554702
100B,3077,0.0014568739989044843,100,112,68.64011580630606
100B,3078,0.0016245090009761043,100,112,61.55706120428627
100B,3079,0.0017615879987715743,100,112,56.766962575661275
100B,3080,0.0014993669992691139,100,112,66.69481190979013
100B,3081,0.0016344850009772927,100,112,61.18135066409781
100B,3082,0.002040176001173677,100,112,49.01537903713786
100B,3083,0.0019148129995301133,100,112,52.224420883156505
100B,3084,0.0018458020003890852,100,112,54.176991886952415
100B,3085,0.002343365000342601,100,112,42.67367652302563
100B,3086,0.0018533700003899867,100,112,53.95576705080905
100B,3087,0.0022922830012248596,100,112,43.624630966842204
100B,3088,0.002106537000145181,100,112,47.47127631421051
100B,3089,0.0019413549998716917,100,112,51.51041412137874
100B,3090,0.002720256001339294,100,112,36.76124598227736
100B,3091,0.0017661140009295195,100,112,56.62148646540893
100B,3092,0.0019118580003123498,100,112,52.305139808323894
100B,3093,0.0033041210008377675,100,112,30.265235436185527
100B,3094,0.0013677660008397652,100,112,73.1119211463095
100B,3095,0.001458355000067968,100,112,68.57040980785845
100B,3096,0.0012334710008872207,100,112,81.07203163112162
100B,3097,0.0017449710012442665,100,112,57.30754260597691
100B,3098,0.001256303999980446,100,112,79.59856850058304
100B,3099,0.0015456479995918926,100,112,64.69778372980372
100B,3100,0.0019951190006395336,100,112,50.12232351450971
100B,3101,0.001957985999979428,100,112,51.072888162147564
100B,3102,0.0020032709999213694,100,112,49.918358526592314
100B,3103,0.0016743500000302447,100,112,59.72466927356505
100B,3104,0.0024972340015665395,100,112,40.04430499395291
100B,3105,0.0023240589998749783,100,112,43.02816753162439
100B,3106,0.0019776650005951524,100,112,50.56468106069851
100B,3107,0.002117527999871527,100,112,47.22487731263394
100B,3108,0.002225263000582345,100,112,44.93850838028147
100B,3109,0.001956348000021535,100,112,51.115650180284504
100B,3110,0.002397984000708675,100,112,41.701696079059346
100B,3111,0.0016535569993720856,100,112,60.475689702848804
100B,3112,0.00211740999839094,100,112,47.2275091153777
100B,3113,0.0021266809999360703,100,112,47.02162665816174
100B,3114,0.0022751899996364955,100,112,43.95237321541361
100B,3115,0.002126190000126371,100,112,47.03248533482729
100B,3116,0.00209958000050392,100,112,47.62857332228303
100B,3117,0.0018119569995178608,100,112,55.188947655274795
100B,3118,0.0018553919999249047,100,112,53.89696624974529
100B,3119,0.001918154001032235,100,112,52.13345745241833
100B,3120,0.0017743629996402888,100,112,56.3582536494915
100B,3121,0.0020363579988043057,100,112,49.10727880790966
100B,3122,0.0022625469991908176,100,112,44.19797689761327
100B,3123,0.0020831399997405242,100,112,48.00445481938612
100B,3124,0.0018626080000103684,100,112,53.68816197473829
100B,3125,0.002410283001154312,100,112,41.48890398020019
100B,3126,0.0018906990007963032,100,112,52.8904918011186
100B,3127,0.0017796520005504135,100,112,56.1907608729526
100B,3128,0.0025510470004519448,100,112,39.1995913765148
100B,3129,0.0022759809999115532,100,112,43.937097894879656
100B,3130,0.0023734509995847475,100,112,42.132742583476855
100B,3131,0.0019382939990464365,100,112,51.59176061484791
100B,3132,0.0018123740010196343,100,112,55.17624946271597
100B,3133,0.0013281430001370609,100,112,75.29309719637136
100B,3134,0.0013887710010749288,100,112,72.0061118230425
100B,3135,0.001768153000739403,100,112,56.55619166338104
100B,3136,0.0019913699998141965,100,112,50.216685000442126
100B,3137,0.0015765539992571576,100,112,63.429479768608054
100B,3138,0.001887272999738343,100,112,52.986504874421605
100B,3139,0.002326193000044441,100,112,42.98869440243761
100B,3140,0.0017219989986188011,100,112,58.07204306170273
100B,3141,0.002087974999085418,100,112,47.89329376252223
100B,3142,0.00209456999982649,100,112,47.7424960771346
100B,3143,0.0012946560000273166,100,112,77.24059518350053
100B,3144,0.0017373629998473916,100,112,57.55849526482601
100B,3145,0.0014516810006171,100,112,68.88565735687845
100B,3146,0.002039225000771694,100,112,49.038237547184586
100B,3147,0.001910228998895036,100,112,52.34974448500393
100B,3148,0.002044995000687777,100,112,48.89987504437311
100B,3149,0.0021263809994707117,100,112,47.028260704404104
100B,3150,0.0020132289992034202,100,112,49.67144822549609
100B,3151,0.002200719000029494,100,112,45.439694935455094
100B,3152,0.002003504001550027,100,112,49.91255316816647
100B,3153,0.0018338619993301108,100,112,54.52973017409646
100B,3154,0.001780320999387186,100,112,56.16964583039887
100B,3155,0.0016611340015515452,100,112,60.1998393306002
100B,3156,0.0014916290001565358,100,112,67.04079901202358
100B,3157,0.0013094570003886474,100,112,76.36753247362834
100B,3158,0.001860849999502534,100,112,53.73888278299339
100B,3159,0.0013369650005188305,100,112,74.7962736206209
100B,3160,0.0019185479995940113,100,112,52.122751174930855
100B,3161,0.002184234999731416,100,112,45.782619549772114
100B,3162,0.002575844000602956,100,112,38.822226802784606
100B,3163,0.00199797999994189,100,112,50.05055105802282
100B,3164,0.0019138410007144557,100,112,52.25094454694461
100B,3165,0.002027897000516532,100,112,49.31216919524447
100B,3166,0.002336838000701391,100,112,42.79286795660866
100B,3167,0.0017343309991701972,100,112,57.65912046076885
100B,3168,0.0016432769989478402,100,112,60.854013087281174
100B,3169,0.0021010450000176206,100,112,47.59536325931208
100B,3170,0.0019400809997023316,100,112,51.54423965563453
100B,3171,0.0022455729995272122,100,112,44.53206376325963
100B,3172,0.002160736999940127,100,112,46.28050521778955
100B,3173,0.0024046630005614134,100,112,41.585868779389514
100B,3174,0.0020851910012424923,100,112,47.95723746189845
100B,3175,0.0020192749998386716,100,112,49.52272474427179
100B,3176,0.0020077190001757117,100,112,49.807766919199445
100B,3177,0.002232136999737122,100,112,44.80011756078456
100B,3178,0.0018561100005172193,100,112,53.876117240968604
100B,3179,0.0015167359997576568,100,112,65.93105195365439
100B,3180,0.0015289549992303364,100,112,65.40414861806867
100B,3181,0.0018940200006909436,100,112,52.79775290837464
100B,3182,0.001796851998733473,100,112,55.652886309215155
100B,3183,0.0023641620009584585,100,112,42.29828580252066
100B,3184,0.0021944340005575214,100,112,45.569837130938474
100B,3185,0.002134292999471654,100,112,46.8539230671492
100B,3186,0.001816010000766255,100,112,55.06577604628035
100B,3187,0.002158231000066735,100,112,46.33424318198927
100B,3188,0.0021619349990942283,100,112,46.2548596705712
100B,3189,0.0022920519986655563,100,112,43.62902763908519
100B,3190,0.0018966229999932693,100,112,52.72529121515181
100B,3191,0.0022569940010725986,100,112,44.30671944740512
100B,3192,0.0021951130001980346,100,112,45.55574131763531
100B,3193,0.002105323999785469,100,112,47.4986272945114
100B,3194,0.0021028379997005686,100,112,47.554780736433045
100B,3195,0.002141943001333857,100,112,46.68658313397078
100B,3196,0.002219595999122248,100,112,45.053243941485555
100B,3197,0.0019426279995968798,100,112,51.47665946375285
100B,3198,0.0018652269991434878,100,112,53.612777450637374
100B,3199,0.0020514520001597703,100,112,48.74596139330184
100B,3200,0.0022736190003342927,100,112,43.982742924516764
100B,3201,0.001941017000717693,100,112,51.5193838915501
100B,3202,0.0020573580004565883,100,112,48.60602771992383
100B,3203,0.001940374999321648,100,112,51.53642983184171
100B,3204,0.0017169769998872653,100,112,58.24189841015103
100B,3205,0.0018504709987610113,100,112,54.04029572306473
100B,3206,0.0023589170014020056,100,112,42.392335101474835
100B,3207,0.001856271999713499,100,112,53.87141540433418
100B,3208,0.00195444200107886,100,112,51.16549887118656
100B,3209,0.002372275999732665,100,112,42.15361113600152
100B,3210,0.0021164459994906792,100,112,47.24902030293469
100B,3211,0.0019420699991314905,100,112,51.49144986778067
100B,3212,0.0019927260000258684,100,112,50.18251380204898
100B,3213,0.0022958519984968007,100,112,43.556814666395994
100B,3214,0.0015197800003079465,100,112,65.79899720994976
100B,3215,0.0019563429996196646,100,112,51.115780831603224
100B,3216,0.0021577019997494062,100,112,46.34560287361921
100B,3217,0.0022394749994418817,100,112,44.65332277650871
100B,3218,0.0025065150002774317,100,112,39.89603093894574
100B,3219,0.0021000480010116007,100,112,47.617959185613685
100B,3220,0.0019447669983492233,100,112,51.420041621892494
100B,3221,0.002350912998736021,100,112,42.536665565150834
100B,3222,0.002192797999668983,100,112,45.60383583672352
100B,3223,0.0019352710005478002,100,112,51.67234974930843
100B,3224,0.0023006539995549247,100,112,43.465901443392006
100B,3225,0.002514686000722577,100,112,39.766396270256294
100B,3226,0.0024107360004563816,100,112,41.48110783639054
100B,3227,0.002407301000857842,100,112,41.54029760481343
100B,3228,0.0019005769991053967,100,112,52.61560044505963
100B,3229,0.0020422389989107614,100,112,48.96586543168332
100B,3230,0.00231414500012761,100,112,43.21250396776591
100B,3231,0.002026778000072227,100,112,49.33939484069611
100B,3232,0.0022246050011744956,100,112,44.951800408254186
100B,3233,0.0025823249998211395,100,112,38.72479258301195
100B,3234,0.002038313999946695,100,112,49.06015461926629
100B,3235,0.0019947210003010696,100,112,50.1323242623438
100B,3236,0.00217608300044958,100,112,45.95412949751454
100B,3237,0.0019792300008703023,100,112,50.52469897688911
100B,3238,0.0017343039999104803,100,112,57.660018085157915
100B,3239,0.0011251969990553334,100,112,88.87332625660721
100B,3240,0.0017279989988310263,100,112,57.87040389933616
100B,3241,0.0022203160006029066,100,112,45.038634128135776
100B,3242,0.0024585810006101383,100,112,40.673868371708444
100B,3243,0.0020995970007788856,100,112,47.628187677398614
100B,3244,0.0022706210002070293,100,112,44.040815261940345
100B,3245,0.0036218270015524467,100,112,27.61037453117898
100B,3246,0.0018410200009384425,100,112,54.31771515194074
100B,3247,0.0016772349990787916,100,112,59.621937328355436
100B,3248,0.00133462200028589,100,112,74.92758247547168
100B,3249,0.0017087189989979379,100,112,58.52337339178885
100B,3250,0.0012274020009499509,100,112,81.47289960632682
100B,3251,0.0013205319992266595,100,112,75.72705550381421
100B,3252,0.0015980569987732451,100,112,62.57599076676577
100B,3253,0.001602346999789006,100,112,62.408454606379145
100B,3254,0.0018105420003848849,100,112,55.23207966384762
100B,3255,0.0015881250001257285,100,112,62.96733568962343
100B,3256,0.0025777940008993028,100,112,38.79285930726562
100B,3257,0.002355141999942134,100,112,42.46028477368116
100B,3258,0.002119126000252436,100,112,47.189265757716974
100B,3259,0.0017478200006735278,100,112,57.21412957939873
100B,3260,0.0018343310002819635,100,112,54.515788036416836
100B,3261,0.0013217639989306917,100,112,75.65647126181383
100B,3262,0.0012637159998121206,100,112,79.13170365403873
100B,3263,0.0019604460012487834,100,112,51.008801026042576
100B,3264,0.0018162609994760714,100,112,55.05816621556403
100B,3265,0.0014379160002135905,100,112,69.54509163619143
100B,3266,0.001374408000629046,100,112,72.75859857788335
100B,3267,0.0016728390000935178,100,112,59.77861587063048
100B,3268,0.0018983779991685878,100,112,52.67654810780357
100B,3269,0.0020304949994169874,100,112,49.24907474714926
100B,3270,0.0017219979999936186,100,112,58.07207673898029
100B,3271,0.002034662998994463,100,112,49.148188200906155
100B,3272,0.0018359370005782694,100,112,54.46809992309255
100B,3273,0.002168830000300659,100,112,46.1078092732659
100B,3274,0.001527786000224296,100,112,65.45419318236905
100B,3275,0.001946205999047379,100,112,51.382022277676455
100B,3276,0.0016781259982963093,100,112,59.59028112401775
100B,3277,0.0020263859987608157,100,112,49.348939472120534
100B,3278,0.0016216320000239648,100,112,61.66627200161453
100B,3279,0.0019119769985991297,100,112,52.30188442291312
100B,3280,0.002246319998448598,100,112,44.51725491874005
100B,3281,0.0019319549992360407,100,112,51.76104000328337
100B,3282,0.001749606000885251,100,112,57.155725317244475
100B,3283,0.0016205360007006675,100,112,61.707978074392194
100B,3284,0.0020736330006911885,100,112,48.22454116358475
100B,3285,0.0018284140005562222,100,112,54.69220864070117
100B,3286,0.0015663459998904727,100,112,63.842854648329634
100B,3287,0.0018579490006231936,100,112,53.822790596759106
100B,3288,0.002278112999192672,100,112,43.8959788366242
100B,3289,0.0019659310000861296,100,112,50.866485138908175
100B,3290,0.0018086299987771781,100,112,55.2904685135215
100B,3291,0.0022010579996276647,100,112,45.43269646547987
100B,3292,0.0028137999997852603,100,112,35.53912858327943
100B,3293,0.002877466999052558,100,112,34.752787793196674
100B,3294,0.0022068549988034647,100,112,45.31335319004603
100B,3295,0.001958761000423692,100,112,51.052680739696875
100B,3296,0.002398784999968484,100,112,41.68777110133415
100B,3297,0.002077310000458965,100,112,48.13917998657196
100B,3298,0.0021556100000452716,100,112,46.390580855488615
100B,3299,0.002388947999861557,100,112,41.859429341197526
100B,3300,0.0023191790005512303,100,112,43.11870708394292
100B,3301,0.002446215999952983,100,112,40.879464447097895
100B,3302,0.0019148510000377428,100,112,52.22338448162753
100B,3303,0.0018883720003941562,100,112,52.955667622230784
100B,3304,0.0021934279993729433,100,112,45.59073743409311
100B,3305,0.0020213730003888486,100,112,49.47132467919733
100B,3306,0.0017874589993880363,100,112,55.94533918497516
100B,3307,0.0018151279982703272,100,112,55.09253347162958
100B,3308,0.0022308379993773997,100,112,44.82620433572891
100B,3309,0.0026579400000628084,100,112,37.62312166476179
100B,3310,0.002302991999385995,100,112,43.4217748158314
100B,3311,0.00187758600077359,100,112,53.25987728860286
100B,3312,0.00171467500149447,100,112,58.320089762107905
100B,3313,0.0017686949995550094,100,112,56.538860586567644
100B,3314,0.0014619110006606206,100,112,68.40361687873691
100B,3315,0.0015277900001819944,100,112,65.45402181457382
100B,3316,0.0015896199984126724,100,112,62.90811646799599
100B,3317,0.0018313640011911048,100,112,54.60410925133441
100B,3318,0.0019885990004695486,100,112,50.28665908832699
100B,3319,0.0019145440001011593,100,112,52.231758577873514
100B,3320,0.0018068320005113492,100,112,55.34548866286358
100B,3321,0.0022676119988318533,100,112,44.099255098100734
100B,3322,0.001614935999896261,100,112,61.921958521219246
100B,3323,0.0015724099994258722,100,112,63.59664466424953
100B,3324,0.0014665689996036235,100,112,68.18635879186556
100B,3325,0.0017180539998662425,100,112,58.205388193726975
100B,3326,0.0014757589997316245,100,112,67.7617415975004
100B,3327,0.0013928640000813175,100,112,71.79451834074386
100B,3328,0.0013436080007522833,100,112,74.42646958339799
100B,3329,0.0013978579991089646,100,112,71.53802465181936
100B,3330,0.001203013000122155,100,112,83.12462125500382
100B,3331,0.0016270509986497927,100,112,61.460888492730064
100B,3332,0.0022511490005854284,100,112,44.421759720922175
100B,3333,0.001579391000632313,100,112,63.315543750701856
100B,3334,0.001981113000510959,100,112,50.476676481456884
100B,3335,0.001790731999790296,100,112,55.84308540401943
100B,3336,0.0019126630013488466,100,112,52.28312563660095
100B,3337,0.002596042000732268,100,112,38.52017801398933
100B,3338,0.0021648330002790317,100,112,46.19293958800088
100B,3339,0.0019114930000796448,100,112,52.315127492401686
100B,3340,0.0023235610005940543,100,112,43.0373895819535
100B,3341,0.002308043000084581,100,112,43.326749110105574
100B,3342,0.0022245429991016863,100,112,44.953053296961194
100B,3343,0.002139541000360623,100,112,46.738996814337675
100B,3344,0.00223487000039313,100,112,44.74533193537399
100B,3345,0.0018929269990621833,100,112,52.82823904437054
100B,3346,0.001534631001050002,100,112,65.1622441691713
100B,3347,0.0015718680006102659,100,112,63.618573545091415
100B,3348,0.0025009519995364826,100,112,39.9847738055483
100B,3349,0.0018552120000094874,100,112,53.902195543953255
100B,3350,0.0015564159984933212,100,112,64.25017482267234
100B,3351,0.0020593049994204193,100,112,48.56007246529507
100B,3352,0.0020406570001796354,100,112,49.003825724360915
100B,3353,0.0022828900000604335,100,112,43.804125471377404
100B,3354,0.002276029999848106,100,112,43.93615198686908
100B,3355,0.002183566999519826,100,112,45.796625439929414
100B,3356,0.002322493000974646,100,112,43.05718034802882
100B,3357,0.002067241999611724,100,112,48.37363018881307
100B,3358,0.0017064559997379547,100,112,58.60098356790689
100B,3359,0.002210859000115306,100,112,45.23128792690287
100B,3360,0.0020870890002697706,100,112,47.91362514347703
100B,3361,0.0023230049991980195,100,112,43.04769039865321
100B,3362,0.002047804999165237,100,112,48.83277462490999
100B,3363,0.0026746410003397614,100,112,37.38819527080342
100B,3364,0.0023453750000044238,100,112,42.63710494049411
100B,3365,0.001857492999988608,100,112,53.836003689173154
100B,3366,0.0025951349998649675,100,112,38.53364083379219
100B,3367,0.0015698210008849856,100,112,63.701530265950744
100B,3368,0.001793192999684834,100,112,55.76644567404384
100B,3369,0.0016106729999592062,100,112,62.08584858784665
100B,3370,0.002439975000015693,100,112,40.984026475417515
100B,3371,0.001724801000818843,100,112,57.977702907480555
100B,3372,0.0024417699987679953,100,112,40.95389821746331
100B,3373,0.001828190999731305,100,112,54.69887993907492
100B,3374,0.0019423389985604445,100,112,51.48431868696172
100B,3375,0.0024574859999120235,100,112,40.69199173609939
100B,3376,0.0018862769993575057,100,112,53.01448304467557
100B,3377,0.0017613020008866442,100,112,56.77618031982007
100B,3378,0.001955564999661874,100,112,51.13611668100546
100B,3379,0.0016801109995867591,100,112,59.519876975149884
100B,3380,0.0015155979999690317,100,112,65.98055685085578
100B,3381,0.0018383859987807227,100,112,54.39554047208978
100B,3382,0.002503040999727091,100,112,39.95140311760898
100B,3383,0.0014087010004004696,100,112,70.98738481166103
100B,3384,0.0015314180000132183,100,112,65.29895821985693
100B,3385,0.001560045999212889,100,112,64.10067398682753
100B,3386,0.002215938000517781,100,112,45.12761637583443
100B,3387,0.0016935450003074948,100,112,59.047737132372106
100B,3388,0.0019936009994125925,100,112,50.16048849768065
100B,3389,0.0017145809997600736,100,112,58.323287155283595
100B,3390,0.0018994319998455467,100,112,52.64731772873762
100B,3391,0.001924468999277451,100,112,51.9623854879166
100B,3392,0.0021661080008925637,100,112,46.16574979585234
100B,3393,0.002275410000947886,100,112,43.94812361655358
100B,3394,0.001987039000596269,100,112,50.32613852571192
100B,3395,0.0024185829988709884,100,112,41.34652399635684
100B,3396,0.002414649999991525,100,112,41.41386950504255
100B,3397,0.002058939000562532,100,112,48.568704547671665
100B,3398,0.0021920580002188217,100,112,45.619230873461156
100B,3399,0.0021540140005527064,100,112,46.424953586346525
100B,3400,0.002163275001294096,100,112,46.22620792094341
100B,3401,0.004732662999231252,100,112,21.129752956473652
100B,3402,0.0015007769998192089,100,112,66.63215122036551
100B,3403,0.002506099999664002,100,112,39.90263756969283
100B,3404,0.0016525539995200234,100,112,60.51239477139297
100B,3405,0.004146448000028613,100,112,24.117027392917972
100B,3406,0.016781995000201277,100,112,5.958767119094043
100B,3407,0.005135039000379038,100,112,19.474048783781114
100B,3408,0.002368018998822663,100,112,42.229390916930235
100B,3409,0.002254196999274427,100,112,44.36169511013795
100B,3410,0.001846991001002607,100,112,54.14211544383093
100B,3411,0.001518294000561582,100,112,65.8633966563869
100B,3412,0.0018634130010468652,100,112,53.664968498030234
100B,3413,0.0017170979990623891,100,112,58.2377942636963
100B,3414,0.0013133920001564547,100,112,76.13873084965321
100B,3415,0.0015019410002423683,100,112,66.58051147406124
100B,3416,0.0017404010013706284,100,112,57.458022559884995
100B,3417,0.0016558340012124972,100,112,60.39252722602279
100B,3418,0.0019003220004378818,100,112,52.6226607790456
100B,3419,0.002067841998723452,100,112,48.35959423482711
100B,3420,0.0021167350005271146,100,112,47.24256932261136
100B,3421,0.0015089530006662244,100,112,66.27111643361229
100B,3422,0.0015350970006693387,100,112,65.14246328173243
100B,3423,0.0020986039999115746,100,112,47.650724007108316
100B,3424,0.001910842998768203,100,112,52.332923251394035
100B,3425,0.0014389759999176022,100,112,69.49386230606079
100B,3426,0.0022744399993825937,100,112,43.96686658128833
100B,3427,0.0019466379999357741,100,112,51.37061950054367
100B,3428,0.00149949399929028,100,112,66.68916317593177
100B,3429,0.0016730099996493664,100,112,59.772505855289715
100B,3430,0.0017885270008264342,100,112,55.9119319718363
100B,3431,0.0018562120003480231,100,112,53.873156719841745
100B,3432,0.0024770199997874442,100,112,40.371091072571524
100B,3433,0.0021882620003452757,100,112,45.69836700734257
100B,3434,0.0018985569986398332,100,112,52.67158166525532
100B,3435,0.002431902999887825,100,112,41.12006112275557
100B,3436,0.002339646998734679,100,112,42.74149051291998
100B,3437,0.0021569660002569435,100,112,46.36141691064566
100B,3438,0.002030539000770659,100,112,49.24800753004329
100B,3439,0.0019881779990100767,100,112,50.29730740898978
100B,3440,0.0021601010012091137,100,112,46.294131591080756
100B,3441,0.002426036999167991,100,112,41.21948677381878
100B,3442,0.0019290649997856235,100,112,51.838585019744265
100B,3443,0.001947466998899472,100,112,51.34875202327472
100B,3444,0.0026745270006358624,100,112,37.38978891453526
100B,3445,0.002047063999270904,100,112,48.850451200166034
100B,3446,0.00213888100006443,100,112,46.753419193020875
100B,3447,0.0019265489991084905,100,112,51.90628426594649
100B,3448,0.0025029089993040543,100,112,39.95351010676196
100B,3449,0.0017709300009300932,100,112,56.467505744145704
100B,3450,0.0020853700007137377,100,112,47.95312101246975
100B,3451,0.002548057000240078,100,112,39.245589871254055
100B,3452,0.0020656469987443415,100,112,48.41098215754563
100B,3453,0.0028634770005737664,100,112,34.922578382841074
100B,3454,0.001970437999261776,100,112,50.750137805637614
100B,3455,0.002187355999922147,100,112,45.71729522014671
100B,3456,0.001906454999698326,100,112,52.45337551414737
100B,3457,0.0019627439996838802,100,112,50.94907946023832
100B,3458,0.002325579000171274,100,112,43.000044286878754
100B,3459,0.0021285950006131316,100,112,46.97934551720523
100B,3460,0.001671177999014617,100,112,59.83803045454367
100B,3461,0.0019115529994451208,100,112,52.3134854377711
100B,3462,0.0036815430012211436,100,112,27.162523965313092
100B,3463,0.0016992319997370942,100,112,58.85011582613324
100B,3464,0.0016026069988583913,100,112,62.39832976595914
100B,3465,0.0015988909999578027,100,112,62.5433503613687
100B,3466,0.0023037360006128438,100,112,43.40775157109922
100B,3467,0.0017026409987010993,100,112,58.7322871211767
100B,3468,0.001981578001505113,100,112,50.464831525200985
100B,3469,0.00176886699955503,100,112,56.533362895659
100B,3470,0.0018230639998364495,100,112,54.85270950935962
100B,3471,0.0016907789995457279,100,112,59.144335260177485
100B,3472,0.0018611930008773925,100,112,53.72897918316833
100B,3473,0.00246608700035722,100,112,40.55006980107137
100B,3474,0.0022765519988752203,100,112,43.926077704092485
100B,3475,0.002026600999670336,100,112,49.34370407212216
100B,3476,0.00198925800032157,100,112,50.270000162791696
100B,3477,0.001983401998586487,100,112,50.418422524161564
100B,3478,0.0022705190003762254,100,112,44.04279373281174
100B,3479,0.0020560289995046332,100,112,48.63744627341996
100B,3480,0.001989706999665941,100,112,50.25865618243759
100B,3481,0.0016313630003423896,100,112,61.298435712353445
100B,3482,0.0015803930000402033,100,112,63.27540048421887
100B,3483,0.001801256999897305,100,112,55.516786336264786
100B,3484,0.0015542099990852876,100,112,64.34136960826005
100B,3485,0.00141915499989409,100,112,70.4644665363987
100B,3486,0.0021779799990326865,100,112,45.91410391482628
100B,3487,0.0023773980010446394,100,112,42.06279300144929
100B,3488,0.0019675040002766764,100,112,50.82581788191419
100B,3489,0.0016772940016380744,100,112,59.61983999366734
100B,3490,0.0017858749997685663,100,112,55.994960460815626
100B,3491,0.0012759870005538687,100,112,78.37070436970981
100B,3492,0.0011080809999839403,100,112,90.24611016834449
100B,3493,0.001595175001057214,100,112,62.68904661477534
100B,3494,0.0026809520004462684,100,112,37.300182913888094
100B,3495,0.002333372000066447,100,112,42.85643266360971
100B,3496,0.0020193510008539306,100,112,49.52086088932168
100B,3497,0.0019264410002506338,100,112,51.909194201633895
100B,3498,0.002611247000459116,100,112,38.29587931835547
100B,3499,0.0014919269997335505,100,112,67.02740818944855
100B,3500,0.0020046909994562156,100,112,49.882999438380075
100B,3501,0.0019079269986832514,100,112,52.412906819293724
100B,3502,0.0026923779987555463,100,112,37.141887226170084
100B,3503,0.002276617000461556,100,112,43.924823534097406
100B,3504,0.00158157000078063,100,112,63.22831107737381
100B,3505,0.0016804059996502474,100,112,59.50942809107654
100B,3506,0.002488034000634798,100,112,40.192376782023864
100B,3507,0.001713440000457922,100,112,58.36212529955802
100B,3508,0.0014774899991607526,100,112,67.68235321850045
100B,3509,0.0016412410004704725,100,112,60.92950393716362
100B,3510,0.002654005000295001,100,112,37.67890414256367
100B,3511,0.0017065470001398353,100,112,58.59785871224522
100B,3512,0.00186792400018021,100,112,53.53536867150504
100B,3513,0.0020235159990988905,100,112,49.418932217255445
100B,3514,0.0021918380007264204,100,112,45.623809773741456
100B,3515,0.002137547000529594,100,112,46.78259704943294
100B,3516,0.0022911150008440018,100,112,43.64687061241447
100B,3517,0.002005620001000352,100,112,49.85989367383779
100B,3518,0.0020727629998873454,100,112,48.24478245001237
100B,3519,0.002475060000506346,100,112,40.403060927630875
100B,3520,0.0022696409996569855,100,112,44.059831495427325
100B,3521,0.0021610769999824697,100,112,46.27322395306191
100B,3522,0.0019143930003338028,100,112,52.23587841292959
100B,3523,0.0019687539988808567,100,112,50.793547622935755
100B,3524,0.002000448999751825,100,112,49.98877752564847
100B,3525,0.002094123999995645,100,112,47.75266412123062
100B,3526,0.0023620380015927367,100,112,42.33632140235229
100B,3527,0.001932991999638034,100,112,51.73327153900569
100B,3528,0.0019372060014575254,100,112,51.620736217398395
100B,3529,0.0017709189996821806,100,112,56.46785652982806
100B,3530,0.002291589999003918,100,112,43.63782353888211
100B,3531,0.002540193998356699,100,112,39.367071989262215
100B,3532,0.002052206998996553,100,112,48.72802794693517
100B,3533,0.0019470389997877646,100,112,51.36003953228488
100B,3534,0.001962681000804878,100,112,50.950714843110475
100B,3535,0.0019392539998079883,100,112,51.566220830227145
100B,3536,0.0022208760001376504,100,112,45.02727752193368
100B,3537,0.0016431760013801977,100,112,60.8577534701117
100B,3538,0.0019673799997690367,100,112,50.8290213439903
100B,3539,0.0016993080007523531,100,112,58.84748377323352
100B,3540,0.0029380979995039525,100,112,34.035624413101026
100B,3541,0.0025200399995810585,100,112,39.68190981755226
100B,3542,0.001888382001197897,100,112,52.9553871709034
100B,3543,0.002308551998794428,100,112,43.31719625645079
100B,3544,0.0020677590000559576,100,112,48.361535361371324
100B,3545,0.002223962001153268,100,112,44.96479703706428
100B,3546,0.002907355999923311,100,112,34.395512624748314
100B,3547,0.002084367999486858,100,112,47.97617312519602
100B,3548,0.0021684900002583163,100,112,46.11503856973643
100B,3549,0.002421761999357841,100,112,41.292249208021346
100B,3550,0.001754220998918754,100,112,57.00536024915721
100B,3551,0.002048415000899695,100,112,48.81823261208226
100B,3552,0.0023062800009938655,100,112,43.35986955482687
100B,3553,0.002588915000160341,100,112,38.626219861913825
100B,3554,0.002924002999861841,100,112,34.19969131520214
100B,3555,0.0021821869995619636,100,112,45.82558690894652
100B,3556,0.002156815000489587,100,112,46.364662698145395
100B,3557,0.0022891389999131206,100,112,43.684546898984856
100B,3558,0.0020490780007094145,100,112,48.802436981597985
100B,3559,0.0018688629988901084,100,112,53.508470155056095
100B,3560,0.001492613000664278,100,112,66.99660257246562
100B,3561,0.001974122000319767,100,112,50.655430608545004
100B,3562,0.0023815410004317528,100,112,41.9896193186978
100B,3563,0.0015171889990597265,100,112,65.91136639006393
100B,3564,0.0015446669985976769,100,112,64.73887257951702
100B,3565,0.001477953999710735,100,112,67.66110448604759
100B,3566,0.0025259719986934215,100,112,39.588720718885945
100B,3567,0.0016820330001792172,100,112,59.451865682388636
100B,3568,0.00198610900042695,100,112,50.34970385739312
100B,3569,0.0018182519997935742,100,112,54.99787708818854
100B,3570,0.0021386059997894336,100,112,46.759431148068394
100B,3571,0.0029773450005450286,100,112,33.58697093608371
100B,3572,0.002030707999438164,100,112,49.24390903451752
100B,3573,0.001758377000442124,100,112,56.870625568269
100B,3574,0.0022349810005835025,100,112,44.74310966128673
100B,3575,0.0024642480002512457,100,112,40.5803311962937
100B,3576,0.0021660139991581673,100,112,46.167753319630215
100B,3577,0.0020698939988506027,100,112,48.31165270082878
100B,3578,0.0018553879999672063,100,112,53.89708244408581
100B,3579,0.0028116869998484617,100,112,35.56583645526319
100B,3580,0.0020839190001424868,100,112,47.98651002901867
100B,3581,0.0017359299999952782,100,112,57.60600945906345
100B,3582,0.0015512789996137144,100,112,64.46293672827461
100B,3583,0.002403491000222857,100,112,41.606147054733206
100B,3584,0.0023169500000221888,100,112,43.160189041214664
100B,3585,0.0018860600011976203,100,112,53.02058255649421
100B,3586,0.0019072539998887805,100,112,52.43140137906718
100B,3587,0.002564933000030578,100,112,38.98737315899005
100B,3588,0.0014202629990904825,100,112,70.40949462461437
100B,3589,0.0016312089992425172,100,112,61.304222847248205
100B,3590,0.0015063749997352716,100,112,66.3845324156162
100B,3591,0.001759307000611443,100,112,56.84056277002549
100B,3592,0.001860390999354422,100,112,53.752141369583704
100B,3593,0.0013128930004313588,100,112,76.16766938900915
100B,3594,0.0016595019988017157,100,112,60.25904161140358
100B,3595,0.002583931998742628,100,112,38.70070886101538
100B,3596,0.001225284000611282,100,112,81.61373195937513
100B,3597,0.0012981869986106176,100,112,77.03050493266751
100B,3598,0.0017551609998918138,100,112,56.97483023276149
100B,3599,0.0018329750000702916,100,112,54.55611778456617
100B,3600,0.0019267280003987253,100,112,51.901461949639796
100B,3601,0.0016591049989074236,100,112,60.27346073084787
100B,3602,0.002270258999487851,100,112,44.04783772360734
100B,3603,0.0024860329995135544,100,112,40.22472751551051
100B,3604,0.0019818759992631385,100,112,50.45724355972826
100B,3605,0.002182565998737118,100,112,45.81762936738786
100B,3606,0.0019542249992809957,100,112,51.17118041003073
100B,3607,0.002408087999356212,100,112,41.526721625926626
100B,3608,0.001751896999849123,100,112,57.08098136397985
100B,3609,0.002227333001428633,100,112,44.89674419400198
100B,3610,0.001951088999703643,100,112,51.25342822146469
100B,3611,0.0022391530001186766,100,112,44.659744106231216
100B,3612,0.002172544000131893,100,112,46.02898721219414
100B,3613,0.0020823279992328025,100,112,48.023174080569085
100B,3614,0.0017138090006483253,100,112,58.349559351229054
100B,3615,0.0022292690009635407,100,112,44.857753800361344
100B,3616,0.0028226249996805564,100,112,35.42801470663558
100B,3617,0.0021412180012703175,100,112,46.70239085449176
100B,3618,0.0019062890005443478,100,112,52.457943140544074
100B,3619,0.0025250840008084197,100,112,39.602642909299036
100B,3620,0.0021103159997437615,100,112,47.38626822340454
100B,3621,0.0022716439998475835,100,112,44.020982163890785
100B,3622,0.002071446000627475,100,112,48.275455874644265
100B,3623,0.0018128550000255927,100,112,55.16160972531629
100B,3624,0.0019645920001494233,100,112,50.901154027092744
100B,3625,0.002338476000659284,100,112,42.762893427944995
100B,3626,0.002203861000452889,100,112,45.37491247381309
100B,3627,0.0019829510001727613,100,112,50.42988958944909
100B,3628,0.0022286210005404428,100,112,44.870796773318524
100B,3629,0.0022475069999927655,100,112,44.49374351239925
100B,3630,0.0020692289999715285,100,112,48.32717886776957
100B,3631,0.0019280819997220533,100,112,51.86501404733601
100B,3632,0.0021462299991981126,100,112,46.59332878459559
100B,3633,0.002759232000244083,100,112,36.24196877651243
100B,3634,0.0017838760013546562,100,112,56.05770800440226
100B,3635,0.0018929990001197439,100,112,52.82622969883998
100B,3636,0.002106412001012359,100,112,47.474093364422146
100B,3637,0.002014742000028491,100,112,49.63414670393821
100B,3638,0.002041530000497005,100,112,48.982870678194914
100B,3639,0.0015784330007591052,100,112,63.35397191512575
100B,3640,0.001657087999774376,100,112,60.34682528243261
100B,3641,0.00209589200130722,100,112,47.71238209680146
100B,3642,0.001531866000732407,100,112,65.27986126213949
100B,3643,0.002118952001183061,100,112,47.19314073380031
100B,3644,0.001988915000765701,100,112,50.278669506490516
100B,3645,0.0018507780005165841,100,112,54.03133167353852
100B,3646,0.0013628319993586047,100,112,73.37661578761244
100B,3647,0.0016916750009841053,100,112,59.113009261132646
100B,3648,0.0015344080002250848,100,112,65.17171442362842
100B,3649,0.002088250999804586,100,112,47.88696378421836
100B,3650,0.0022758590002922574,100,112,43.939453185438275
100B,3651,0.0023644450011488516,100,112,42.2932231248396
100B,3652,0.0017083089987863787,100,112,58.53741920872762
100B,3653,0.0025057960010599345,100,112,39.90747848496074
100B,3654,0.0017248180010938086,100,112,57.977131463484326
100B,3655,0.0021935419990768423,100,112,45.588368055904674
100B,3656,0.0021320129999367055,100,112,46.90402919821256
100B,3657,0.0023871820012573153,100,112,41.890396269463565
100B,3658,0.002423911999358097,100,112,41.25562315235953
100B,3659,0.0018029660004685866,100,112,55.46416292598432
100B,3660,0.0017811830002756324,100,112,56.14246261306408
100B,3661,0.00263679899944691,100,112,37.92477167238603
100B,3662,0.002140468999641598,100,112,46.718733145279884
100B,3663,0.0017698139999993145,100,112,56.50311275650364
100B,3664,0.002207407000241801,100,112,45.30202177896778
100B,3665,0.001561325998409302,100,112,64.04812326309894
100B,3666,0.002209357000538148,100,112,45.262037767387675
100B,3667,0.001702685000054771,100,112,58.730769341823795
100B,3668,0.001511693000793457,100,112,66.15099755539785
100B,3669,0.0016394829999626381,100,112,60.994838008249474
100B,3670,0.0017616900004213676,100,112,56.763675775012416
100B,3671,0.001560295999297523,100,112,64.0904033882174
100B,3672,0.0017670830002316507,100,112,56.59043745364014
100B,3673,0.0018459300008544233,100,112,54.173235146356106
100B,3674,0.0014311599989014212,100,112,69.87338947200972
100B,3675,0.0018380769997747848,100,112,54.40468490289186
100B,3676,0.0016710950003471226,100,112,59.841002444042886
100B,3677,0.0019212799998058472,100,112,52.048634249097155
100B,3678,0.0015013480006018654,100,112,66.60680932063164
100B,3679,0.0017254289996344596,100,112,57.95660095036393
100B,3680,0.001566451999678975,100,112,63.83853448461476
100B,3681,0.0015935199990053661,100,112,62.75415436418583
100B,3682,0.0010514910009078449,100,112,95.1030488265341
100B,3683,0.0013302080005814787,100,112,75.1762130105116
100B,3684,0.0015312089999497402,100,112,65.30787110269229
100B,3685,0.0018213759994978318,100,112,54.903545466488424
100B,3686,0.0014565889996447368,100,112,68.65354607537891
100B,3687,0.0020095389991183765,100,112,49.76265702923503
100B,3688,0.00199272200006817,100,112,50.18261453257357
100B,3689,0.0016279280007438501,100,112,61.427778104625595
100B,3690,0.0018708589996094815,100,112,53.451382504439806
100B,3691,0.0017977379993681097,100,112,55.62545823426394
100B,3692,0.0026067550006700912,100,112,38.36187135894783
100B,3693,0.001669306000621873,100,112,59.905134207117584
100B,3694,0.0017933099989022594,100,112,55.762807356906
100B,3695,0.002422755000225152,100,112,41.27532498775435
100B,3696,0.002025327999945148,100,112,49.374718565441405
100B,3697,0.0018841720011550933,100,112,53.07371086009924
100B,3698,0.0016161610001290683,100,112,61.87502358491134
100B,3699,0.001928416000737343,100,112,51.85603104400935
100B,3700,0.002076959999612882,100,112,48.147292205260904
100B,3701,0.0022086310000304366,100,112,45.27691588075234
100B,3702,0.0018466940000507748,100,112,54.150823036870484
100B,3703,0.0020965690000593895,100,112,47.69697539034837
100B,3704,0.001986015000511543,100,112,50.35208695515529
100B,3705,0.0028299509995122207,100,112,35.33630088197157
100B,3706,0.0016268049985228572,100,112,61.47018240711102
100B,3707,0.001921175000461517,100,112,52.05147890014047
100B,3708,0.002065164999294211,100,112,48.42228104494116
100B,3709,0.002386503998422995,100,112,41.90229727923361
100B,3710,0.0016625230000499869,100,112,60.14954379397657
100B,3711,0.0019278689997008769,100,112,51.870744337668036
100B,3712,0.0019972040008724434,100,112,50.06999783513189
100B,3713,0.00214735500048846,100,112,46.568918496128006
100B,3714,0.002027471000474179,100,112,49.32253037237636
100B,3715,0.0021041460004198598,100,112,47.5252192481159
100B,3716,0.0018673609993129503,100,112,53.55150934221747
100B,3717,0.0023647070011065807,100,112,42.288537207021555
100B,3718,0.0019472789990686579,100,112,51.35370948273353
100B,3719,0.0019141590000799624,100,112,52.242264093955924
100B,3720,0.0019244770010118373,100,112,51.962169434824496
100B,3721,0.0016346579996024957,100,112,61.17487573811603
100B,3722,0.0020217520013829926,100,112,49.462050702358326
100B,3723,0.0017076460007956484,100,112,58.56014651362561
100B,3724,0.0017613140007597394,100,112,56.7757935023881
100B,3725,0.0026533679993008263,100,112,37.687949815611866
100B,3726,0.002241535999928601,100,112,44.61226587624971
100B,3727,0.001481514000261086,100,112,67.49851839562574
100B,3728,0.0016343570005119545,100,112,61.18614229857704
100B,3729,0.0020984780003345804,100,112,47.65358511457163
100B,3730,0.002238801000203239,100,112,44.66676582283194
100B,3731,0.0021224909996817587,100,112,47.11445184690713
100B,3732,0.0020484790002228692,100,112,48.816707415170114
100B,3733,0.0017109180007537361,100,112,58.448154707557876
100B,3734,0.003216885999790975,100,112,31.085963259654758
100B,3735,0.002485690998582868,100,112,40.23026195010224
100B,3736,0.001979226000912604,100,112,50.52480108582388
100B,3737,0.0014443250001932029,100,112,69.23649454701906
100B,3738,0.0016909629994188435,100,112,59.13789954858171
100B,3739,0.0015948719992593396,100,112,62.70095659491176
100B,3740,0.001680268000200158,100,112,59.514315566378535
100B,3741,0.001653290999456658,100,112,60.485419707035405
100B,3742,0.0014859250004519708,100,112,67.29814759801687
100B,3743,0.0022681989994453033,100,112,44.0878423914548
100B,3744,0.0017073140006687026,100,112,58.57153397724909
100B,3745,0.002141212000424275,100,112,46.7025217401104
100B,3746,0.0021154659989406355,100,112,47.27090865562345
100B,3747,0.0020474489992921008,100,112,48.84126541592718
100B,3748,0.0018790699996316107,100,112,53.21781520624823
100B,3749,0.0018730950014287373,100,112,53.38757506892239
100B,3750,0.002348379999602912,100,112,42.582546273136806
100B,3751,0.0025189820007653907,100,112,39.69857663517051
100B,3752,0.0028921660014020745,100,112,34.57616193244843
100B,3753,0.0015664540005673189,100,112,63.83845294134602
100B,3754,0.0013818879997415934,100,112,72.3647647412088
100B,3755,0.001694836999377003,100,112,59.0027241774628
100B,3756,0.0015930160006973892,100,112,62.774008519827845
100B,3757,0.0016222399990510894,100,112,61.64316011101554
100B,3758,0.0018219539997517131,100,112,54.88612775823512
100B,3759,0.0019609729988587787,100,112,50.99509277190287
100B,3760,0.0014078549993428169,100,112,71.03004218948666
100B,3761,0.0017785529998946004,100,112,56.225482179010775
100B,3762,0.0018821970006683841,100,112,53.12940141998375
100B,3763,0.0020570600008795736,100,112,48.613069116720574
100B,3764,0.001630603999728919,100,112,61.32696842190045
100B,3765,0.0012583130010170862,100,112,79.47148278621508
100B,3766,0.0020418879994394956,100,112,48.9742826381517
100B,3767,0.0017532440015202155,100,112,57.0371265569945
100B,3768,0.00136687600024743,100,112,73.15952579597428
100B,3769,0.001710063001155504,100,112,58.47737769452304
100B,3770,0.001477394000175991,100,112,67.68675112264415
100B,3771,0.0015604950003762497,100,112,64.08223030249317
100B,3772,0.0012182690006738994,100,112,82.08367769735901
100B,3773,0.0017460079998272704,100,112,57.27350619807746
100B,3774,0.0015470489997824188,100,112,64.63919372564429
100B,3775,0.00235443400015356,100,112,42.47305296877204
100B,3776,0.0016664619997754926,100,112,60.007368912985775
100B,3777,0.002089898000122048,100,112,47.849225174702354
100B,3778,0.0019334959997650003,100,112,51.719786341504786
100B,3779,0.0020034869994560722,100,112,49.91297673863072
100B,3780,0.0018731149993982399,100,112,53.38700508624733
100B,3781,0.0016218000000662869,100,112,61.65988407689774
100B,3782,0.002145655000276747,100,112,46.60581500152726
100B,3783,0.0020424430003913585,100,112,48.96097466653351
100B,3784,0.0019507240012899274,100,112,51.26301820958496
100B,3785,0.001814480001485208,100,112,55.11220841130621
100B,3786,0.0022174499990796903,100,112,45.09684549437555
100B,3787,0.0021075179993204074,100,112,47.4491795715368
100B,3788,0.0016722849995858269,100,112,59.798419542582096
100B,3789,0.0019418499996390892,100,112,51.497283527865655
100B,3790,0.0018458390004525427,100,112,54.1759059026725
100B,3791,0.001764629001627327,100,112,56.669135499745714
100B,3792,0.0018474190001143143,100,112,54.12957211862183
100B,3793,0.0020410439992701868,100,112,48.994534187286924
100B,3794,0.0018489489993953612,100,112,54.084780073815864
100B,3795,0.0020187909995001974,100,112,49.53459769969131
100B,3796,0.0016868959992279997,100,112,59.280477306108104
100B,3797,0.0020721359996969113,100,112,48.25938066547122
100B,3798,0.0015946460007398855,100,112,62.70984278241183
100B,3799,0.001582217000759556,100,112,63.20245576428151
100B,3800,0.001886529998955666,100,112,53.0073733549731
100B,3801,0.0021256560012261616,100,112,47.04430064992458
100B,3802,0.002142699999239994,100,112,46.67008915642392
100B,3803,0.002114070000970969,100,112,47.30212337059374
100B,3804,0.002031792999332538,100,112,49.217612243398264
100B,3805,0.0015914180003164802,100,112,62.8370421725237
100B,3806,0.0020455710000533145,100,112,48.88610563866699
100B,3807,0.0031908390010357834,100,112,31.339719731249
100B,3808,0.0016638799988868413,100,112,60.10048805617075
100B,3809,0.0011400969997339416,100,112,87.71183506608338
100B,3810,0.0014346119987749262,100,112,69.70525834538823
100B,3811,0.0017135649995907443,100,112,58.35786796758996
100B,3812,0.001797229999283445,100,112,55.641181173177586
100B,3813,0.0017211819995281985,100,112,58.099608308366854
100B,3814,0.002266133000375703,100,112,44.128036608363665
100B,3815,0.0018838460000552004,100,112,53.08289530942009
100B,3816,0.002089777000946924,100,112,47.85199566972351
100B,3817,0.0019355449985596351,100,112,51.665034951094654
100B,3818,0.00229838100131019,100,112,43.50888731807088
100B,3819,0.002306460000909283,100,112,43.35648567960281
100B,3820,0.0018049269983748673,100,112,55.403902811603295
100B,3821,0.0018471820003469475,100,112,54.13651712782902
100B,3822,0.0020787739995284937,100,112,48.10527744847778
100B,3823,0.00176535999889893,100,112,56.64567004031521
100B,3824,0.0020363940002425807,100,112,49.10641063963443
100B,3825,0.0016767929992056452,100,112,59.637653572846176
100B,3826,0.0015933979993860703,100,112,62.75895917939497
100B,3827,0.0019265009996161098,100,112,51.907577530417484
100B,3828,0.001809219000278972,100,112,55.27246838806166
100B,3829,0.0020488999998633517,100,112,48.80667675663495
100B,3830,0.0017962129986699438,100,112,55.67268473953134
100B,3831,0.0023707430009380914,100,112,42.18086901888162
100B,3832,0.002059239999653073,100,112,48.56160526060456
100B,3833,0.0017564509998919675,100,112,56.93298589379984
100B,3834,0.0032136879999598023,100,112,31.116897471456728
100B,3835,0.0021760010004072683,100,112,45.95586122491839
100B,3836,0.0019420540011196863,100,112,51.491874037665916
100B,3837,0.0011197790008736774,100,112,89.30333567782365
100B,3838,0.0013901000002078945,100,112,71.93727068919117
100B,3839,0.0014689879990328336,100,112,68.07407553080009
100B,3840,0.0018701999997574603,100,112,53.470217096015745
100B,3841,0.0019878359998983797,100,112,50.30596085648519
100B,3842,0.0017922330007422715,100,112,55.796316638843265
100B,3843,0.002388744998825132,100,112,41.862986651644896
100B,3844,0.0021080909991724184,100,112,47.43628241819608
100B,3845,0.001950132000274607,100,112,51.27858010940723
100B,3846,0.00182588399911765,100,112,54.767991859463436
100B,3847,0.002254389000881929,100,112,44.35791691712454
100B,3848,0.002489586999217863,100,112,40.16730487081445
100B,3849,0.0017190130001836224,100,112,58.172916661664665
100B,3850,0.0012689399991359096,100,112,78.80593256426265
100B,3851,0.0016517159983777674,100,112,60.54309584590509
100B,3852,0.0015027929985080846,100,112,66.54276410608524
100B,3853,0.0015906120006548008,100,112,62.8688831461308
100B,3854,0.0020009790005133254,100,112,49.97553696183033
100B,3855,0.002252342999781831,100,112,44.39821111157861
100B,3856,0.001986302999284817,100,112,50.34478628688863
100B,3857,0.0017848429997684434,100,112,56.02733686546856
100B,3858,0.0016964249989541713,100,112,58.947492557377416
100B,3859,0.002087630999085377,100,112,47.90118562323108
100B,3860,0.0017812219994084444,100,112,56.141233396629204
100B,3861,0.0013430810013232986,100,112,74.45567311388733
100B,3862,0.0015336939995904686,100,112,65.20205466455648
100B,3863,0.0016111509994516382,100,112,62.06742883443911
100B,3864,0.0018712480014073662,100,112,53.44027083785258
100B,3865,0.0017076530002668733,100,112,58.55990648238953
100B,3866,0.0017473349998908816,100,112,57.23001027636077
100B,3867,0.0017045209988282295,100,112,58.66750839018402
100B,3868,0.002168785998946987,100,112,46.108744730256056
100B,3869,0.0019089340003120014,100,112,52.38525794168668
100B,3870,0.002019173000007868,100,112,49.525226416760894
100B,3871,0.0021052039992355276,100,112,47.50133480475691
100B,3872,0.0015023089999885997,100,112,66.56420217196253
100B,3873,0.00199188700025843,100,112,50.203651104217194
100B,3874,0.0017866230009531137,100,112,55.97151718446073
100B,3875,0.0020744560006278334,100,112,48.205409017947375
100B,3876,0.0023077700006979285,100,112,43.331874480454054
100B,3877,0.0021907590016780887,100,112,45.64628054633189
100B,3878,0.0018108430012944154,100,112,55.222898908695356
100B,3879,0.0023763769986544503,100,112,42.080865139084366
100B,3880,0.002667218999704346,100,112,37.49223442510147
100B,3881,0.0018632980008987943,100,112,53.66828062487227
100B,3882,0.0020072360002814094,100,112,49.81975212978457
100B,3883,0.0016195339994737878,100,112,61.74615663054408
100B,3884,0.003449089001151151,100,112,28.993163112527537
100B,3885,0.0025251309998566285,100,112,39.601905804363334
100B,3886,0.001620328999706544,100,112,61.715861419570274
100B,3887,0.0016374040005757706,100,112,61.07228268945011
100B,3888,0.003067409999857773,100,112,32.600793504825475
100B,3889,0.0024650579998706235,100,112,40.566996803015755
100B,3890,0.0013498440002877032,100,112,74.08263471829795
100B,3891,0.0013111980006215163,100,112,76.26613215746161
100B,3892,0.003194923001501593,100,112,31.299658850307395
100B,3893,0.0034666139999899315,100,112,28.846592092540572
100B,3894,0.0012880009999207687,100,112,77.63969127830762
100B,3895,0.0013806900005874922,100,112,72.42755430795427
100B,3896,0.0028310470006545074,100,112,35.32262091617733
100B,3897,0.0016467619989271043,100,112,60.7252293076667
100B,3898,0.0014005100001668325,100,112,71.40256048731372
100B,3899,0.0013174519990570843,100,112,75.90409371390469
100B,3900,0.0018800500001816545,100,112,53.190074726915654
100B,3901,0.0011784560010710265,100,112,84.85679559450342
100B,3902,0.001220063999426202,100,112,81.96291345948259
100B,3903,0.0013628069991682423,100,112,73.37796185449054
100B,3904,0.0016086619998532115,100,112,62.163462560267405
100B,3905,0.0013315910000528675,100,112,75.09813448425962
100B,3906,0.001720112999464618,100,112,58.13571552050639
100B,3907,0.0020153429995843908,100,112,49.61934520358185
100B,3908,0.0018961539990414167,100,112,52.73833246168512
100B,3909,0.0019947770015278365,100,112,50.13091685106062
100B,3910,0.001901788999020937,100,112,52.58206880546746
100B,3911,0.002053252999758115,100,112,48.70320414083436
100B,3912,0.0020685069994215155,100,112,48.344047193442556
100B,3913,0.002234929999758606,100,112,44.744130693489716
100B,3914,0.0020988619999116054,100,112,47.6448666011446
100B,3915,0.002185805000408436,100,112,45.749735214858674
100B,3916,0.002419415999611374,100,112,41.33228845972037
100B,3917,0.0017138539988081902,100,112,58.34802735211969
100B,3918,0.0021343299995351117,100,112,46.853110822497676
100B,3919,0.002372038999965298,100,112,42.15782286946503
100B,3920,0.0018589270002848934,100,112,53.79447390062886
100B,3921,0.0018783730010909494,100,112,53.23756247663298
100B,3922,0.002068118999886792,100,112,48.353117013805274
100B,3923,0.0020169920007901965,100,112,49.57877867677364
100B,3924,0.0022304780013655545,100,112,44.8334392622467
100B,3925,0.0018492469989723759,100,112,54.07606450386015
100B,3926,0.00188277699999162,100,112,53.11303462940385
100B,3927,0.001773857000443968,100,112,56.37433004744554
100B,3928,0.0019767519988818094,100,112,50.58803535120595
100B,3929,0.0028188899996166583,100,112,35.4749564593152
100B,3930,0.0024021130011533387,100,112,41.63001488772031
100B,3931,0.0021821009995619534,100,112,45.82739296672085
100B,3932,0.002274653999847942,100,112,43.962730158821905
100B,3933,0.002145591000953573,100,112,46.607205173565994
100B,3934,0.0019797599998128135,100,112,50.51117307625925
100B,3935,0.0021868259991606465,100,112,45.72837529752357
100B,3936,0.002076459999443614,100,112,48.15888580892236
100B,3937,0.002194208000219078,100,112,45.57453076008092
100B,3938,0.0023582880003232276,100,112,42.40364195818915
100B,3939,0.0017126389993791236,100,112,58.389421259385436
100B,3940,0.002601521999167744,100,112,38.439036853038765
100B,3941,0.0020138809995842166,100,112,49.655366936102915
100B,3942,0.0017468149999331217,100,112,57.247046770166605
100B,3943,0.001456465999581269,100,112,68.65934393851266
100B,3944,0.0015550449988950277,100,112,64.30682074863252
100B,3945,0.0022337940008583246,100,112,44.766885380467265
100B,3946,0.0016825149996293476,100,112,59.43483417504728
100B,3947,0.0020561479996104026,100,112,48.63463136843648
100B,3948,0.0016379890003008768,100,112,61.05047102369511
100B,3949,0.002460540001266054,100,112,40.64148518152344
100B,3950,0.0014932699996279553,100,112,66.96712585461086
100B,3951,0.0018835549999494106,100,112,53.09109635911128
100B,3952,0.0018502110015106155,100,112,54.04788962899605
100B,3953,0.002180695000788546,100,112,45.85694008737567
100B,3954,0.0027444229999673553,100,112,36.437531678312524
100B,3955,0.001792634000594262,100,112,55.78383538795414
100B,3956,0.0019340119997650618,100,112,51.705987352791865
100B,3957,0.002153860999897006,100,112,46.428251407487224
100B,3958,0.0025481089996901574,100,112,39.24478898357947
100B,3959,0.0024715829986234894,100,112,40.45989960915473
100B,3960,0.0019750000010390067,100,112,50.63291136576813
100B,3961,0.0018091679994540755,100,112,55.27402653052422
100B,3962,0.002342301000680891,100,112,42.69306121242773
100B,3963,0.0025282379992859205,100,112,39.553238274341325
100B,3964,0.0021662580002157483,100,112,46.16255311696045
100B,3965,0.0024960459995782003,100,112,40.06336422361556
100B,3966,0.001796067001123447,100,112,55.677210225147284
100B,3967,0.0018514650000724941,100,112,54.01128295489491
100B,3968,0.002143920999515103,100,112,46.643509729424395
100B,3969,0.0017157149995910004,100,112,58.28473844655927
100B,3970,0.0021789309994346695,100,112,45.894064578431035
100B,3971,0.0015736139994260157,100,112,63.547985742676126
100B,3972,0.0018081889993482037,100,112,55.303953312428575
100B,3973,0.0016611889986961614,100,112,60.19784628870543
100B,3974,0.0022077030007494614,100,112,45.29594785442264
100B,3975,0.002237874999991618,100,112,44.68524828257814
100B,3976,0.0017731820007611532,100,112,56.39579014284725
100B,3977,0.0021069210015411954,100,112,47.462624335155816
100B,3978,0.00202211800024088,100,112,49.453098181257346
100B,3979,0.0019978619984613033,100,112,50.053507237745734
100B,3980,0.0022088589994382346,100,112,45.27224237736876
100B,3981,0.001883384000393562,100,112,53.095916700526004
100B,3982,0.0019233110015193233,100,112,51.99367128925317
100B,3983,0.0024452010002278257,100,112,40.896433459123706
100B,3984,0.0019241939990024548,100,112,51.969811802678024
100B,3985,0.0022928879989194684,100,112,43.61312024273552
100B,3986,0.0018101779987773625,100,112,55.24318606653179
100B,3987,0.0020375740004965337,100,112,49.077972125493915
100B,3988,0.004446934000952751,100,112,22.487403676010278
100B,3989,0.0016183179996005492,100,112,61.79255252965306
100B,3990,0.0014996600002632476,100,112,66.68178119203431
100B,3991,0.002197460999013856,100,112,45.50706476468821
100B,3992,0.00158198499957507,100,112,63.21172452764126
100B,3993,0.031226257000525948,100,112,3.2024331317812345
100B,3994,0.02005720499982999,100,112,4.985739538527309
100B,3995,0.008175278000635444,100,112,12.231999938378518
100B,3996,0.0013733480009250343,100,112,72.81475629821709
100B,3997,0.0015285099998436635,100,112,65.42318991058484
100B,3998,0.0016191220001928741,100,112,61.7618684620972
100B,3999,0.00232555799993861,100,112,43.00043258548693
100B,4000,0.0025991399998019915,100,112,38.47426456736391
100B,4001,0.0031816049995541107,100,112,31.43067728835434
100B,4002,0.0015274100005626678,100,112,65.47030591862169
100B,4003,0.0019335059987497516,100,112,51.7195188764153
100B,4004,0.0015903820003586588,100,112,62.8779752144128
100B,4005,0.0015208929999062093,100,112,65.7508450667909
100B,4006,0.0017814380007621367,100,112,56.134426209173654
100B,4007,0.0021245970001473324,100,112,47.067749786460865
100B,4008,0.0022076889999880223,100,112,45.29623511307188
100B,4009,0.0022048669998184778,100,112,45.3542095773726
100B,4010,0.0019121090008411556,100,112,52.298273767870455
100B,4011,0.0018360739995841868,100,112,54.46403577559884
100B,4012,0.001968644999578828,100,112,50.79635994371459
100B,4013,0.002567143999840482,100,112,38.95379456945688
100B,4014,0.001972479998585186,100,112,50.69759899807738
100B,4015,0.0018954510014737025,100,112,52.757892407796646
100B,4016,0.0020911160008836305,100,112,47.82135470138605
100B,4017,0.0018078470002365066,100,112,55.31441542725561
100B,4018,0.002013381001233938,100,112,49.66769823431985
100B,4019,0.0023092239989637164,100,112,43.304590652477124
100B,4020,0.002118609998433385,100,112,47.200759023107324
100B,4021,0.0028033359994878992,100,112,35.67178533656599
100B,4022,0.0018867740000132471,100,112,53.0005183446973
100B,4023,0.002314735998879769,100,112,43.20147094458964
100B,4024,0.0029609060002258047,100,112,33.77344636823114
100B,4025,0.0021786950001114747,100,112,45.89903588840266
100B,4026,0.002093181999953231,100,112,47.774154374647956
100B,4027,0.001958626000487129,100,112,51.0561995884508
100B,4028,0.0020205170003464445,100,112,49.49228340214592
100B,4029,0.0017442119988118066,100,112,57.33248026508365
100B,4030,0.001659583000218845,100,112,60.256100470306855
100B,4031,0.0016815319995657774,100,112,59.469578946950186
100B,4032,0.0024718059994484065,100,112,40.456249407241266
100B,4033,0.0021057270005258033,100,112,47.48953685593139
100B,4034,0.0018343049996474292,100,112,54.516560778725975
100B,4035,0.0017943490001925966,100,112,55.73051841601968
100B,4036,0.0021635680004692404,100,112,46.21994777992267
100B,4037,0.001892669000881142,100,112,52.83544029803652
100B,4038,0.0016120679993036902,100,112,62.03212274122033
100B,4039,0.0013607710006908746,100,112,73.48775065696519
100B,4040,0.0015410979995067464,100,112,64.8888000841002
100B,4041,0.001688143000137643,100,112,59.23668788239295
100B,4042,0.0016265100002783583,100,112,61.48133118326119
100B,4043,0.0016165430006367387,100,112,61.86040208061962
100B,4044,0.0024028269999689655,100,112,41.617644550061904
100B,4045,0.0020031410003866768,100,112,49.92159812049999
100B,4046,0.0016426630008936627,100,112,60.87675922912777
100B,4047,0.0021699110002373345,100,112,46.084839419249214
100B,4048,0.00237669200032542,100,112,42.075287831283084
100B,4049,0.0021065809996798635,100,112,47.47028479569358
100B,4050,0.0018547190011304338,100,112,53.9165231709229
100B,4051,0.0017358339991915273,100,112,57.60919537615663
100B,4052,0.0018308740000065882,100,112,54.61872307960032
100B,4053,0.0019128639996779384,100,112,52.2776318739004
100B,4054,0.001791114998923149,100,112,55.83114432078444
100B,4055,0.0015810740005690604,100,112,63.24814649030215
100B,4056,0.002140892998795607,100,112,46.709480602840294
100B,4057,0.0018353859995841049,100,112,54.484451784343904
100B,4058,0.0018715679998422274,100,112,53.43113368492621
100B,4059,0.001974190001419629,100,112,50.65368577902358
100B,4060,0.0019105940009467304,100,112,52.33974353025728
100B,4061,0.0021086120013933396,100,112,47.42456171828743
100B,4062,0.001780185999450623,100,112,56.1739054407015
100B,4063,0.0017930199992406415,100,112,55.771826327843975
100B,4064,0.001987543999348418,100,112,50.31335156996941
100B,4065,0.002324257000509533,100,112,43.02450201422544
100B,4066,0.0015619340010744054,100,112,64.02319171694396
100B,4067,0.0018649329995241715,100,112,53.62122930181111
100B,4068,0.0024205270001402823,100,112,41.313317304126116
100B,4069,0.0017894360007630894,100,112,55.88352975873732
100B,4070,0.0018174120014009532,100,112,55.02329682147743
100B,4071,0.0019038740010728361,100,112,52.524484258753375
100B,4072,0.0016526529998373007,100,112,60.50876984451348
100B,4073,0.0015068640004756162,100,112,66.3629896051911
100B,4074,0.0014988470011303434,100,112,66.7179504809936
100B,4075,0.002734005998718203,100,112,36.57636451671411
100B,4076,0.0021082080002088333,100,112,47.433649805946224
100B,4077,0.0011337729993101675,100,112,88.20107734162303
100B,4078,0.0018383799997536698,100,112,54.39571797637012
100B,4079,0.0014954680009395815,100,112,66.8686992547961
100B,4080,0.002306095000676578,100,112,43.36334798464995
100B,4081,0.001824664999730885,100,112,54.80458057492676
100B,4082,0.0018665030002011918,100,112,53.57612604384827
100B,4083,0.002268878000904806,100,112,44.074648332841605
100B,4084,0.0015847039994696388,100,112,63.103267255883445
100B,4085,0.0015287349997379351,100,112,65.4135608965207
100B,4086,0.0018118410007446073,100,112,55.19248099524366
100B,4087,0.0015756240009068279,100,112,63.46691846687181
100B,4088,0.0017057029999705264,100,112,58.62685356227194
100B,4089,0.0018712979999691015,100,112,53.43884298580514
100B,4090,0.0018158650000259513,100,112,55.070173167372495
100B,4091,0.0020935980010108324,100,112,47.76466157864018
100B,4092,0.001829773998906603,100,112,54.651558093926276
100B,4093,0.0019133809983031824,100,112,52.263506373629525
100B,4094,0.0017662970003584633,100,112,56.615620124874454
100B,4095,0.0018724829988059355,100,112,53.40502427192612
100B,4096,0.002060873001028085,100,112,48.52312585497219
100B,4097,0.0017126059992733644,100,112,58.39054636176018
100B,4098,0.002075359998343629,100,112,48.18441141768718
100B,4099,0.0018322209998586914,100,112,54.57856885589261
100B,4100,0.002049197000815184,100,112,48.79960294701747
100B,4101,0.0017537749990879092,100,112,57.01985719491228
100B,4102,0.0020895180005027214,100,112,47.85792703194746
100B,4103,0.0022423619993787725,100,112,44.59583244262262
100B,4104,0.002168338000046788,100,112,46.118271227936894
100B,4105,0.0017852059991128044,100,112,56.01594440624617
100B,4106,0.0020404859988047974,100,112,49.00793245264825
100B,4107,0.0016329890004271874,100,112,61.23739962353706
100B,4108,0.0019403499991312856,100,112,51.53709384635299
100B,4109,0.001801329999580048,100,112,55.51453649432
100B,4110,0.0018209979989478597,100,112,54.91494227768412
100B,4111,0.0019723149998753797,100,112,50.70184022649449
100B,4112,0.0021586849998129765,100,112,46.32449848341179
100B,4113,0.0016895589997147908,100,112,59.1870423091947
100B,4114,0.0019328510006744182,100,112,51.73704541379941
100B,4115,0.0018670919998839963,100,112,53.55922472283801
100B,4116,0.0023948959988047136,100,112,41.75546664653068
100B,4117,0.0018679370004974771,100,112,53.534996080364365
100B,4118,0.0022431720008171396,100,112,44.57972904599921
100B,4119,0.0013149520000297343,100,112,76.04840328600493
100B,4120,0.0013090110005578026,100,112,76.39355204607713
100B,4121,0.0017697420007607434,100,112,56.5054114989721
100B,4122,0.0018923920015367912,100,112,52.84317409859642
100B,4123,0.00204758699874219,100,112,48.83797370340253
100B,4124,0.0014005299999553245,100,112,71.40154084752908
100B,4125,0.0016361220004910138,100,112,61.120136499594274
100B,4126,0.0019098059983662097,100,112,52.361339364075434
100B,4127,0.0014463560000876896,100,112,69.13927137851068
100B,4128,0.001692946001639939,100,112,59.06862942062597
100B,4129,0.0016753910003899364,100,112,59.687559487143986
100B,4130,0.0017384019993187394,100,112,57.524093989301036
100B,4131,0.002053201000308036,100,112,48.70443760011674
100B,4132,0.0016908779998630052,100,112,59.14087237997182
100B,4133,0.0015171449995250441,100,112,65.91327792090136
100B,4134,0.0014798890006204601,100,112,67.57263548690062
100B,4135,0.0013712410000152886,100,112,72.92664090330223
100B,4136,0.0013456599990604445,100,112,74.3129765838482
100B,4137,0.0031217300002026604,100,112,32.03351987311781
100B,4138,0.0014646069994341815,100,112,68.27770182624607
100B,4139,0.0015417790000356035,100,112,64.86013883811542
100B,4140,0.001866583001174149,100,112,53.573829793315554
100B,4141,0.0018373990005784435,100,112,54.42476020097885
100B,4142,0.0017275230002269382,100,112,57.886349407135754
100B,4143,0.002116736999596469,100,112,47.242524706217075
100B,4144,0.0019309280014567776,100,112,51.7885700163629
100B,4145,0.002034393999565509,100,112,49.15468686073457
100B,4146,0.0021535539999604225,100,112,46.43486998786089
100B,4147,0.0019351570008439012,100,112,51.67539375688436
100B,4148,0.0020895359994028695,100,112,47.85751479207689
100B,4149,0.0018589560004329542,100,112,53.79363469426378
100B,4150,0.001772830999470898,100,112,56.40695589700599
100B,4151,0.0019403370006330078,100,112,51.537439098144496
100B,4152,0.0023257780012500007,100,112,42.99636506418692
100B,4153,0.0019569019987102365,100,112,51.10117934669618
100B,4154,0.0020849989996349905,100,112,47.96165370703125
100B,4155,0.0019047099995077588,100,112,52.501430677553735
100B,4156,0.0024883440000849077,100,112,40.18736959061439
100B,4157,0.001717425000606454,100,112,58.226705657998565
100B,4158,0.0022990689994912827,100,112,43.49586724979854
100B,4159,0.0017080710003938293,100,112,58.54557566807412
100B,4160,0.0017716319998726249,100,112,56.445130821293425
100B,4161,0.0018184070013376186,100,112,54.99318905307783
100B,4162,0.001841371999034891,100,112,54.3073317354736
100B,4163,0.0019188770002074307,100,112,52.11381448065196
100B,4164,0.0018975420007336652,100,112,52.69975576895585
100B,4165,0.0022266799987846753,100,112,44.90991074360937
100B,4166,0.001669608000156586,100,112,59.894298536315944
100B,4167,0.002457333999700495,100,112,40.69450876933628
100B,4168,0.001616916999410023,100,112,61.846093544991966
100B,4169,0.001392100000884966,100,112,71.8339199313479
100B,4170,0.0015576770001644036,100,112,64.19816174306072
100B,4171,0.0013321480000740848,100,112,75.06673432264185
100B,4172,0.001961707999726059,100,112,50.97598623952413
100B,4173,0.002097327000228688,100,112,47.67973710780255
100B,4174,0.0019342420000612037,100,112,51.699839005065435
100B,4175,0.0020754810011567315,100,112,48.18160221378409
100B,4176,0.0020189159986330196,100,112,49.53153081540224
100B,4177,0.002153021001504385,100,112,46.44636533044814
100B,4178,0.0018552639994595665,100,112,53.90068477000025
100B,4179,0.001765603999956511,100,112,56.63784178245129
100B,4180,0.0019648609995783772,100,112,50.8941854011343
100B,4181,0.001769967000655015,100,112,56.49822847713704
100B,4182,0.001815759000237449,100,112,55.073388036035
100B,4183,0.0017867700007627718,100,112,55.966912337519666
100B,4184,0.0019401930003368761,100,112,51.54126418487077
100B,4185,0.002289223999468959,100,112,43.68292487899718
100B,4186,0.0016436959995189682,100,112,60.83850056778459
100B,4187,0.0018402730001980672,100,112,54.33976371399085
100B,4188,0.002449249999699532,100,112,40.82882515556507
100B,4189,0.0021265530012897216,100,112,47.024456921295425
100B,4190,0.0017716640013532015,100,112,56.444111255644266
100B,4191,0.0019537690004653996,100,112,51.18312347886541
100B,4192,0.002589583000371931,100,112,38.61625597080202
100B,4193,0.002818818000378087,100,112,35.47586257310228
100B,4194,0.0023898090003058314,100,112,41.84434822498479
100B,4195,0.0016441080006188713,100,112,60.823254897098145
100B,4196,0.0019030410003324505,100,112,52.547475321094275
100B,4197,0.0023602349992870586,100,112,42.36866245530906
100B,4198,0.0022253189999901224,100,112,44.93737751775986
100B,4199,0.0018203689996880712,100,112,54.93391725366421
100B,4200,0.0019329019996803254,100,112,51.73568034827352
100B,4201,0.002020227999310009,100,112,49.49936345509225
100B,4202,0.0020654389991250355,100,112,48.41585737577443
100B,4203,0.0018785510001180228,100,112,53.232518038486766
100B,4204,0.0017461280003772117,100,112,57.269570145142424
100B,4205,0.001986911000130931,100,112,50.329380628226595
100B,4206,0.0019122330013487954,100,112,52.29488243820962
100B,4207,0.0019443300006969366,100,112,51.43159852707896
100B,4208,0.0015669149997847853,100,112,63.81967114600022
100B,4209,0.0022145160000945907,100,112,45.156594034872
100B,4210,0.0017244350001419662,100,112,57.9900083167921
100B,4211,0.0016087869989860337,100,112,62.15863259898716
100B,4212,0.0028553259999171132,100,112,35.022270662930566
100B,4213,0.0021369410005718237,100,112,46.79586379466771
100B,4214,0.0016106759994727327,100,112,62.08573296723598
100B,4215,0.0016827330000523943,100,112,59.42713430882163
100B,4216,0.002002068000365398,100,112,49.948353393465645
100B,4217,0.0021314879995770752,100,112,46.9155819877202
100B,4218,0.001532172998850001,100,112,65.26678128061043
100B,4219,0.0014774470000702422,100,112,67.68432302156741
100B,4220,0.0015015349999885075,100,112,66.59851418765822
100B,4221,0.00150558199857187,100,112,66.4194976393552
100B,4222,0.0012776519997714786,100,112,78.268573929275
100B,4223,0.0018297930000699125,100,112,54.65099057444159
100B,4224,0.0016437069989478914,100,112,60.838093446099755
100B,4225,0.0018868580009439029,100,112,52.99815881744937
100B,4226,0.001757727999574854,100,112,56.89162374621514
100B,4227,0.002126364999639918,100,112,47.028614568493246
100B,4228,0.001984671000172966,100,112,50.38618490988426
100B,4229,0.002047088999461266,100,112,48.84985461126364
100B,4230,0.0017929720015672501,100,112,55.773319333815174
100B,4231,0.002015583999309456,100,112,49.613412308422895
100B,4232,0.0019158640006935457,100,112,52.19577170602916
100B,4233,0.001727549999486655,100,112,57.885444722129726
100B,4234,0.001618151000002399,100,112,61.79892976604269
100B,4235,0.0021471820000442676,100,112,46.57267059706086
100B,4236,0.0016552069992030738,100,112,60.41540426553695
100B,4237,0.0018848569998226594,100,112,53.05442270124933
100B,4238,0.002186218000133522,100,112,45.741092605537304
100B,4239,0.002590924999822164,100,112,38.59625423617581
100B,4240,0.0024344319990632357,100,112,41.07734372472913
100B,4241,0.0022494599998026388,100,112,44.45511367562602
100B,4242,0.0019316760008223355,100,112,51.768516023095444
100B,4243,0.06140101899836736,100,112,1.628637466141384
100B,4244,0.0029119759983586846,100,112,34.34094238976019
100B,4245,0.015005064999058959,100,112,6.664416315842116
100B,4246,0.0021981999998388346,100,112,45.49176599369106
100B,4247,0.0020121910001762444,100,112,49.6970714963148
100B,4248,0.001105000999814365,100,112,90.49765567343336
100B,4249,0.0012193330003356095,100,112,82.012050828179
100B,4250,0.0013421620005829027,100,112,74.50665415692731
100B,4251,0.0011211540004296694,100,112,89.19381276941094
100B,4252,0.0013614550007332582,100,112,73.45083013844862
100B,4253,0.0013888489993405528,100,112,72.00206793357778
100B,4254,0.0013374539994401857,100,112,74.76892666353886
100B,4255,0.0018893600008595968,100,112,52.92797558670834
100B,4256,0.0023039830011839513,100,112,43.403098004027306
100B,4257,0.0021103510007378645,100,112,47.38548230367173
100B,4258,0.0020330709994595964,100,112,49.186673769180054
100B,4259,0.0020803779989364557,100,112,48.068187632787236
100B,4260,0.001409923999744933,100,112,70.92580877982844
100B,4261,0.0022009460008121096,100,112,45.43500838416835
100B,4262,0.001956334999704268,100,112,51.11598985609144
100B,4263,0.001802491000489681,100,112,55.47877907453246
100B,4264,0.001606144000106724,100,112,62.26091807045648
100B,4265,0.0019412140009080758,100,112,51.51415555071272
100B,4266,0.001978428999791504,100,112,50.54515477206333
100B,4267,0.0021649819991580443,100,112,46.18976048710323
100B,4268,0.002116259000104037,100,112,47.25319537688152
100B,4269,0.002103540999087272,100,112,47.538888019482414
100B,4270,0.0017254089998459676,100,112,57.95727274456508
100B,4271,0.0019412199999351287,100,112,51.51399635453054
100B,4272,0.0020019149997096974,100,112,49.952170803706075
100B,4273,0.002070565999019891,100,112,48.295973201209385
100B,4274,0.0021007220002502436,100,112,47.602681358165306
100B,4275,0.0019373659997654613,100,112,51.61647309393582
100B,4276,0.0016691430009814212,100,112,59.910984224360696
100B,4277,0.002009193000048981,100,112,49.77122655591681
100B,4278,0.0016203380000661127,100,112,61.71551861149946
100B,4279,0.0019499139998515602,100,112,51.28431305565918
100B,4280,0.0017360050005663652,100,112,57.60352070839391
100B,4281,0.0020202350006002234,100,112,49.49919191098532
100B,4282,0.0016781939993961714,100,112,59.58786650171604
100B,4283,0.0021060340004623868,100,112,47.482614230370764
100B,4284,0.002023716000621789,100,112,49.414048201069164
100B,4285,0.002087922999635339,100,112,47.89448653875898
100B,4286,0.002009765999900992,100,112,49.75703639375248
100B,4287,0.0022502510000776965,100,112,44.439486971252194
100B,4288,0.002175146000809036,100,112,45.973925411354195
100B,4289,0.002454872999805957,100,112,40.73530484383689
100B,4290,0.0015922549991955748,100,112,62.80401069585031
100B,4291,0.001996457000132068,100,112,50.08873218575951
100B,4292,0.0021342519994504983,100,112,46.854823153848194
100B,4293,0.002069160000246484,100,112,48.32879042127613
100B,4294,0.0018728730010479921,100,112,53.393903347447264
100B,4295,0.0016494179999426706,100,112,60.62744556169251
100B,4296,0.0012936729999637464,100,112,77.29928660705015
100B,4297,0.0019206239994673524,100,112,52.06641176395435
100B,4298,0.001329705999523867,100,112,75.20459412517309
100B,4299,0.0016587779991823481,100,112,60.2853426132324
100B,4300,0.001902867999888258,100,112,52.552252707950466
100B,4301,0.0016533630005142186,100,112,60.48278567313931
100B,4302,0.0015247899991663871,100,112,65.58280160197187
100B,4303,0.0019321750005474314,100,112,51.75514638770691
100B,4304,0.001726629001495894,100,112,57.916321290423895
100B,4305,0.0016725770001357887,100,112,59.787979860945995
100B,4306,0.001837003999753506,100,112,54.436462856595995
100B,4307,0.0019860379998135613,100,112,50.351503853092176
100B,4308,0.001856254000813351,100,112,53.87193776077154
100B,4309,0.002320272000361001,100,112,43.09839535383845
100B,4310,0.0018283909994352143,100,112,54.69289666755621
100B,4311,0.0021149950007384177,100,112,47.2814356370046
100B,4312,0.0022813039995526196,100,112,43.83457882842915
100B,4313,0.00165905100038799,100,112,60.275422501546814
100B,4314,0.002000226000745897,100,112,49.994350619734654
100B,4315,0.0019115880004392238,100,112,52.312527582838506
100B,4316,0.001773287998730666,100,112,56.392419094687845
100B,4317,0.0017050820006261347,100,112,58.64820575390411
100B,4318,0.0018918570003734203,100,112,52.85811770142337
100B,4319,0.0019353839998075273,100,112,51.66933280937785
100B,4320,0.0018598820006445749,100,112,53.766851856915245
100B,4321,0.0016430479990958702,100,112,60.86249461672915
100B,4322,0.001953088998561725,100,112,51.200943773499844
100B,4323,0.0017340290014544735,100,112,57.66916234741272
100B,4324,0.001954534000105923,100,112,51.163090534409044
100B,4325,0.0019173319997207727,100,112,52.15580818270561
100B,4326,0.0019958749999204883,100,112,50.103338136899254
100B,4327,0.0018709249998209998,100,112,53.44949691172413
100B,4328,0.0024045690006460063,100,112,41.58749446288886
100B,4329,0.0014297840007202467,100,112,69.94063435429791
100B,4330,0.0018801360001816647,100,112,53.18764173992609
100B,4331,0.001559199001349043,100,112,64.13549515711493
100B,4332,0.0015497049989789957,100,112,64.52841028833474
100B,4333,0.0011597310003708117,100,112,86.22689224313747
100B,4334,0.0016302379990520421,100,112,61.340736786989645
100B,4335,0.0015857750004215632,100,112,63.060648562006556
100B,4336,0.002254064000226208,100,112,44.36431263263352
100B,4337,0.0017769559999578632,100,112,56.276013588615186
100B,4338,0.0017077449992939364,100,112,58.55675176407765
100B,4339,0.002490130000296631,100,112,40.158545934584836
100B,4340,0.0017373350001435028,100,112,57.55942290447154
100B,4341,0.0018232780003017979,100,112,54.84627137685395
100B,4342,0.001835703000324429,100,112,54.47504306651279
100B,4343,0.0017437059996154858,100,112,57.34911735238139
100B,4344,0.0016513010014023166,100,112,60.55831124372727
100B,4345,0.002227979000963387,100,112,44.883726443004896
100B,4346,0.001963580998562975,100,112,50.927361831869376
100B,4347,0.0021313529996405123,100,112,46.918553621510206
100B,4348,0.0016661690006003482,100,112,60.017921329690054
100B,4349,0.0023158289986895397,100,112,43.18108118370877
100B,4350,0.002032784999755677,100,112,49.19359401610064
100B,4351,0.001745985000525252,100,112,57.27426064365764
100B,4352,0.0016894430009415373,100,112,59.19110614816206
100B,4353,0.0017124250007327646,100,112,58.39671807945396
100B,4354,0.0022135130002425285,100,112,45.17705565273087
100B,4355,0.0018600070015963865,100,112,53.76323847930308
100B,4356,0.0016660590008541476,100,112,60.02188394812696
100B,4357,0.0023337200000241864,100,112,42.850041992597056
100B,4358,0.0015903269995760638,100,112,62.880149822430965
100B,4359,0.002133485999365803,100,112,46.87164576178417
100B,4360,0.0020152639990556054,100,112,49.62129033558982
100B,4361,0.002219588999651023,100,112,45.053386016835816
100B,4362,0.0023547430009784875,100,112,42.467479448265095
100B,4363,0.0019684420003613923,100,112,50.801598412165916
100B,4364,0.0017185599990625633,100,112,58.18825066017352
100B,4365,0.0018453940010658698,100,112,54.18896991224726
100B,4366,0.001738660999762942,100,112,57.51552488589466
100B,4367,0.0020471069983614143,100,112,48.8494251057927
100B,4368,0.0016970390006463276,100,112,58.926164903643574
100B,4369,0.001699544000075548,100,112,58.83931218936068
100B,4370,0.001810708999983035,100,112,55.22698567298054
100B,4371,0.0018848799991246779,100,112,53.05377533128854
100B,4372,0.001954977999048424,100,112,51.151470783136446
100B,4373,0.0020081359998584958,100,112,49.79742408235625
100B,4374,0.002220374000899028,100,112,45.03745763529481
100B,4375,0.0020815549996768823,100,112,48.041007811719076
100B,4376,0.0016824869999254588,100,112,59.43582328091119
100B,4377,0.0018878049995691981,100,112,52.971572817542196
100B,4378,0.0014166909986670362,100,112,70.5870229246109
100B,4379,0.001429834999726154,100,112,69.93813972881645
100B,4380,0.0014935709987184964,100,112,66.95362998197027
100B,4381,0.0017949520006368402,100,112,55.711796173112425
100B,4382,0.0021124270006112056,100,112,47.338913946406755
100B,4383,0.0018310270006622886,100,112,54.61415913792077
100B,4384,0.001661792999584577,100,112,60.17596657646198
100B,4385,0.0019005429985554656,100,112,52.616541733602666
100B,4386,0.00170548999994935,100,112,58.634175517282316
100B,4387,0.0012975289992027683,100,112,77.06956843464948
100B,4388,0.0022709490003762767,100,112,44.03445431114079
100B,4389,0.0019411590001254808,100,112,51.51561515235783
100B,4390,0.0018414749993098667,100,112,54.30429413240864
100B,4391,0.0014324929998110747,100,112,69.80836905533819
100B,4392,0.0020366940007079393,100,112,49.09917737531547
100B,4393,0.0016039439997257432,100,112,62.34631634090648
100B,4394,0.0013498570006049704,100,112,74.08192123697742
100B,4395,0.0018543059995863587,100,112,53.928531764610085
100B,4396,0.001607034000699059,100,112,62.22643699915499
100B,4397,0.0013142260013410123,100,112,76.0904135955017
100B,4398,0.0012463010007195408,100,112,80.23743858206475
100B,4399,0.0017488519988546614,100,112,57.180367501361395
100B,4400,0.001312559999860241,100,112,76.18699336460644
100B,4401,0.0016692680001142435,100,112,59.90649793391839
100B,4402,0.0021067860016046325,100,112,47.46566567455596
100B,4403,0.0018726079997577472,100,112,53.401459361989616
100B,4404,0.00164171700089355,100,112,60.91183799983324
100B,4405,0.0017029680002451641,100,112,58.72100942918699
100B,4406,0.002130803000909509,100,112,46.930664147420536
100B,4407,0.002233096000054502,100,112,44.78087820566574
100B,4408,0.0020608129998436198,100,112,48.52453862023788
100B,4409,0.002225407999503659,100,112,44.93558036202951
100B,4410,0.0019462839991319925,100,112,51.379963070445115
100B,4411,0.0020123859994782833,100,112,49.6922558723452
100B,4412,0.002072150999083533,100,112,48.25903133711193
100B,4413,0.002812630000335048,100,112,35.55391217049087
100B,4414,0.002336305000426364,100,112,42.80263064186846
100B,4415,0.0018865710007958114,100,112,53.00622131783911
100B,4416,0.0012715419998130528,100,112,78.64466923994834
100B,4417,0.001463216000047396,100,112,68.34260970134338
100B,4418,0.0017071740003302693,100,112,58.57633725715951
100B,4419,0.0015404510013468098,100,112,64.91605374826621
100B,4420,0.0019831110002996866,100,112,50.425820836497834
100B,4421,0.0016122179986268748,100,112,62.02635132790352
100B,4422,0.0018679280001379084,100,112,53.53525403153496
100B,4423,0.002116187000865466,100,112,47.25480307699772
100B,4424,0.0016978809999272926,100,112,58.896942721122535
100B,4425,0.0017029220016411273,100,112,58.722595576091415
100B,4426,0.002500046999557526,100,112,39.99924802121666
100B,4427,0.0022178300005180063,100,112,45.08911863246667
100B,4428,0.0018839670010493137,100,112,53.07948596992568
100B,4429,0.001653401001021848,100,112,60.481395582921024
100B,4430,0.002351388000533916,100,112,42.52807277118603
100B,4431,0.0017650869995122775,100,112,56.654431213663486
100B,4432,0.0017896180015668506,100,112,55.87784650827594
100B,4433,0.0015784529987286078,100,112,63.35316926164208
100B,4434,0.001833205998991616,100,112,54.54924326835423
100B,4435,0.001159988998551853,100,112,86.20771414629056
100B,4436,0.0013002579999010777,100,112,76.90781368590534
100B,4437,0.002089621000777697,100,112,47.85556804931749
100B,4438,0.0013718840000365162,100,112,72.89246029353666
100B,4439,0.0018300320007256232,100,112,54.64385320057198
100B,4440,0.001463343000068562,100,112,68.3366784105399
100B,4441,0.0016104599999380298,100,112,62.0940600846019
100B,4442,0.002103982000335236,100,112,47.528923718960804
100B,4443,0.002379382000071928,100,112,42.02771980160269
100B,4444,0.00198523099970771,100,112,50.371971833365095
100B,4445,0.0019800949994532857,100,112,50.502627413134476
100B,4446,0.0019725950005522463,100,112,50.69464333631793
100B,4447,0.0019161140007781796,100,112,52.1889615959111
100B,4448,0.0019050549999519717,100,112,52.491922806701695
100B,4449,0.0019682429992826656,100,112,50.806734756046595
100B,4450,0.0021011000008002156,100,112,47.59411734896695
100B,4451,0.001834771999710938,100,112,54.50268481084007
100B,4452,0.002442565000819741,100,112,40.94056860981769
100B,4453,0.001873092998721404,100,112,53.387632150812166
100B,4454,0.0019154670007992536,100,112,52.20658980722388
100B,4455,0.0020577639988914598,100,112,48.596437712911246
100B,4456,0.00172259499959182,100,112,58.05195070442887
100B,4457,0.0022940010003367206,100,112,43.59196006685337
100B,4458,0.0018018139999185223,100,112,55.49962427005339
100B,4459,0.0021654270003637066,100,112,46.18026836425515
100B,4460,0.0016672769997967407,100,112,59.978036050512955
100B,4461,0.0015527970008406555,100,112,64.39991830603861
100B,4462,0.0012167969998699846,100,112,82.18297712000034
100B,4463,0.0014891859991621459,100,112,67.15077905396812
100B,4464,0.0017365080002491595,100,112,57.58683518051843
100B,4465,0.002139977999831899,100,112,46.72945236252674
100B,4466,0.001814196000850643,100,112,55.12083587060706
100B,4467,0.0014890540005580988,100,112,67.15673169846085
100B,4468,0.002038753000306315,100,112,49.04959060022248
100B,4469,0.0016800630000943784,100,112,59.52157746131095
100B,4470,0.0017965919996640878,100,112,55.660940279538806
100B,4471,0.0014789699998800643,100,112,67.614623696295
100B,4472,0.002099473000271246,100,112,47.6310007259347
100B,4473,0.0014916390009602765,100,112,67.04034953204008
100B,4474,0.0019510310012265109,100,112,51.25495183681615
100B,4475,0.0013858189995517023,100,112,72.15949559960495
100B,4476,0.0016835980004543671,100,112,59.396601785587855
100B,4477,0.0016562389992031967,100,112,60.37775951907255
100B,4478,0.00146167200000491,100,112,68.41480167894308
100B,4479,0.0016393999994761543,100,112,60.997926090004576
100B,4480,0.001918296000440023,100,112,52.12959833991302
100B,4481,0.0014111220007180236,100,112,70.86559485935081
100B,4482,0.001497224000559072,100,112,66.79027317399363
100B,4483,0.0020448360010050237,100,112,48.90367733688699
100B,4484,0.00161701099932543,100,112,61.842498314307754
100B,4485,0.0020168729988654377,100,112,49.58170398247858
100B,4486,0.0019708729996636976,100,112,50.73893651040105
100B,4487,0.001785884000128135,100,112,55.99467826176007
100B,4488,0.0017553549987496808,100,112,56.96853347113766
100B,4489,0.002193385000282433,100,112,45.59163119430625
100B,4490,0.0019885219990101177,100,112,50.28860633665597
100B,4491,0.0019614430002548033,100,112,50.9828733167415
100B,4492,0.0017939079989446327,100,112,55.744218799866346
100B,4493,0.0020836109997617314,100,112,47.99360341802542
100B,4494,0.0017687529998511309,100,112,56.53700658510069
100B,4495,0.002061426001091604,100,112,48.510108995931056
100B,4496,0.0015901500009931624,100,112,62.887148971822064
100B,4497,0.001658056999076507,100,112,60.31155747703324
100B,4498,0.0024591280016466044,100,112,40.664820998760995
100B,4499,0.0020111390003876295,100,112,49.723067366664296
100B,4500,0.0015060169989737915,100,112,66.40031292351983
100B,4501,0.0015536139999312581,100,112,64.36605231700065
100B,4502,0.001731263999317889,100,112,57.761265780030996
100B,4503,0.0015723389988124836,100,112,63.59951643731121
100B,4504,0.00161746899902937,100,112,61.824987100222124
100B,4505,0.0016833230001793709,100,112,59.40630526009817
100B,4506,0.0017232249992957804,100,112,58.03072729380457
100B,4507,0.002236968000943307,100,112,44.70336632344809
100B,4508,0.0016761050010245526,100,112,59.66213330243213
100B,4509,0.001485234999563545,100,112,67.32941253699668
100B,4510,0.0018777360000967747,100,112,53.255622725903
100B,4511,0.0017196790013258578,100,112,58.150387323972005
100B,4512,0.0018038680009340169,100,112,55.436428800899755
100B,4513,0.0020971069989172975,100,112,47.68473904842642
100B,4514,0.0020677600005001295,100,112,48.36151196261316
100B,4515,0.0016706850001355633,100,112,59.85568793152854
100B,4516,0.0016501520003657788,100,112,60.60047800313767
100B,4517,0.0013758620007138234,100,112,72.68170786613636
100B,4518,0.001555980999910389,100,112,64.26813695395967
100B,4519,0.0017652559999987716,100,112,56.6490072828358
100B,4520,0.0014398690000234637,100,112,69.4507625335155
100B,4521,0.0014392379998753313,100,112,69.4812115915937
100B,4522,0.0019791949998761993,100,112,50.525592478889195
100B,4523,0.0011262360003456706,100,112,88.7913367795981
100B,4524,0.0012912750007672003,100,112,77.44283745955418
100B,4525,0.001812922000681283,100,112,55.15957110257404
100B,4526,0.0011613480000960408,100,112,86.10683446454485
100B,4527,0.0018377569995209342,100,112,54.41415814281646
100B,4528,0.0012863590000051772,100,112,77.73879609004759
100B,4529,0.002072356001008302,100,112,48.254257449658816
100B,4530,0.0013971580010547768,100,112,71.57386632328308
100B,4531,0.001694967000730685,100,112,58.9981987595575
100B,4532,0.0018416570001136279,100,112,54.29892753853195
100B,4533,0.0016207730004680343,100,112,61.6989547401905
100B,4534,0.00133199300034903,100,112,75.07546959615884
100B,4535,0.0018805069994414225,100,112,53.17714851883219
100B,4536,0.0021545390009123366,100,112,46.41364113513616
100B,4537,0.0015468029996554833,100,112,64.64947380000739
100B,4538,0.0013967009999760194,100,112,71.5972853185592
100B,4539,0.0016247599996859208,100,112,61.547551650293464
100B,4540,0.001666008000029251,100,112,60.02372137363341
100B,4541,0.0015983890007191803,100,112,62.56299308554171
100B,4542,0.001708444000541931,100,112,58.53279356436574
100B,4543,0.0014917129992682021,100,112,67.03702391080427
100B,4544,0.0014304080013971543,100,112,69.91012347688546
100B,4545,0.0013970830004836898,100,112,71.57770867255459
100B,4546,0.0013082109999231761,100,112,76.44026843213553
100B,4547,0.0018648509994818596,100,112,53.62358710040885
100B,4548,0.0020517579996521818,100,112,48.73869141338901
100B,4549,0.0013588750007329509,100,112,73.59028604254397
100B,4550,0.0014515019993268652,100,112,68.8941524340821
100B,4551,0.002164532999813673,100,112,46.19934184815301
100B,4552,0.0021253649993013823,100,112,47.05074188803828
100B,4553,0.0022307199997158023,100,112,44.828575532895286
100B,4554,0.0017497140015620971,100,112,57.15219739381563
100B,4555,0.001956687001438695,100,112,51.10679425297603
100B,4556,0.0016599499995209044,100,112,60.24277841432697
100B,4557,0.0015957279993017437,100,112,62.66732177649189
100B,4558,0.0014020990001881728,100,112,71.32163990315891
100B,4559,0.0015870470015215687,100,112,63.01010613052153
100B,4560,0.002075792999676196,100,112,48.174360360401565
100B,4561,0.0024669129998073913,100,112,40.536492372372955
100B,4562,0.0020958360000804532,100,112,47.7136569827798
100B,4563,0.0017329220008832635,100,112,57.70600174100761
100B,4564,0.0016166259993042331,100,112,61.85722612591793
100B,4565,0.002101893000144628,100,112,47.576161104832245
100B,4566,0.0017524929990031524,100,112,57.061568894644196
100B,4567,0.00173098300001584,100,112,57.770642461009096
100B,4568,0.0016176489989447873,100,112,61.81810767677738
100B,4569,0.002176038000470726,100,112,45.95507981862806
100B,4570,0.0016418989998783218,100,112,60.9050861273506
100B,4571,0.0018617870009620674,100,112,53.71183704060969
100B,4572,0.0016967339997790987,100,112,58.93675733085988
100B,4573,0.002034805998846423,100,112,49.14473421873743
100B,4574,0.0012616149997484172,100,112,79.26348372517872
100B,4575,0.0016888529989955714,100,112,59.21178460142713
100B,4576,0.0016884360011317767,100,112,59.22640830506394
100B,4577,0.0015286730013031047,100,112,65.41621387618923
100B,4578,0.0019181469997420209,100,112,52.133647740996594
100B,4579,0.0013472179998643696,100,112,74.22703676024773
100B,4580,0.0025147440010186983,100,112,39.76547909428991
100B,4581,0.00139591399965866,100,112,71.6376510475952
100B,4582,0.0014077240011829417,100,112,71.03665201130887
100B,4583,0.0013010589991608867,100,112,76.86046525522258
100B,4584,0.001612318999832496,100,112,62.02246578399747
100B,4585,0.0014405390011233976,100,112,69.41846067479983
100B,4586,0.0015977290004229872,100,112,62.588837013990315
100B,4587,0.0018185219996667001,100,112,54.98971143507093
100B,4588,0.0017686009996396024,100,112,56.541865587759794
100B,4589,0.0019360460009920644,100,112,51.65166527487375
100B,4590,0.001938008999786689,100,112,51.59934758352861
100B,4591,0.0017153570006485097,100,112,58.29690260522672
100B,4592,0.00174771599995438,100,112,57.21753420041371
100B,4593,0.001986453000426991,100,112,50.34098464877088
100B,4594,0.0018256879993714392,100,112,54.77387156755629
100B,4595,0.0020679119988926686,100,112,48.35795723103705
100B,4596,0.0018382520011073211,100,112,54.39950558452393
100B,4597,0.001651934999244986,100,112,60.535069506793434
100B,4598,0.0017972230016312096,100,112,55.64139781720867
100B,4599,0.002010170999710681,100,112,49.74701157980727
100B,4600,0.0018324019983992912,100,112,54.57317776740899
100B,4601,0.00188845500088064,100,112,52.95334013962057
100B,4602,0.0016618560002825689,100,112,60.173685315091554
100B,4603,0.0021039519997430034,100,112,47.52960144157991
100B,4604,0.001810160998502397,100,112,55.243704887428876
100B,4605,0.001982939000299666,100,112,50.43019476892016
100B,4606,0.0015685309990658425,100,112,63.75392010712967
100B,4607,0.0022005560003890423,100,112,45.44306074570278
100B,4608,0.002280986000187113,100,112,43.84068994364579
100B,4609,0.002037750999079435,100,112,49.07370922412774
100B,4610,0.002088531000481453,100,112,47.88054377787439
100B,4611,0.0022390909998648567,100,112,44.66098073103578
100B,4612,0.001599419998456142,100,112,62.52266452621958
100B,4613,0.0017714650002744747,100,112,56.45045201824805
100B,4614,0.0018871530010073911,100,112,52.98987413665902
100B,4615,0.002550540000811452,100,112,39.20738352199342
100B,4616,0.0019032279997190926,100,112,52.5423123318696
100B,4617,0.0016383130005124258,100,112,61.03839740557656
100B,4618,0.0017331239996565273,100,112,57.6992760009198
100B,4619,0.002312601000085124,100,112,43.24135464627021
100B,4620,0.0015759830002934905,100,112,63.452461087065856
100B,4621,0.0018614909986354178,100,112,53.72037795149473
100B,4622,0.0034852230000979034,100,112,28.692568595235056
100B,4623,0.0017433610009902623,100,112,57.36046633095389
100B,4624,0.0013911850001022685,100,112,71.88116605099165
100B,4625,0.0014223660000425298,100,112,70.30539256211827
100B,4626,0.001809203999073361,100,112,55.27292668555788
100B,4627,0.0015907750002952525,100,112,62.86244125123899
100B,4628,0.0021751679996668827,100,112,45.97346044779739
100B,4629,0.0017426969989173813,100,112,57.38232180472175
100B,4630,0.0018987230014317902,100,112,52.666976659887695
100B,4631,0.0023239080001076218,100,112,43.03096335800252
100B,4632,0.002112401998601854,100,112,47.33947424126067
100B,4633,0.002200561999416095,100,112,45.44293686182636
100B,4634,0.0021693190010410035,100,112,46.097415802845234
100B,4635,0.002026803000262589,100,112,49.338786249598094
100B,4636,0.0022309519990812987,100,112,44.82391375573289
100B,4637,0.0021591899985651253,100,112,46.31366395104382
100B,4638,0.002123176000168314,100,112,47.09925130656739
100B,4639,0.002048272001047735,100,112,48.821640850847864
100B,4640,0.0020751699994434603,100,112,48.188823097297565
100B,4641,0.0019641419985418906,100,112,50.912815913633764
100B,4642,0.002086876000248594,100,112,47.918515517015734
100B,4643,0.0019510740003170213,100,112,51.25382224546657
100B,4644,0.001927160999912303,100,112,51.88980059504659
100B,4645,0.0020052639993082266,100,112,49.86874547914782
100B,4646,0.0018927010005427292,100,112,52.834547015785986
100B,4647,0.0016606429999228567,100,112,60.21763859218712
100B,4648,0.0012840979998145485,100,112,77.87567616680515
100B,4649,0.0016215220002777642,100,112,61.67045527773916
100B,4650,0.0019273529997008154,100,112,51.884631417038335
100B,4651,0.0013620689987874357,100,112,73.41771972567007
100B,4652,0.0014951540015317732,100,112,66.88274244495938
100B,4653,0.0015498949996981537,100,112,64.5204997883568
100B,4654,0.0017049899997800821,100,112,58.65137039683428
100B,4655,0.0012037039996357635,100,112,83.07690265236273
100B,4656,0.0016484070001752116,100,112,60.6646295419583
100B,4657,0.004413667000335408,100,112,22.656897312914793
100B,4658,0.0015040019989100983,100,112,66.48927333372347
100B,4659,0.0011379210009181406,100,112,87.87956274584457
100B,4660,0.0015736419991299044,100,112,63.546855037735284
100B,4661,0.0018847749997803476,100,112,53.056730915708265
100B,4662,0.0016218979999393923,100,112,61.65615840437366
100B,4663,0.0025385619992448483,100,112,39.39238042236007
100B,4664,0.0023006490009720437,100,112,43.465995881053196
100B,4665,0.0011689669991028495,100,112,85.5456142703321
100B,4666,0.0011863220006489428,100,112,84.2941460626187
100B,4667,0.0014329509995150147,100,112,69.78605690902565
100B,4668,0.0012211989997013006,100,112,81.88673592466053
100B,4669,0.0015213280003081309,100,112,65.73204462137417
100B,4670,0.0013467799999489216,100,112,74.25117688396965
100B,4671,0.0016770920010458212,100,112,59.62702102069582
100B,4672,0.0017641640006331727,100,112,56.684072435504405
100B,4673,0.0017889459995785728,100,112,55.89883653478489
100B,4674,0.0017729899991536513,100,112,56.40189738675101
100B,4675,0.0017094909999286756,100,112,58.49694441454928
100B,4676,0.0021877790004509734,100,112,45.70845591779915
100B,4677,0.0018652580001798924,100,112,53.61188639338667
100B,4678,0.0019095000006927876,100,112,52.36973027688867
100B,4679,0.0016509580000274582,100,112,60.57089277760962
100B,4680,0.0020827690004807664,100,112,48.01300575191822
100B,4681,0.0019509210014803102,100,112,51.2578417701806
100B,4682,0.0018077999993693084,100,112,55.31585354291805
100B,4683,0.0017230180001206463,100,112,58.03769896367766
100B,4684,0.0019691399993462255,100,112,50.783590822999386
100B,4685,0.0021965020005154656,100,112,45.52693326777414
100B,4686,0.002147213999705855,100,112,46.57197653037794
100B,4687,0.002425167000183137,100,112,41.234273760301235
100B,4688,0.0028586480002559256,100,112,34.981571704892424
100B,4689,0.0021592110006167786,100,112,46.31321347077011
100B,4690,0.0019076820008194773,100,112,52.41963805133314
100B,4691,0.0017732690012053354,100,112,56.39302324240005
100B,4692,0.0021750860014435602,100,112,45.97519359401515
100B,4693,0.0017668480013526278,100,112,56.597964241091496
100B,4694,0.0021096300006320234,100,112,47.401677057133725
100B,4695,0.0019751879990508314,100,112,50.628092135054786
100B,4696,0.002166823998777545,100,112,46.150494943944175
100B,4697,0.0015451700000994606,100,112,64.71779803747363
100B,4698,0.0012545829995360691,100,112,79.70775950015177
100B,4699,0.0014554579993273364,100,112,68.70689504349602
100B,4700,0.002762943999186973,100,112,36.193277905533414
100B,4701,0.0022172469998622546,100,112,45.10097431915003
100B,4702,0.00184205400000792,100,112,54.287225021400054
100B,4703,0.0019281789991509868,100,112,51.862404913668215
100B,4704,0.004044368000904797,100,112,24.72574206343939
100B,4705,0.0015762530001666164,100,112,63.441592174244605
100B,4706,0.0011849950005853316,100,112,84.38854168212079
100B,4707,0.0016665679995639948,100,112,60.0035522259889
100B,4708,0.0016610929997114,100,112,60.20132528243398
100B,4709,0.001563588000863092,100,112,63.955466494243076
100B,4710,0.0016645350006001536,100,112,60.0768382544943
100B,4711,0.0018325239998375764,100,112,54.56954452376252
100B,4712,0.002231469999969704,100,112,44.81350858463599
100B,4713,0.002048345000730478,100,112,48.81990092701089
100B,4714,0.0020780069989996264,100,112,48.123033294950886
100B,4715,0.0017348599994875258,100,112,57.641538815546966
100B,4716,0.0021147569987078896,100,112,47.2867568524893
100B,4717,0.0019274530004622648,100,112,51.88193952123181
100B,4718,0.0016658959993947065,100,112,60.02775685657112
100B,4719,0.0019678579992614686,100,112,50.81667479946709
100B,4720,0.0022926809997443343,100,112,43.617057938348765
100B,4721,0.001759406999553903,100,112,56.83733213824599
100B,4722,0.002116812000167556,100,112,47.240850860673746
100B,4723,0.002004462001423235,100,112,49.888698278638685
100B,4724,0.0020739809988299385,100,112,48.21644945465567
100B,4725,0.0016812419999041595,100,112,59.47983693346977
100B,4726,0.0019887399994331645,100,112,50.28309383252825
100B,4727,0.0019482799998513656,100,112,51.327324618447555
100B,4728,0.001547315998323029,100,112,64.6280398498945
100B,4729,0.001868191999164992,100,112,53.527688826788705
100B,4730,0.0019799310011876514,100,112,50.506810560577875
100B,4731,0.0018778390003717504,100,112,53.2527016321438
100B,4732,0.002209609001511126,100,112,45.25687573304198
100B,4733,0.002022921000389033,100,112,49.43346773342545
100B,4734,0.0017557529990881449,100,112,56.95561964122247
100B,4735,0.0019468080008664401,100,112,51.36613366880263
100B,4736,0.0019090599998889957,100,112,52.38180047029145
100B,4737,0.0023766280010022456,100,112,42.07642086091264
100B,4738,0.0020733700002892874,100,112,48.23065829352575
100B,4739,0.0021933190000709146,100,112,45.59300311389578
100B,4740,0.0020448069990379736,100,112,48.904370948968435
100B,4741,0.002149095000277157,100,112,46.53121429583315
100B,4742,0.0020791300012206193,100,112,48.09704056085566
100B,4743,0.0018863389996113256,100,112,53.01274056285996
100B,4744,0.002953134999188478,100,112,33.86231920568481
100B,4745,0.0020332659987616353,100,112,49.18195654720297
100B,4746,0.0015745719992992235,100,112,63.50932192653359
100B,4747,0.0023519850001321174,100,112,42.51727795644221
100B,4748,0.0016208670003834413,100,112,61.69537659557721
100B,4749,0.0015260549989761785,100,112,65.52843774771513
100B,4750,0.0017534769995108945,100,112,57.02954759480362
100B,4751,0.0017178100006276509,100,112,58.21365573809801
100B,4752,0.0017755519984348211,100,112,56.32051333227733
100B,4753,0.0016139939998538466,100,112,61.9580989824345
100B,4754,0.0018521349993534386,100,112,53.99174468108911
100B,4755,0.002132350999090704,100,112,46.89659443620815
100B,4756,0.0013239119998615934,100,112,75.53372128242236
100B,4757,0.001434196999980486,100,112,69.72542823709757
100B,4758,0.0015117429993551923,100,112,66.14880971345875
100B,4759,0.0016194599993468728,100,112,61.74897807931653
100B,4760,0.0014379260010173311,100,112,69.54460794870536
100B,4761,0.0016015950004657498,100,112,62.43775734247399
100B,4762,0.001667378001002362,100,112,59.97440288877743
100B,4763,0.0014328769993880996,100,112,69.78966097069346
100B,4764,0.0016578510003455449,100,112,60.31905157891575
100B,4765,0.0018923119987448445,100,112,52.84540819184638
100B,4766,0.0015884229997027433,100,112,62.95552256465309
100B,4767,0.0018087450007442385,100,112,55.28695308562198
100B,4768,0.0021150820011826,100,112,47.27949079236043
100B,4769,0.001826955998694757,100,112,54.735855746631884
100B,4770,0.002077725999697577,100,112,48.129541630876965
100B,4771,0.002125946999512962,100,112,47.037861255670634
100B,4772,0.0018702540000958834,100,112,53.46867323629478
100B,4773,0.0022786619992984924,100,112,43.88540293856041
100B,4774,0.0020244410006853286,100,112,49.396351865106105
100B,4775,0.0019868750005116453,100,112,50.330292531864735
100B,4776,0.0024858510005287826,100,112,40.22767252692471
100B,4777,0.002320583000255283,100,112,43.09261939305734
100B,4778,0.002220049000243307,100,112,45.044050824572096
100B,4779,0.0017272889999730978,100,112,57.89419141878255
100B,4780,0.0018349239999224665,100,112,54.49816995375581
100B,4781,0.0016996279991872143,100,112,58.83640422952634
100B,4782,0.0020071770013601054,100,112,49.821216530598896
100B,4783,0.0018409109998174245,100,112,54.320931326890694
100B,4784,0.0017716359998303233,100,112,56.44500338081716
100B,4785,0.0018832899986591656,100,112,53.09856690748445
100B,4786,0.002202477999162511,100,112,45.40340472777701
100B,4787,0.001805013000193867,100,112,55.40126303204438
100B,4788,0.0016522440000699135,100,112,60.52374830580022
100B,4789,0.0014033980005478952,100,112,71.25562382229374
100B,4790,0.0017910770002345089,100,112,55.83232880937381
100B,4791,0.002425828999548685,100,112,41.22302108623674
100B,4792,0.0019137049985147314,100,112,52.25465789012006
100B,4793,0.0020394739985931665,100,112,49.03225050624828
100B,4794,0.0016588880007475382,100,112,60.281345066657536
100B,4795,0.00201080999977421,100,112,49.73120285418752
100B,4796,0.001794566998796654,100,112,55.7237484401836
100B,4797,0.0015867809997871518,100,112,63.020668897228944
100B,4798,0.002069543999823509,100,112,48.31982311491228
100B,4799,0.001696758999969461,100,112,58.93588895170136
100B,4800,0.0017865830013761297,100,112,55.97277032355855
100B,4801,0.001794354000594467,100,112,55.73036310943668
100B,4802,0.002068905001578969,100,112,48.33474708779811
100B,4803,0.001912935000291327,100,112,52.275691534093255
100B,4804,0.0019206200013286434,100,112,52.066520150171385
100B,4805,0.0018393720001768088,100,112,54.36638156413577
100B,4806,0.002297487999385339,100,112,43.52579862299764
100B,4807,0.0019882500000676373,100,112,50.295485978422306
100B,4808,0.001811431000533048,100,112,55.20497328939005
100B,4809,0.001824038999984623,100,112,54.823389193346756
100B,4810,0.001951919000930502,100,112,51.23163407514802
100B,4811,0.0021079100006318185,100,112,47.44035559868605
100B,4812,0.001657680999414879,100,112,60.32523750667201
100B,4813,0.002214129999629222,100,112,45.16446641197491
100B,4814,0.0021725950009567896,100,112,46.027906699574
100B,4815,0.002226306000011391,100,112,44.91745519236275
100B,4816,0.0017629210015002172,100,112,56.724039202494964
100B,4817,0.0019179179998900509,100,112,52.139872510572786
100B,4818,0.0019058529996982543,100,112,52.46994391269032
100B,4819,0.0024899469990486978,100,112,40.16149742874275
100B,4820,0.001692719999482506,100,112,59.07651592145881
100B,4821,0.0017807229996833485,100,112,56.156965467274915
100B,4822,0.00198664799972903,100,112,50.336043432777004
100B,4823,0.0018396550003672019,100,112,54.35801820452185
100B,4824,0.0018941729995276546,100,112,52.79348825315151
100B,4825,0.001812673001040821,100,112,55.16714815224857
100B,4826,0.0017731259995343862,100,112,56.39757130979947
100B,4827,0.001235042998814606,100,112,80.96884083872382
100B,4828,0.0019742200001928722,100,112,50.652916083430654
100B,4829,0.0021021229986217804,100,112,47.57095567935997
100B,4830,0.002247660000648466,100,112,44.49071477498789
100B,4831,0.0022430949993577087,100,112,44.58125938876158
100B,4832,0.002455916999679175,100,112,40.71798843896733
100B,4833,0.0012955509992025327,100,112,77.18723544002073
100B,4834,0.001717944000120042,100,112,58.209115077681496
100B,4835,0.0013902430000598542,100,112,71.92987124962664
100B,4836,0.0015085329996509245,100,112,66.28956742950938
100B,4837,0.001620707000256516,100,112,61.701467312828655
100B,4838,0.0013427419999061385,100,112,74.47447090132749
100B,4839,0.0015589669983455678,100,112,64.14503970008577
100B,4840,0.0020196599998598685,100,112,49.513284417643746
100B,4841,0.0015463299987459322,100,112,64.66924917779492
100B,4842,0.0013354719994822517,100,112,74.87989268121603
100B,4843,0.001873393001005752,100,112,53.37908273721204
100B,4844,0.001930974998685997,100,112,51.787309555042754
100B,4845,0.0013544309986173175,100,112,73.83174196550866
100B,4846,0.0015188340003078338,100,112,65.83997986595786
100B,4847,0.0016472400002385257,100,112,60.70760786862854
100B,4848,0.0015078490014275303,100,112,66.3196380442118
100B,4849,0.0018347920013184194,100,112,54.5020906610359
100B,4850,0.0017745770001056371,100,112,56.35145727350641
100B,4851,0.0018375629988440778,100,112,54.41990291647425
100B,4852,0.0018495710010029143,100,112,54.06659162896469
100B,4853,0.0017536819996166741,100,112,57.02288101369481
100B,4854,0.002720529999351129,100,112,36.75754357564552
100B,4855,0.001585057998454431,100,112,63.08917408543326
100B,4856,0.001360681000733166,100,112,73.49261138071135
100B,4857,0.0014836930004094029,100,112,67.39938786016143
100B,4858,0.001451430000088294,100,112,68.8975699785155
100B,4859,0.0017677699997875607,100,112,56.5684449968137
100B,4860,0.0016146079997270135,100,112,61.93453768153465
100B,4861,0.0017224630009877728,100,112,58.05639943653563
100B,4862,0.0018064140003843931,100,112,55.35829548415848
100B,4863,0.002210279999417253,100,112,45.24313662810382
100B,4864,0.0018428960011078743,100,112,54.26242172096746
100B,4865,0.0019060779995925259,100,112,52.46375018303428
100B,4866,0.00186020399996778,100,112,53.75754487235382
100B,4867,0.001673787999607157,100,112,59.74472276266188
100B,4868,0.0020856539995293133,100,112,47.946591343802865
100B,4869,0.001753954000378144,100,112,57.014037984143535
100B,4870,0.0023877839994383976,100,112,41.879835036803925
100B,4871,0.0016521529996680329,100,112,60.52708194706725
100B,4872,0.0014201320009306073,100,112,70.4159894534243
100B,4873,0.0015743900003144518,100,112,63.516663584008455
100B,4874,0.0014324869989650324,100,112,69.80866149029605
100B,4875,0.0014053369995963294,100,112,71.15730961948921
100B,4876,0.0017434199999115663,100,112,57.35852520050959
100B,4877,0.0019157209990225965,100,112,52.19966793234512
100B,4878,0.00150389800000994,100,112,66.4938712594465
100B,4879,0.0014412799991987413,100,112,69.38277090890982
100B,4880,0.001627645000553457,100,112,61.438458611058586
100B,4881,0.0019420209991949378,100,112,51.49274906988898
100B,4882,0.0023578180007461924,100,112,42.41209455876256
100B,4883,0.0017548370014992543,100,112,56.98534958777623
100B,4884,0.001838825000959332,100,112,54.382554048280326
100B,4885,0.002405405999525101,100,112,41.57302343959522
100B,4886,0.0022150590011733584,100,112,45.14552431652074
100B,4887,0.0019263270005467348,100,112,51.91226617890823
100B,4888,0.0021025679998274427,100,112,47.560887452014384
100B,4889,0.002305383999555488,100,112,43.376721630444855
100B,4890,0.0015530220007349271,100,112,64.39058812603918
100B,4891,0.0018292389995622216,100,112,54.66754208932363
100B,4892,0.0018461569998180494,100,112,54.16657413744098
100B,4893,0.0020365620002849028,100,112,49.10235975433628
100B,4894,0.0019322330008435529,100,112,51.753592841206576
100B,4895,0.00213016400084598,100,112,46.94474226411003
100B,4896,0.001894021999760298,100,112,52.79769718232191
100B,4897,0.0021997079984430457,100,112,45.46057934543133
100B,4898,0.0017529769993416267,100,112,57.04581408515767
100B,4899,0.0018762030013022013,100,112,53.299136570293186
100B,4900,0.0016920959988055984,100,112,59.09830179291666
100B,4901,0.0018186549987149192,100,112,54.98569001303769
100B,4902,0.0022594139991269913,100,112,44.259263702286844
100B,4903,0.0016881600004126085,100,112,59.236091351269245
100B,4904,0.0019961250000051223,100,112,50.097063059549576
100B,4905,0.0026469729982636636,100,112,37.779002681779176
100B,4906,0.0017662829995970242,100,112,56.61606889882024
100B,4907,0.0021313870001904434,100,112,46.91780516211501
100B,4908,0.0024579569999332307,100,112,40.68419423233053
100B,4909,0.0023521369985246565,100,112,42.514530430295316
100B,4910,0.0019067749999521766,100,112,52.44457264360403
100B,4911,0.0019062740011577262,100,112,52.458355902282456
100B,4912,0.0019531079997250345,100,112,51.20044565588711
100B,4913,0.0016606940007477533,100,112,60.215789275431504
100B,4914,0.001438675000827061,100,112,69.5084017881122
100B,4915,0.0012874679996457417,100,112,77.67183341839633
100B,4916,0.0016973809997580247,100,112,58.91429208542797
100B,4917,0.0014360160002979683,100,112,69.63710709299224
100B,4918,0.0013785890005237889,100,112,72.53793549927167
100B,4919,0.0014628279986936832,100,112,68.36073693510158
100B,4920,0.002095518999340129,100,112,47.72087489137041
100B,4921,0.0018350509999436326,100,112,54.49439825000597
100B,4922,0.001533507998829009,100,112,65.20996308878746
100B,4923,0.0018615100016177166,100,112,53.719829554016115
100B,4924,0.002102550999552477,100,112,47.56127200780612
100B,4925,0.0016217660013353452,100,112,61.66117671579072
100B,4926,0.002077147999443696,100,112,48.142934459548435
100B,4927,0.0019536090003384743,100,112,51.187315364883354
100B,4928,0.0022604429996135877,100,112,44.239115968460396
100B,4929,0.00227507300041907,100,112,43.954633535530476
100B,4930,0.0019520069999998668,100,112,51.22932448500791
100B,4931,0.001901002000522567,100,112,52.60383733026634
100B,4932,0.001415896998878452,100,112,70.62660636982149
100B,4933,0.0011715040000126464,100,112,85.36035728338999
100B,4934,0.001201887000206625,100,112,83.2024973918582
100B,4935,0.0019899680009984877,100,112,50.25206432958919
100B,4936,0.0017835340004239697,100,112,56.06845733035012
100B,4937,0.001563060999615118,100,112,63.977029703014544
100B,4938,0.0018774670006678207,100,112,53.263253076847526
100B,4939,0.0028703010011668084,100,112,34.839551656550626
100B,4940,0.0019108599990431685,100,112,52.332457663080156
100B,4941,0.001425410999218002,100,112,70.15520439709056
100B,4942,0.0017951209993043449,100,112,55.706551279135255
100B,4943,0.0015414120007335441,100,112,64.87558157871543
100B,4944,0.0015307059984479565,100,112,65.32933176024264
100B,4945,0.0017441889995097881,100,112,57.33323626516704
100B,4946,0.001667930000621709,100,112,59.954554425380984
100B,4947,0.0017211300000781193,100,112,58.10136363636748
100B,4948,0.0019727279996004654,100,112,50.69122556188836
100B,4949,0.0021396649990492733,100,112,46.7362881780248
100B,4950,0.0021770339990325738,100,112,45.93405525335746
100B,4951,0.0021440489999804413,100,112,46.64072509579409
100B,4952,0.0019371339985809755,100,112,51.622654949659555
100B,4953,0.0017668459986452945,100,112,56.59802839448014
100B,4954,0.0020092300001124386,100,112,49.77031001647591
100B,4955,0.0013738449997617863,100,112,72.78841500849018
100B,4956,0.0014772970007470576,100,112,67.691195439665
100B,4957,0.0015626490003342042,100,112,63.993897528244005
100B,4958,0.002300713000295218,100,112,43.46478678008444
100B,4959,0.001838961001340067,100,112,54.37853218590776
100B,4960,0.001750182998875971,100,112,57.13688229415068
100B,4961,0.0029788619995088084,100,112,33.569866619027415
100B,4962,0.0026101650000782683,100,112,38.3117542366101
100B,4963,0.004358789001344121,100,112,22.942152044791104
100B,4964,0.008562188000723836,100,112,11.679257684081
100B,4965,0.001543684000353096,100,112,64.78009746627315
100B,4966,0.0015287520000129007,100,112,65.41283347407305
100B,4967,0.0015216880001389654,100,112,65.71649378247557
100B,4968,0.0015300869999919087,100,112,65.35576081656063
100B,4969,0.0014884350002830615,100,112,67.18466038556107
100B,4970,0.0016781840004114201,100,112,59.58822153916627
100B,4971,0.0019029260001843795,100,112,52.55065093982149
100B,4972,0.0020470809995458694,100,112,48.850045514654425
100B,4973,0.0019979050011897925,100,112,50.052429890534334
100B,4974,0.0023093330000847345,100,112,43.30254666448311
100B,4975,0.0019027899998036446,100,112,52.55440695521804
100B,4976,0.0018892059997597244,100,112,52.9322900799163
100B,4977,0.001972521999050514,100,112,50.69651950555463
100B,4978,0.002073229999950854,100,112,48.233915196273685
100B,4979,0.00186216499969305,100,112,53.70093413660095
100B,4980,0.0019881589996657567,100,112,50.29778806263065
100B,4981,0.0019355559998075478,100,112,51.66474129911147
100B,4982,0.002069025000309921,100,112,48.33194378270969
100B,4983,0.002698922000490711,100,112,37.05183031662947
100B,4984,0.0020244070001353975,100,112,49.39718149231441
100B,4985,0.0021597239992843242,100,112,46.30221270548337
100B,4986,0.002008116000070004,100,112,49.797920038739775
100B,4987,0.0018719219988270197,100,112,53.42102932849863
100B,4988,0.0021935160002612974,100,112,45.58890839551101
100B,4989,0.001995987000555033,100,112,50.100526692905596
100B,4990,0.0016902520001167431,100,112,59.16277572403
100B,4991,0.001960749999852851,100,112,51.0008925194465
100B,4992,0.0017520900000818074,100,112,57.074693648916934
100B,4993,0.002162781000151881,100,112,46.23676645623275
100B,4994,0.0016288580009131692,100,112,61.39270577541939
100B,4995,0.001808804001484532,100,112,55.285149699982654
100B,4996,0.0019064119987888262,100,112,52.45455864919628
100B,4997,0.0018500589994800976,100,112,54.052330238171834
100B,4998,0.0017072209993784782,100,112,58.574724676187486
100B,4999,0.001695843000561581,100,112,58.96772281802316
100B,5000,0.002192149999245885,100,112,45.61731634897279
100B,5001,0.0015120280004339293,100,112,66.13634137152322
100B,5002,0.001511489999757032,100,112,66.15988198140559
100B,5003,0.001970403998711845,100,112,50.751013530918115
100B,5004,0.0025959289996535517,100,112,38.521854801632024
100B,5005,0.002180168999984744,100,112,45.868003811034725
100B,5006,0.002112464000674663,100,112,47.33808479958132
100B,5007,0.0016165420001925668,100,112,61.86044036473394
100B,5008,0.0018339809994358802,100,112,54.52619194569589
100B,5009,0.001646941000217339,100,112,60.71862925678787
100B,5010,0.0015695620004407829,100,112,63.71204194030999
100B,5011,0.0019279489988548448,100,112,51.868591990450774
100B,5012,0.0016741020008339547,100,112,59.73351680494077
100B,5013,0.0011454830000729999,100,112,87.2994186676076
100B,5014,0.0012870559985458385,100,112,77.6966970458034
100B,5015,0.001441406000594725,100,112,69.37670577112898
100B,5016,0.0018159310002374696,100,112,55.06817163588428
100B,5017,0.0016361609996238258,100,112,61.11867965499194
100B,5018,0.0018928290010080673,100,112,52.830974138045654
100B,5019,0.0019613269996625604,100,112,50.98588864437427
100B,5020,0.001955719999386929,100,112,51.13206391065572
100B,5021,0.0019371550006326288,100,112,51.62209527236714
100B,5022,0.002229297999292612,100,112,44.857170298332214
100B,5023,0.002905467999880784,100,112,34.417863147728056
100B,5024,0.001714429999992717,100,112,58.32842402455907
100B,5025,0.0019974389997514663,100,112,50.06410709535692
100B,5026,0.0020061289997101994,100,112,49.847243130649005
100B,5027,0.0018232839993288508,100,112,54.84609091990601
100B,5028,0.0021852959998795995,100,112,45.760391272170715
100B,5029,0.001851924000220606,100,112,53.99789623553004
100B,5030,0.0017515100007585716,100,112,57.093593503143246
100B,5031,0.0020842209996772,100,112,47.97955687783964
100B,5032,0.0019143570007145172,100,112,52.236860712331016
100B,5033,0.002180152998334961,100,112,45.86834046801879
100B,5034,0.0018968299991684034,100,112,52.71953735645334
100B,5035,0.0018030190003628377,100,112,55.462532552278205
100B,5036,0.0016325220003636787,100,112,61.254917224835495
100B,5037,0.001238098999237991,100,112,80.7689854054859
100B,5038,0.0014412609998544212,100,112,69.38368554349337
100B,5039,0.0015382260007754667,100,112,65.00995299103444
100B,5040,0.001653883999097161,100,112,60.46373267689211
100B,5041,0.0018247369989694562,100,112,54.802418132846704
100B,5042,0.002019393999944441,100,112,49.519806438343025
100B,5043,0.00229030300033628,100,112,43.66234510687766
100B,5044,0.0018389479992038105,100,112,54.378916665014955
100B,5045,0.001978983000299195,100,112,50.53100505910429
100B,5046,0.0018160389990953263,100,112,55.06489676147691
100B,5047,0.0024971089987957384,100,112,40.04630957167918
100B,5048,0.002159820000088075,100,112,46.300154640628435
100B,5049,0.0020238870001776377,100,112,49.40987317534178
100B,5050,0.0018993969988514436,100,112,52.6482878831911
100B,5051,0.0021253989998513134,100,112,47.04998920531895
100B,5052,0.002325976000065566,100,112,42.99270499660407
100B,5053,0.0020798380010091932,100,112,48.08066779791374
100B,5054,0.002182867001465638,100,112,45.81131142339739
100B,5055,0.0018100109991792124,100,112,55.2482830465379
100B,5056,0.002286048000314622,100,112,43.74361342641856
100B,5057,0.0022195950004970655,100,112,45.05326421153659
100B,5058,0.0020559059994411655,100,112,48.64035613845279
100B,5059,0.00225456099906296,100,112,44.35453289645388
100B,5060,0.0024590899993199855,100,112,40.66544942545946
100B,5061,0.0020806840002478566,100,112,48.06111835727469
100B,5062,0.0022974960011197254,100,112,43.52564703105608
100B,5063,0.0019279000007372815,100,112,51.869910245218776
100B,5064,0.002314085000762134,100,112,43.21362437726593
100B,5065,0.0018931529994006269,100,112,52.82193252825316
100B,5066,0.0018528180007706396,100,112,53.9718417882421
100B,5067,0.0021433199999592034,100,112,46.65658884436455
100B,5068,0.0016932409998844378,100,112,59.05833842130264
100B,5069,0.0017861840005934937,100,112,55.985273615021235
100B,5070,0.0022069849983381573,100,112,45.31068406686009
100B,5071,0.0018155790003220318,100,112,55.07884811526398
100B,5072,0.0024683960000402294,100,112,40.51213824620127
100B,5073,0.0025321809989691246,100,112,39.49164773004417
100B,5074,0.001945977999639581,100,112,51.388042423152385
100B,5075,0.0018293880002602236,100,112,54.66308950631324
100B,5076,0.0017753000010998221,100,112,56.32850782293058
100B,5077,0.0017877059999591438,100,112,55.93760942922684
100B,5078,0.0018489140002202475,100,112,54.08580387626885
100B,5079,0.0024059229999693343,100,112,41.56408995685838
100B,5080,0.002296406000823481,100,112,43.54630669147374
100B,5081,0.0021162110006116563,100,112,47.25426716480381
100B,5082,0.0022914410001249053,100,112,43.64066104889851
100B,5083,0.0013771929989161436,100,112,72.61146410031158
100B,5084,0.0015378789994429098,100,112,65.0246215965135
100B,5085,0.0020632830000977265,100,112,48.4664488561499
100B,5086,0.0018240839999634773,100,112,54.82203670554769
100B,5087,0.001998734998778673,100,112,50.031645046044126
100B,5088,0.00174396100010199,100,112,57.34073181347049
100B,5089,0.0020056390003446722,100,112,49.859421352902906
100B,5090,0.002144434000001638,100,112,46.63235147359331
100B,5091,0.0021890120005991776,100,112,45.682709812750204
100B,5092,0.0017071060010493966,100,112,58.578670532777544
100B,5093,0.0021155409995117225,100,112,47.26923279817338
100B,5094,0.001980304001335753,100,112,50.49729735058258
100B,5095,0.002279230999192805,100,112,43.874447142661374
100B,5096,0.001906151999719441,100,112,52.461713449252
100B,5097,0.002202526000473881,100,112,45.40241521711192
100B,5098,0.0023417770007654326,100,112,42.7026142827921
100B,5099,0.0018929449997813208,100,112,52.8277366809666
100B,5100,0.0016053039998951135,100,112,62.2934970613253
100B,5101,0.001894941000500694,100,112,52.77209157096571
100B,5102,0.0020510740014287876,100,112,48.754944936330695
100B,5103,0.0019478379999782192,100,112,51.33897172204167
100B,5104,0.0016484349998791004,100,112,60.66359911512083
100B,5105,0.00263656999959494,100,112,37.928065636551715
100B,5106,0.0025812809999479214,100,112,38.740454836965654
100B,5107,0.0017940310008270899,100,112,55.74039687937259
100B,5108,0.0024260459995275596,100,112,41.21933385412877
100B,5109,0.0015721299987490056,100,112,63.607971401584614
100B,5110,0.0019850129992846632,100,112,50.37750384306646
100B,5111,0.0010173379996558651,100,112,98.29574834895286
100B,5112,0.0017210410005645826,100,112,58.10436820923806
100B,5113,0.002228538000053959,100,112,44.87246795772777
100B,5114,0.0018826779996743426,100,112,53.11582756971588
100B,5115,0.0019340119997650618,100,112,51.705987352791865
100B,5116,0.0017948469994735206,100,112,55.71505539432209
100B,5117,0.0022028599996701814,100,112,45.39553127069913
100B,5118,0.0018209589998150477,100,112,54.916118380565884
100B,5119,0.0017891739989863709,100,112,55.89171319092133
100B,5120,0.0016122830002132105,100,112,62.02385064332742
100B,5121,0.0015144610006245784,100,112,66.03009252714928
100B,5122,0.001252893000128097,100,112,79.81527551816149
100B,5123,0.0013789219992759172,100,112,72.52041816180379
100B,5124,0.00199308000082965,100,112,50.17360063739211
100B,5125,0.002321801999642048,100,112,43.06999477794273
100B,5126,0.0018620119990373496,100,112,53.7053467172604
100B,5127,0.006146317999082385,100,112,16.269903381980807
100B,5128,0.0015343840004788944,100,112,65.17273379335886
100B,5129,0.0015272170003299834,100,112,65.47857965069349
100B,5130,0.001731264999762061,100,112,57.761232401592856
100B,5131,0.0018920729999081232,100,112,52.85208340526813
100B,5132,0.001617335999981151,100,112,61.83007117949853
100B,5133,0.002234068000689149,100,112,44.76139489449414
100B,5134,0.002112832999046077,100,112,47.329817380336735
100B,5135,0.001957851000042865,100,112,51.07640979717589
100B,5136,0.0017790460005926434,100,112,56.20990124296256
100B,5137,0.0023741130007692846,100,112,42.12099422714798
100B,5138,0.0022555619998456677,100,112,44.334848701495375
100B,5139,0.002671592001206591,100,112,37.430865175085216
100B,5140,0.0017744659999152645,100,112,56.354982290320166
100B,5141,0.002231741000287002,100,112,44.80806688013528
100B,5142,0.0022874789992783917,100,112,43.71624833781906
100B,5143,0.002649140998983057,100,112,37.748085148501964
100B,5144,0.0023591049994138302,100,112,42.38895683949936
100B,5145,0.0022614709996560123,100,112,44.2190061315006
100B,5146,0.0022668840010737767,100,112,44.113417339675095
100B,5147,0.0019590020001487574,100,112,51.04640015293832
100B,5148,0.001958519000254455,100,112,51.05898895390231
100B,5149,0.0018786330001603346,100,112,53.230194503910745
100B,5150,0.0022524920004798332,100,112,44.39527420239347
100B,5151,0.002490767999915988,100,112,40.14825949400865
100B,5152,0.0017683930000202963,100,112,56.54851608146621
100B,5153,0.001804171000912902,100,112,55.42711857656534
100B,5154,0.0016517120002390584,100,112,60.543242396693024
100B,5155,0.0020011010001326213,100,112,49.97249014086375
100B,5156,0.0023286250016099075,100,112,42.94379727558729
100B,5157,0.0020286469989514444,100,112,49.293938300595144
100B,5158,0.0018815099992934847,100,112,53.14880071726987
100B,5159,0.0023299029999179766,100,112,42.92024174548059
100B,5160,0.0023738100007903995,100,112,42.12637067275955
100B,5161,0.002629860999149969,100,112,38.024823377479755
100B,5162,0.0021224510001047747,100,112,47.11533976287957
100B,5163,0.001960219000466168,100,112,51.014708038346015
100B,5164,0.002412154999547056,100,112,41.45670573357747
100B,5165,0.0018190889986726688,100,112,54.972571475594
100B,5166,0.0013725619992328575,100,112,72.8564538839712
100B,5167,0.0018725499994616257,100,112,53.40311341686516
100B,5168,0.0019279869993624743,100,112,51.86756966362683
100B,5169,0.0020817009990423685,100,112,48.037638472577164
100B,5170,0.0018218380009784596,100,112,54.889622428719086
100B,5171,0.001867619999757153,100,112,53.544082850367325
100B,5172,0.0018895619996328605,100,112,52.92231745739482
100B,5173,0.002427768999041291,100,112,41.19008029161312
100B,5174,0.0020892590000585187,100,112,47.863859864765004
100B,5175,0.0018878840000979835,100,112,52.96935616532048
100B,5176,0.0020460589985304978,100,112,48.8744459821643
100B,5177,0.002836543999364949,100,112,35.25416846077064
100B,5178,0.0024185190013668034,100,112,41.347618085070216
100B,5179,0.0021191220002947375,100,112,47.189354830015226
100B,5180,0.0015075070004968438,100,112,66.334683664515
100B,5181,0.002406417999736732,100,112,41.55554023072477
100B,5182,0.0016005890011001611,100,112,62.47700061119078
100B,5183,0.0016178659989236621,100,112,61.80981618164189
100B,5184,0.0014523039990308462,100,112,68.85610730723882
100B,5185,0.0014742659986950457,100,112,67.83036445832403
100B,5186,0.0020519450008578133,100,112,48.73424967930189
100B,5187,0.001392137999573606,100,112,71.83195920995527
100B,5188,0.0018811160007317085,100,112,53.15993270011123
100B,5189,0.0020419460015546065,100,112,48.97289150832903
100B,5190,0.0018718709998211125,100,112,53.422484781032786
100B,5191,0.0014896310003678082,100,112,67.13071893328535
100B,5192,0.0019515959993441356,100,112,51.24011323737422
100B,5193,0.0021189750004850794,100,112,47.192628500623094
100B,5194,0.0020314520006650127,100,112,49.22587389082497
100B,5195,0.001617984000404249,100,112,61.80530831888033
100B,5196,0.001975446999495034,100,112,50.62145429645144
100B,5197,0.0025147850010398543,100,112,39.76483077426116
100B,5198,0.003354615999342059,100,112,29.809671217096984
100B,5199,0.00135605000104988,100,112,73.74359346821878
100B,5200,0.002293312001711456,100,112,43.60505675868433
100B,5201,0.0018046770001092227,100,112,55.41157780253629
100B,5202,0.0016599860009591794,100,112,60.241471881219255
100B,5203,0.0016501680001965724,100,112,60.59989042817927
100B,5204,0.00210439399961615,100,112,47.51961848315497
100B,5205,0.0021030280004197266,100,112,47.550484339743356
100B,5206,0.0019058590005442966,100,112,52.4697787042173
100B,5207,0.001816472999053076,100,112,55.05174040689282
100B,5208,0.0024203829998441506,100,112,41.31577523327467
100B,5209,0.0022557169995707227,100,112,44.33180226909255
100B,5210,0.0026225219990010373,100,112,38.13123399464015
100B,5211,0.0023485639994760277,100,112,42.57921011405707
100B,5212,0.0020464760000322713,100,112,48.86448704916309
100B,5213,0.002536761998271686,100,112,39.42033193028385
100B,5214,0.0020098349996260367,100,112,49.75532818296361
100B,5215,0.0024334949994226918,100,112,41.093160258691064
100B,5216,0.0013247339993540663,100,112,75.48685249171493
100B,5217,0.0019741149990295526,100,112,50.655610260374196
100B,5218,0.001970399000128964,100,112,50.7511422780132
100B,5219,0.0018317250014661113,100,112,54.593347756874024
100B,5220,0.0018150630003219703,100,112,55.094506351714074
100B,5221,0.0020104850009374786,100,112,49.739242000497654
100B,5222,0.0022125519990368048,100,112,45.1966778830659
100B,5223,0.0020986380004615057,100,112,47.649952006019745
100B,5224,0.002037301999735064,100,112,49.08452453931929
100B,5225,0.002015005000430392,100,112,49.62766840709608
100B,5226,0.002269511000122293,100,112,44.06235528032756
100B,5227,0.0022417009986384073,100,112,44.608982224096465
100B,5228,0.0020459129991650116,100,112,48.877933734627284
100B,5229,0.0022177930004545487,100,112,45.08987086689535
100B,5230,0.002506627000911976,100,112,39.89424831202145
100B,5231,0.002150861000700388,100,112,46.493009063550296
100B,5232,0.0021356260003813077,100,112,46.82467809539001
100B,5233,0.0014666530005342793,100,112,68.18245349347904
100B,5234,0.002077291001114645,100,112,48.13962027772778
100B,5235,0.0018166340014431626,100,112,55.046861349373856
100B,5236,0.0016441139996459242,100,112,60.82303296580162
100B,5237,0.001702380999631714,100,112,58.741257110854484
100B,5238,0.0018450009993102867,100,112,54.20051264871012
100B,5239,0.001737783999487874,100,112,57.54455100833594
100B,5240,0.001953732000401942,100,112,51.18409279237222
100B,5241,0.001499665000665118,100,112,66.68155885190951
100B,5242,0.002636332999827573,100,112,37.9314752751418
100B,5243,0.0018703929999901447,100,112,53.464699665004574
100B,5244,0.0023676509990764316,100,112,42.23595455538329
100B,5245,0.0015906049993645865,100,112,62.86915987309728
100B,5246,0.0028676090005319566,100,112,34.872257682776656
100B,5247,0.0019550239994714502,100,112,51.15026722282461
100B,5248,0.0013769839988526655,100,112,72.62248514385227
100B,5249,0.0013357370007724967,100,112,74.8650370111534
100B,5250,0.0019931110000470653,100,112,50.17282027826779
100B,5251,0.0018567940005596029,100,112,53.85627052320391
100B,5252,0.0020659210003941553,100,112,48.40456144301795
100B,5253,0.0016938480002863798,100,112,59.03717451807538
100B,5254,0.003563464000762906,100,112,28.062581796418005
100B,5255,0.0021719449996453477,100,112,46.041681541811045
100B,5256,0.0020993420002923813,100,112,47.63397292393174
100B,5257,0.001784056999895256,100,112,56.052020762717284
100B,5258,0.002328475999092916,100,112,42.94654531073377
100B,5259,0.0022878569998283638,100,112,43.709025523667805
100B,5260,0.0018827090007107472,100,112,53.1149529546248
100B,5261,0.0017151970005215844,100,112,58.3023407629505
100B,5262,0.002167811000617803,100,112,46.129482676995856
100B,5263,0.0018721310007094871,100,112,53.415065485322714
100B,5264,0.002104780998706701,100,112,47.51088120875557
100B,5265,0.0019671600002766354,100,112,50.834705863243116
100B,5266,0.001903082998978789,100,112,52.5463156644565
100B,5267,0.002460601001075702,100,112,40.64047765415155
100B,5268,0.0018525420000514714,100,112,53.97988277578677
100B,5269,0.0022385739994206233,100,112,44.67129522002914
100B,5270,0.0019684939998114714,100,112,50.80025644455981
100B,5271,0.0024316479994013207,100,112,41.1243732746764
100B,5272,0.0019536529998731567,100,112,51.18616254088757
100B,5273,0.0021679339988622814,100,112,46.1268655099645
100B,5274,0.0017932359987753443,100,112,55.76510847891357
100B,5275,0.0018777570003294386,100,112,53.25502713208139
100B,5276,0.0016554049998376286,100,112,60.40817806507082
100B,5277,0.0020307100003265077,100,112,49.243860513771786
100B,5278,0.0016967289993772283,100,112,58.93693102239913
100B,5279,0.0020984759994462365,100,112,47.653630552071526
100B,5280,0.002004537998800515,100,112,49.886806865142226
100B,5281,0.0014299170015874552,100,112,69.93412896621462
100B,5282,0.0014356880001287209,100,112,69.65301652659505
100B,5283,0.002338849000807386,100,112,42.75607359238641
100B,5284,0.002230841999335098,100,112,44.82612396117922
100B,5285,0.0019468370010145009,100,112,51.365368517184436
100B,5286,0.002167827999073779,100,112,46.129120964728635
100B,5287,0.0019077360011579003,100,112,52.41815426207033
100B,5288,0.0022419600009015994,100,112,44.60382877472623
100B,5289,0.0013639039989357116,100,112,73.31894332594707
100B,5290,0.0016395609982282622,100,112,60.99193632201652
100B,5291,0.0025823590003710706,100,112,38.72428271422779
100B,5292,0.0024889460000849795,100,112,40.17764949363535
100B,5293,0.0017046100001607556,100,112,58.66444523414116
100B,5294,0.0019556839997676434,100,112,51.13300513369291
100B,5295,0.0024639390012453077,100,112,40.5854203165982
100B,5296,0.0021547230007854523,100,112,46.4096777003575
100B,5297,0.0016581710005993955,100,112,60.30741097501525
100B,5298,0.0013313809995452175,100,112,75.10997981356103
100B,5299,0.001982030000363011,100,112,50.45332309888594
100B,5300,0.0016796710006019566,100,112,59.535468531731645
100B,5301,0.0018730179999693064,100,112,53.389769880288775
100B,5302,0.001703562000329839,100,112,58.70053451570196
100B,5303,0.0018116990013368195,100,112,55.19680693438139
100B,5304,0.00289580900061992,100,112,34.53266426708133
100B,5305,0.0030517180002789246,100,112,32.76842748604559
100B,5306,0.0019034939996345202,100,112,52.53496991280271
100B,5307,0.0015330040005210321,100,112,65.23140185284079
100B,5308,0.002193001000705408,100,112,45.59961439499283
100B,5309,0.002392167998550576,100,112,41.80308408965858
100B,5310,0.0017917000004672445,100,112,55.81291509400107
100B,5311,0.0021051130006526364,100,112,47.50338816443467
100B,5312,0.002244395000161603,100,112,44.555436985379
100B,5313,0.002905268000176875,100,112,34.42023248592279
100B,5314,0.0021011869994254084,100,112,47.59214673769924
100B,5315,0.001703698000710574,100,112,58.695848652925726
100B,5316,0.0015773260001878953,100,112,63.39843506547646
100B,5317,0.0020798820005438756,100,112,48.079650659917554
100B,5318,0.002725229000134277,100,112,36.69416404825899
100B,5319,0.0018083699997077929,100,112,55.298417921198975
100B,5320,0.0023215820001496468,100,112,43.074076209048016
100B,5321,0.0024894200014387025,100,112,40.169999414404685
100B,5322,0.0016973400015558582,100,112,58.91571512386175
100B,5323,0.0019448600014584372,100,112,51.41758271804176
100B,5324,0.002211703000284615,100,112,45.21402737489229
100B,5325,0.002388533001067117,100,112,41.866702262570094
100B,5326,0.0019868660001520766,100,112,50.33052052445706
100B,5327,0.002253183998618624,100,112,44.38163952047757
100B,5328,0.001701564999166294,100,112,58.769426997497256
100B,5329,0.0021449600008054404,100,112,46.62091599025139
100B,5330,0.001576667000335874,100,112,63.4249337232892
100B,5331,0.0013634180013468722,100,112,73.34507825275415
100B,5332,0.0014335859996208455,100,112,69.75514550675577
100B,5333,0.0022229750011319993,100,112,44.9847613891642
100B,5334,0.0020140359993092716,100,112,49.651545471032165
100B,5335,0.0022811079998064088,100,112,43.83834522893556
100B,5336,0.0017005209992930759,100,112,58.805507277811344
100B,5337,0.0021072599993203767,100,112,47.45498895829253
100B,5338,0.002207350999015034,100,112,45.303171106281724
100B,5339,0.0019190399998478824,100,112,52.109388031477586
100B,5340,0.0016395659986301325,100,112,60.99175030681938
100B,5341,0.002939893998700427,100,112,34.01483184230614
100B,5342,0.001875207000921364,100,112,53.327445957094874
100B,5343,0.0019539980003173696,100,112,51.17712504503993
100B,5344,0.0022108310004114173,100,112,45.231860771533796
100B,5345,0.001839512000515242,100,112,54.362243884242275
100B,5346,0.002132499999788706,100,112,46.89331770687375
100B,5347,0.002060523000182002,100,112,48.53136800276784
100B,5348,0.001980357999855187,100,112,50.49592043828059
100B,5349,0.0015224700000544544,100,112,65.68273923060768
100B,5350,0.002644916999997804,100,112,37.808369790085294
100B,5351,0.0023094940006558318,100,112,43.29952793625045
100B,5352,0.0020534870000119554,100,112,48.69765428240734
100B,5353,0.0021616180001728935,100,112,46.26164289527644
100B,5354,0.0027473189984448254,100,112,36.3991222193735
100B,5355,0.0024115300002449658,100,112,41.46745012081205
100B,5356,0.0019192079998902045,100,112,52.10482657727608
100B,5357,0.0012468869990698295,100,112,80.19972946594152
100B,5358,0.0024518650006939424,100,112,40.78527976527965
100B,5359,0.0018797129996528383,100,112,53.199610801472815
100B,5360,0.002032465999945998,100,112,49.20131505405599
100B,5361,0.00214672499896551,100,112,46.58258512300794
100B,5362,0.002141946999472566,100,112,46.686495989221044
100B,5363,0.0017650529989623465,100,112,56.65552255869302
100B,5364,0.0016827809995447751,100,112,59.42543921464049
100B,5365,0.0018932470011350233,100,112,52.819309862922715
100B,5366,0.004011478000393254,100,112,24.928467759313843
100B,5367,0.0018420460000925232,100,112,54.28746078815467
100B,5368,0.0017615879987715743,100,112,56.766962575661275
100B,5369,0.0016687999996065628,100,112,59.923298192459285
100B,5370,0.002152951999960351,100,112,46.447853924212716
100B,5371,0.0035220290010329336,100,112,28.39272475345098
100B,5372,0.0020258650001778733,100,112,49.361630706498154
100B,5373,0.002228658999229083,100,112,44.87003172517243
100B,5374,0.0022787840007367777,100,112,43.88305340377497
100B,5375,0.002849413998774253,100,112,35.094935324602716
100B,5376,0.0018206090007879538,100,112,54.92667561058982
100B,5377,0.00220977299977676,100,112,45.25351699477837
100B,5378,0.0016417690003436292,100,112,60.90990875029897
100B,5379,0.0026882740003202343,100,112,37.19858912748021
100B,5380,0.0018944099992950214,100,112,52.78688353482806
100B,5381,0.0024011259993130807,100,112,41.6471272347258
100B,5382,0.002035236999290646,100,112,49.1343268793038
100B,5383,0.002365914999245433,100,112,42.26694536020661
100B,5384,0.0027916899998672307,100,112,35.82059612806432
100B,5385,0.0020316500012995675,100,112,49.221076433457476
100B,5386,0.001762817999406252,100,112,56.72735360864352
100B,5387,0.002190215000155149,100,112,45.657618084487716
100B,5388,0.002445099000397022,100,112,40.89813949609506
100B,5389,0.00229011199917295,100,112,43.66598665747088
100B,5390,0.0022745139995095087,100,112,43.96543614221089
100B,5391,0.0018899520000559278,100,112,52.911396689990426
100B,5392,0.0024850150002748705,100,112,40.241205783039085
100B,5393,0.0022834310002508573,100,112,43.79374721154877
100B,5394,0.002442024000629317,100,112,40.94963848603851
100B,5395,0.0021712190009566257,100,112,46.057076672569934
100B,5396,0.00218935200064152,100,112,45.67561541985856
100B,5397,0.0019146699996781535,100,112,52.228321338303466
100B,5398,0.002088015999106574,100,112,47.89235333579258
100B,5399,0.0023123800001485506,100,112,43.24548733061861
100B,5400,0.0024696390009921743,100,112,40.491747967952044
100B,5401,0.0026419000005262205,100,112,37.85154622812436
100B,5402,0.0017206110005645314,100,112,58.118889142978894
100B,5403,0.0022887720006110612,100,112,43.691551615146366
100B,5404,0.0022509320006065536,100,112,44.42604217855236
100B,5405,0.002094145000228309,100,112,47.75218525417187
100B,5406,0.0022172970002429793,100,112,45.09995728539823
100B,5407,0.0021876079990761355,100,112,45.712028865423655
100B,5408,0.0025823910000326578,100,112,38.723802862825714
100B,5409,0.0018524869992688764,100,112,53.98148545143212
100B,5410,0.0020138359996053623,100,112,49.656476505334254
100B,5411,0.001579052999659325,100,112,63.329096630432694
100B,5412,0.001525862999187666,100,112,65.53668321024738
100B,5413,0.002093348999551381,100,112,47.77034313028104
100B,5414,0.002526750999095384,100,112,39.57651546820464
100B,5415,0.002596361000541947,100,112,38.51544526324601
100B,5416,0.0017207110013259808,100,112,58.11551150828927
100B,5417,0.0024377659992751433,100,112,41.0211644717887
100B,5418,0.002544787999795517,100,112,39.29600422826395
100B,5419,0.0022359060003509512,100,112,44.72459932765682
100B,5420,0.002271406001455034,100,112,44.02559469154403
100B,5421,0.0022477190013887594,100,112,44.48954693100638
100B,5422,0.0022476209996966645,100,112,44.49148678246726
100B,5423,0.002074107000225922,100,112,48.2135203193989
100B,5424,0.0021205110006121686,100,112,47.15844434248683
100B,5425,0.001956399999471614,100,112,51.11429156972402
100B,5426,0.0025274310009990586,100,112,39.56586746006968
100B,5427,0.0024147220010490855,100,112,41.41263464554289
100B,5428,0.0021315949998097494,100,112,46.91322695395949
100B,5429,0.0027039809992857045,100,112,36.98250839277955
100B,5430,0.002494762000424089,100,112,40.08398395638575
100B,5431,0.002543378999689594,100,112,39.31777372236087
100B,5432,0.0018007349990512012,100,112,55.53287965896678
100B,5433,0.0019043299998884322,100,112,52.51190707800572
100B,5434,0.0022719940006936667,100,112,44.014200728289254
100B,5435,0.002119765000315965,100,112,47.17504062247198
100B,5436,0.002083130000755773,100,112,48.0046852398647
100B,5437,0.002068457999484963,100,112,48.345192421069015
100B,5438,0.0027239200007898035,100,112,36.711797692665314
100B,5439,0.00242968700149504,100,112,41.15756471449524
100B,5440,0.00255460399966978,100,112,39.1450103471718
100B,5441,0.0016669799988449086,100,112,59.98872216180906
100B,5442,0.0016832649998832494,100,112,59.40835222435918
100B,5443,0.0016737780006224057,100,112,59.74507967174519
100B,5444,0.0019417719995544758,100,112,51.49935214996622
100B,5445,0.0024442909998469986,100,112,40.911659048067335
100B,5446,0.0017745479999575764,100,112,56.35237818441128
100B,5447,0.0015468260007764911,100,112,64.64851246992292
100B,5448,0.0032760470003267983,100,112,30.524592592848826
100B,5449,0.0021704959999624407,100,112,46.07241847104554
100B,5450,0.0013860950002708705,100,112,72.1451271236517
100B,5451,0.0019503940002323361,100,112,51.271691764888395
100B,5452,0.0019124519985780353,100,112,52.288894086938114
100B,5453,0.002095223999276641,100,112,47.72759382029043
100B,5454,0.0019230920006521046,100,112,51.99959230556355
100B,5455,0.002215861999502522,100,112,45.12916419093372
100B,5456,0.0022865580012876308,100,112,43.733856715502924
100B,5457,0.0019962379992648493,100,112,50.09422725988925
100B,5458,0.0016675010010658298,100,112,59.96997899016685
100B,5459,0.0017866380003397353,100,112,55.9710472860113
100B,5460,0.0018050669987133006,100,112,55.39960570509717
100B,5461,0.0019777730012719985,100,112,50.561919864254044
100B,5462,0.0018875760015362175,100,112,52.97799925333563
100B,5463,0.002175551000618725,100,112,45.965366921556914
100B,5464,0.0018886369998654118,100,112,52.948237277532
100B,5465,0.0014052229998924304,100,112,71.16308230626383
100B,5466,0.0014504230002785334,100,112,68.94540418953395
100B,5467,0.002003072000661632,100,112,49.92331776739385
100B,5468,0.0017601649997232016,100,112,56.81285562190232
100B,5469,0.0016073339993454283,100,112,62.21482283129957
100B,5470,0.0016281699990940979,100,112,61.418647964057364
100B,5471,0.00204026800020074,100,112,49.01316885338647
100B,5472,0.0015367710002465174,100,112,65.07150381153649
100B,5473,0.001845181999669876,100,112,54.19519593074891
100B,5474,0.0018913149997388246,100,112,52.87326543373748
100B,5475,0.0026259879996359814,100,112,38.080905173162314
100B,5476,0.0014348549993883353,100,112,69.69345337516963
100B,5477,0.0014192449998517986,100,112,70.45999810493768
100B,5478,0.0018455629997333745,100,112,54.18400781465972
100B,5479,0.001967860998774995,100,112,50.8165973421144
100B,5480,0.002284906999193481,100,112,43.76545742793806
100B,5481,0.0019842559995595366,100,112,50.396723014670435
100B,5482,0.0019532219994289335,100,112,51.19745734444787
100B,5483,0.002432997000141768,100,112,41.10157143398579
100B,5484,0.0021533729996008333,100,112,46.43877304049823
100B,5485,0.002029802999459207,100,112,49.26586473004653
100B,5486,0.0020437710008991417,100,112,48.929160828686655
100B,5487,0.002318234999620472,100,112,43.13626531234815
100B,5488,0.0017891170009534108,100,112,55.89349379985241
100B,5489,0.002126307001162786,100,112,47.0298973503423
100B,5490,0.0023071510004228912,100,112,43.34350026576952
100B,5491,0.002659944999322761,100,112,37.594762307288555
100B,5492,0.0021850739994988544,100,112,45.765040462215445
100B,5493,0.0017626789995119907,100,112,56.73182696774947
100B,5494,0.001283028999750968,100,112,77.94056098452154
100B,5495,0.001863195999249001,100,112,53.671218723262086
100B,5496,0.002299538999068318,100,112,43.486977190000275
100B,5497,0.0023481890002585715,100,112,42.58600989485449
100B,5498,0.0015575580000586342,100,112,64.20306659285593
100B,5499,0.002362318000450614,100,112,42.33130339815593
100B,5500,0.0016665929997543572,100,112,60.00265212606751
100B,5501,0.002002039000217337,100,112,49.94907691066169
100B,5502,0.0023275519997696392,100,112,42.963594372927915
100B,5503,0.0020756060002895538,100,112,48.17870057518126
100B,5504,0.002558489000875852,100,112,39.08556963339175
100B,5505,0.002188918999308953,100,112,45.684650748415194
100B,5506,0.00213064099989424,100,112,46.934232470399174
100B,5507,0.002780763999908231,100,112,35.96134012210318
100B,5508,0.001635218000956229,100,112,61.153925618188424
100B,5509,0.0020072679999429965,100,112,49.818957908380874
100B,5510,0.001792809000107809,100,112,55.77839022114826
100B,5511,0.002213609999671462,100,112,45.175076013770145
100B,5512,0.0018171069987147348,100,112,55.03253252050177
100B,5513,0.002166801001294516,100,112,46.15098476521693
100B,5514,0.0020898960010526935,100,112,47.84927094440555
100B,5515,0.0021414189995994093,100,112,46.698007264672064
100B,5516,0.0024689799993211636,100,112,40.5025557224014
100B,5517,0.0022238900000957074,100,112,44.96625282531798
100B,5518,0.0021773459993710276,100,112,45.927473184733664
100B,5519,0.002352237999730278,100,112,42.51270492674067
100B,5520,0.002652043000125559,100,112,37.70677926235192
100B,5521,0.0020934059994033305,100,112,47.769042425837284
100B,5522,0.0019957880012952955,100,112,50.10552219729678
100B,5523,0.0023888830000942107,100,112,41.8605683057966
100B,5524,0.0027834270003950223,100,112,35.926934669315216
100B,5525,0.0014970669999456732,100,112,66.79727761257772
100B,5526,0.0014939709999453044,100,112,66.93570357367118
100B,5527,0.0017722360007610405,100,112,56.42589359264659
100B,5528,0.0020023540000693174,100,112,49.94121918329037
100B,5529,0.0018707829985942226,100,112,53.45355397988104
100B,5530,0.0014975000012782402,100,112,66.77796321511968
100B,5531,0.00197585999922012,100,112,50.61087325998321
100B,5532,0.0027360539988876553,100,112,36.54898625562765
100B,5533,0.0015264290013874415,100,112,65.51238210824441
100B,5534,0.0013575560005847365,100,112,73.66178629605501
100B,5535,0.0019812569989881013,100,112,50.47300781830604
100B,5536,0.0014084730009926716,100,112,70.99887603775255
100B,5537,0.0018289210001967149,100,112,54.67704728046986
100B,5538,0.0016445849996671313,100,112,60.805613586552404
100B,5539,0.0022353439999278635,100,112,44.73584379103489
100B,5540,0.0014914040002622642,100,112,67.05091308754365
100B,5541,0.0018364600000495557,100,112,54.452588130044525
100B,5542,0.001878750999821932,100,112,53.22685124823779
100B,5543,0.002425932998448843,100,112,41.22125386972378
100B,5544,0.0020016880007460713,100,112,49.95783556814443
100B,5545,0.0020288089999667136,100,112,49.29000216463979
100B,5546,0.0019243169990659226,100,112,51.96648995385933
100B,5547,0.0026968259990098886,100,112,37.08062738816444
100B,5548,0.0021314210007403744,100,112,46.917056726598744
100B,5549,0.0018629010010045022,100,112,53.67971778751453
100B,5550,0.0017913889987539733,100,112,55.82260473272776
100B,5551,0.0017765730008250102,100,112,56.28814574664914
100B,5552,0.002019146000748151,100,112,49.52588864943257
100B,5553,0.001929830999870319,100,112,51.818008937943176
100B,5554,0.0021764249995612772,100,112,45.946908356666526
100B,5555,0.0026753630008897744,100,112,37.378105313836635
100B,5556,0.0020445070003916044,100,112,48.91154688188694
100B,5557,0.0020811310005228734,100,112,48.05079544482088
100B,5558,0.002243204000478727,100,112,44.57909310907915
100B,5559,0.0033248150011786493,100,112,30.0768614086949
100B,5560,0.0019158630002493737,100,112,52.19579896213025
100B,5561,0.001998473000639933,100,112,50.03820415286015
100B,5562,0.001843485000790679,100,112,54.2450846939951
100B,5563,0.002910569000960095,100,112,34.35754313572827
100B,5564,0.002028409000558895,100,112,49.2997220838828
100B,5565,0.0020408229993336136,100,112,48.999839786523786
100B,5566,0.0023307060000661295,100,112,42.90545439757854
100B,5567,0.0022714249989803648,100,112,44.025226474521354
100B,5568,0.002376000998992822,100,112,42.087524391778295
100B,5569,0.002312766999239102,100,112,43.238250992382675
100B,5570,0.0024840379992383532,100,112,40.25703311731207
100B,5571,0.0022981420006544795,100,112,43.513412126631586
100B,5572,0.0020069089987373445,100,112,49.827869655731995
100B,5573,0.0026322789999539964,100,112,37.989893929081106
100B,5574,0.0021860239994566655,100,112,45.745151940168505
100B,5575,0.0025544379986968124,100,112,39.14755419822936
100B,5576,0.0024541959992347984,100,112,40.74654185369845
100B,5577,0.0016635409992886707,100,112,60.11273544971837
100B,5578,0.0013743990002694773,100,112,72.75907504326842
100B,5579,0.0017966209998121485,100,112,55.660041828775135
100B,5580,0.002596027999970829,100,112,38.520385758983984
100B,5581,0.001990765998925781,100,112,50.23192080533829
100B,5582,0.00190199099961319,100,112,52.57648433685391
100B,5583,0.0026599719985824777,100,112,37.594380712763474
100B,5584,0.0029723910010943655,100,112,33.64294938424397
100B,5585,0.001749610999468132,100,112,57.15556202515829
100B,5586,0.0018460999999660999,100,112,54.1682465748531
100B,5587,0.002489392998541007,100,112,40.17043514567945
100B,5588,0.004191531999822473,100,112,23.85762532750206
100B,5589,0.0023146610001276713,100,112,43.20287074197225
100B,5590,0.0016544680001970846,100,112,60.442389933252095
100B,5591,0.002103865999742993,100,112,47.53154431518734
100B,5592,0.0017043740008375607,100,112,58.67256831590846
100B,5593,0.0020390800000313902,100,112,49.04172469861926
100B,5594,0.001929844000187586,100,112,51.81765986798919
100B,5595,0.0016386799998144852,100,112,61.024727226377934
100B,5596,0.002005362999625504,100,112,49.86628356994456
100B,5597,0.002040751998720225,100,112,49.001544559412885
100B,5598,0.00230285599900526,100,112,43.42433918716409
100B,5599,0.0021997709991410375,100,112,45.4592773698025
100B,5600,0.002093924000291736,100,112,47.75722518394531
100B,5601,0.0019286989991087466,100,112,51.84842219869979
100B,5602,0.0019137169983878266,100,112,52.2543302297273
100B,5603,0.0018115960010618437,100,112,55.199945209299585
100B,5604,0.0015084330007084645,100,112,66.29396198109765
100B,5605,0.002149993000784889,100,112,46.51177932369706
100B,5606,0.0021985750008752802,100,112,45.484006668041225
100B,5607,0.0017447190002712887,100,112,57.315819902489096
100B,5608,0.0015743639996799175,100,112,63.51771256223523
100B,5609,0.0014270669998950325,100,112,70.07379471836674
100B,5610,0.0017479639991506701,100,112,57.20941624003107
100B,5611,0.0021950259997538524,100,112,45.557546931659985
100B,5612,0.0017943029997695703,100,112,55.73194717550062
100B,5613,0.001768552001522039,100,112,56.543432092434195
100B,5614,0.002092643000651151,100,112,47.7864595006811
100B,5615,0.0024702570008230396,100,112,40.48161789104617
100B,5616,0.002180679999582935,100,112,45.85725554374115
100B,5617,0.0023116800002753735,100,112,43.25858249761547
100B,5618,0.0023076220004440984,100,112,43.33465358743986
100B,5619,0.0023246019991347566,100,112,43.018116665657665
100B,5620,0.001974226999664097,100,112,50.6527364973807
100B,5621,0.0017840200016507879,100,112,56.05318320841027
100B,5622,0.0018574680016172351,100,112,53.83672823054467
100B,5623,0.002206944000135991,100,112,45.31152579940318
100B,5624,0.0018827069998224033,100,112,53.11500940371128
100B,5625,0.0018787009994412074,100,112,53.22826784557179
100B,5626,0.0019973050002590753,100,112,50.06746590381977
100B,5627,0.0019656069998745807,100,112,50.87486969998616
100B,5628,0.0019300709991512122,100,112,51.81156550405505
100B,5629,0.0019395990002522012,100,112,51.55704864098056
100B,5630,0.001971282999875257,100,112,50.72838349761451
100B,5631,0.001767679999829852,100,112,56.571325132165036
100B,5632,0.0015030539998406311,100,112,66.5312091319427
100B,5633,0.00207295600012003,100,112,48.24029067390226
100B,5634,0.0016069359990069643,100,112,62.230231982976825
100B,5635,0.0013238980009191437,100,112,75.53451997855797
100B,5636,0.0019054709991905838,100,112,52.48046285799077
100B,5637,0.0016694169989932561,100,112,59.90115115654454
100B,5638,0.0021588030012935633,100,112,46.32196635824557
100B,5639,0.0023011350003798725,100,112,43.4568158684701
100B,5640,0.0020623189993784763,100,112,48.48910378565931
100B,5641,0.0022341309995681513,100,112,44.76013269558929
100B,5642,0.002173230999687803,100,112,46.0144365759395
100B,5643,0.0020233129998814547,100,112,49.423890424199804
100B,5644,0.0015568489998258883,100,112,64.23230513118716
100B,5645,0.0016720050007279497,100,112,59.80843356118102
100B,5646,0.0031309000005421694,100,112,31.939697844927426
100B,5647,0.001535585999590694,100,112,65.12171902235023
100B,5648,0.001631384999200236,100,112,61.29760911680788
100B,5649,0.0024279329991259146,100,112,41.18729801687329
100B,5650,0.0030849920003674924,100,112,32.41499491346744
100B,5651,0.0023451130000466947,100,112,42.64186842937157
100B,5652,0.0016867100002855295,100,112,59.287014355207354
100B,5653,0.0023223499993036967,100,112,43.05983164896881
100B,5654,0.001869642999736243,100,112,53.48614682808822
100B,5655,0.0014847530001134146,100,112,67.35126986937314
100B,5656,0.0016349829984392272,100,112,61.16271551169713
100B,5657,0.0018966309999086661,100,112,52.725068821935096
100B,5658,0.0016186220000236062,100,112,61.78094700216702
100B,5659,0.0013718459995288868,100,112,72.8944794345295
100B,5660,0.001853259000199614,100,112,53.95899870942433
100B,5661,0.0025435369989281753,100,112,39.31533138387181
100B,5662,0.001701426001091022,100,112,58.77422816853393
100B,5663,0.0019407560012041358,100,112,51.52631239473449
100B,5664,0.0013622280002891785,100,112,73.40915028818353
100B,5665,0.0018629739988682559,100,112,53.67761442765671
100B,5666,0.0016844850015331758,100,112,59.36532525310853
100B,5667,0.0016991310003504623,100,112,58.85361398230862
100B,5668,0.001840757999161724,100,112,54.325446389769716
100B,5669,0.0022685370004182914,100,112,44.0812735174966
100B,5670,0.0033897670000442304,100,112,29.50055269246977
100B,5671,0.0015242509998643072,100,112,65.60599271963886
100B,5672,0.00197567900067952,100,112,50.61550989083032
100B,5673,0.0037107339994690847,100,112,26.948846242901688
100B,5674,0.0011390869985916652,100,112,87.78960704813343
100B,5675,0.0012536039994301973,100,112,79.77000715174263
100B,5676,0.001504698999269749,100,112,66.45847445138953
100B,5677,0.0015184149997367058,100,112,65.85814814615246
100B,5678,0.0020963540009688586,100,112,47.701867124437776
100B,5679,0.0017295779998676153,100,112,57.81757168954171
100B,5680,0.0023389029993268196,100,112,42.755086478054835
100B,5681,0.0021193889988353476,100,112,47.18340996152772
100B,5682,0.002007732000492979,100,112,49.80744440764305
100B,5683,0.0021954100011498667,100,112,45.54957841479453
100B,5684,0.0020638619989767903,100,112,48.45285200734227
100B,5685,0.00214752200008661,100,112,46.565297117313335
100B,5686,0.001725684000120964,100,112,57.94803683234611
100B,5687,0.001951542000824702,100,112,51.24153103430057
100B,5688,0.0029152300012356136,100,112,34.302610757166754
100B,5689,0.0022849029992357828,100,112,43.76553404387249
100B,5690,0.001391914998748689,100,112,71.84346751769938
100B,5691,0.0015184919993771473,100,112,65.85480861342559
100B,5692,0.0018378360000497196,100,112,54.411819116229445
100B,5693,0.0025170869994326495,100,112,39.72846390392544
100B,5694,0.0016605349992460106,100,112,60.221555128561825
100B,5695,0.0018713629997364478,100,112,53.43698684546153
100B,5696,0.0020448089999263175,100,112,48.904323095019336
100B,5697,0.0021797690005769255,100,112,45.87642083795701
100B,5698,0.0020779690003109863,100,112,48.123913294680584
100B,5699,0.00184806099969137,100,112,54.110767997755595
100B,5700,0.0022996789994067512,100,112,43.48432978072027
100B,5701,0.00223745599942049,100,112,44.693616332969405
100B,5702,0.0018118249990948243,100,112,55.19296844339786
100B,5703,0.002115436000167392,100,112,47.27157899935858
100B,5704,0.0017131660006270977,100,112,58.37145960367845
100B,5705,0.002721229999224306,100,112,36.74808819118754
100B,5706,0.002542122998420382,100,112,39.33719968000673
100B,5707,0.002130632999978843,100,112,46.934408694971395
100B,5708,0.001752067000779789,100,112,57.075442865765524
100B,5709,0.002326375000848202,100,112,42.98533124003643
100B,5710,0.0018035979992419016,100,112,55.44472772870261
100B,5711,0.001578252000399516,100,112,63.36123760634308
100B,5712,0.0013894220010115532,100,112,71.97237407151759
100B,5713,0.001929730000483687,100,112,51.82072102052359
100B,5714,0.002090996000333689,100,112,47.824099129812595
100B,5715,0.0014959670006646775,100,112,66.84639430921185
100B,5716,0.0015372220004792325,100,112,65.05241270865547
100B,5717,0.001715442000204348,100,112,58.29401401393211
100B,5718,0.0015145329998631496,100,112,66.0269535289332
100B,5719,0.0017678340009297244,100,112,56.5663970414693
100B,5720,0.0021411360012280056,100,112,46.70417943682559
100B,5721,0.0020968600001651794,100,112,47.69035605244152
100B,5722,0.0018349130004935432,100,112,54.498496644311004
100B,5723,0.0022274010007095058,100,112,44.895373562347544
100B,5724,0.0021398150001914473,100,112,46.733011961806554
100B,5725,0.002061606999632204,100,112,48.50585005669861
100B,5726,0.0025100190014200052,100,112,39.840335847428456
100B,5727,0.0017768309990060516,100,112,56.27997263439201
100B,5728,0.0023401710004691267,100,112,42.73192000924433
100B,5729,0.002693865000765072,100,112,37.121385062577176
100B,5730,0.0021491219995368738,100,112,46.530629727651366
100B,5731,0.0026204450005025137,100,112,38.16145730241365
100B,5732,0.00209419800012256,100,112,47.750976743434784
100B,5733,0.002213277999544516,100,112,45.18185244717546
100B,5734,0.0022868890009704046,100,112,43.72752676564827
100B,5735,0.00202437000007194,100,112,49.39808434053374
100B,5736,0.001735046998874168,100,112,57.63532634267988
100B,5737,0.0023202430002129404,100,112,43.09893403010913
100B,5738,0.001976580999325961,100,112,50.59241186376944
100B,5739,0.00204370800020115,100,112,48.93066915144317
100B,5740,0.0018442909986333689,100,112,54.2213783367704
100B,5741,0.001918064999699709,100,112,52.135876529552405
100B,5742,0.0019665219988382887,100,112,50.85119823682339
100B,5743,0.0019641580001916736,100,112,50.91240113587677
100B,5744,0.0018825700008164858,100,112,53.11887470671964
100B,5745,0.001867501001470373,100,112,53.5474947115237
100B,5746,0.0017604050008230843,100,112,56.80511016115303
100B,5747,0.0018928820009023184,100,112,52.82949489314758
100B,5748,0.002123829999618465,100,112,47.08474784609149
100B,5749,0.002127674000803381,100,112,46.99968132441405
100B,5750,0.0021280000000842847,100,112,46.99248120114626
100B,5751,0.0018887890000769403,100,112,52.943976270470905
100B,5752,0.0017929620007635094,100,112,55.773630426867
100B,5753,0.0022619409992330475,100,112,44.20981804295816
100B,5754,0.0015438119989994448,100,112,64.77472649831113
100B,5755,0.001377498001602362,100,112,72.59538662391954
100B,5756,0.0018958820000989363,100,112,52.745898739890734
100B,5757,0.0018430969994369661,100,112,54.256504150648745
100B,5758,0.0017115980008384213,100,112,58.424933863568015
100B,5759,0.0020832329992117593,100,112,48.002311809498686
100B,5760,0.0022918100003153086,100,112,43.63363454485405
100B,5761,0.002207469000495621,100,112,45.30074940012656
100B,5762,0.0019834919985441957,100,112,50.41613481344822
100B,5763,0.002063226000245777,100,112,48.46778781776099
100B,5764,0.0022063800006435486,100,112,45.323108426849586
100B,5765,0.002100989000609843,100,112,47.596631858126585
100B,5766,0.00197013000070001,100,112,50.758071784333445
100B,5767,0.0020443299999897135,100,112,48.915781698895564
100B,5768,0.00204913299967302,100,112,48.80112711861894
100B,5769,0.002208342999438173,100,112,45.28282066030554
100B,5770,0.001909044000058202,100,112,52.38223948581135
100B,5771,0.0014502430003631162,100,112,68.95396149125472
100B,5772,0.0015172829989751335,100,112,65.90728299700594
100B,5773,0.001590449001014349,100,112,62.87532636143785
100B,5774,0.0015192390001175227,100,112,65.8224281974491
100B,5775,0.001741063000736176,100,112,57.43617546160987
100B,5776,0.0015366190000349889,100,112,65.07794059407244
100B,5777,0.0014756780001334846,100,112,67.76546102263119
100B,5778,0.001850212000135798,100,112,54.04786045742888
100B,5779,0.0021916620007687015,100,112,45.62747356340809
100B,5780,0.0026275370000803377,100,112,38.05845550298339
100B,5781,0.0019909410002583172,100,112,50.227505479582454
100B,5782,0.002165242000046419,100,112,46.18421404991044
100B,5783,0.002544733999457094,100,112,39.29683810619675
100B,5784,0.0018883599987020716,100,112,52.95600418814903
100B,5785,0.002597260998300044,100,112,38.50209896712417
100B,5786,0.0025214779998350423,100,112,39.659279203126935
100B,5787,0.0019341339993843576,100,112,51.70272588757056
100B,5788,0.0021439590000227327,100,112,46.64268299857399
100B,5789,0.0024410019996139454,100,112,40.96678331923342
100B,5790,0.0016368180004064925,100,112,61.094147287704374
100B,5791,0.001959810999323963,100,112,51.02532848039684
100B,5792,0.0019355010008439422,100,112,51.666209398185124
100B,5793,0.00195178899957682,100,112,51.2350464223754
100B,5794,0.0021144420006748987,100,112,47.29380137553145
100B,5795,0.002293654000823153,100,112,43.59855495384731
100B,5796,0.0018254779988637893,100,112,54.780172679288285
100B,5797,0.0025075770008697873,100,112,39.879134305871226
100B,5798,0.002125389000866562,100,112,47.050210554034145
100B,5799,0.0017572870001458796,100,112,56.90590096648902
100B,5800,0.002088843999445089,100,112,47.87336920639619
100B,5801,0.001839647000451805,100,112,54.358254586581374
100B,5802,0.0019859290005115326,100,112,50.35426743566469
100B,5803,0.002348058000279707,100,112,42.58838580141025
100B,5804,0.0024318739997397643,100,112,41.120551480340275
100B,5805,0.0020695050006906968,100,112,48.3207336858935
100B,5806,0.001715501999569824,100,112,58.29197519156247
100B,5807,0.0018407819989079144,100,112,54.32473810550476
100B,5808,0.0024973470008262666,100,112,40.04249308042263
100B,5809,0.001981422999961069,100,112,50.46877925711209
100B,5810,0.0016370590001315577,100,112,61.08515330966311
100B,5811,0.002352681000047596,100,112,42.50469995633787
100B,5812,0.002185621999160503,100,112,45.75356582172488
100B,5813,0.0024357459988095798,100,112,41.05518393497225
100B,5814,0.0022475069999927655,100,112,44.49374351239925
100B,5815,0.0024401169994234806,100,112,40.98164146376043
100B,5816,0.0023143310008890694,100,112,43.209031016559074
100B,5817,0.0019916609999199864,100,112,50.20934787798598
100B,5818,0.0024636090001877164,100,112,40.590856744061426
100B,5819,0.002113962000294123,100,112,47.30453999934089
100B,5820,0.0029551229999924544,100,112,33.83953899727874
100B,5821,0.0027844020005431958,100,112,35.914354313957354
100B,5822,0.001997560999370762,100,112,50.06104946557342
100B,5823,0.0022177900009410223,100,112,45.08993184998101
100B,5824,0.002192392999859294,100,112,45.6122602135739
100B,5825,0.001880223000625847,100,112,53.18518067628905
100B,5826,0.002040329000010388,100,112,49.01170350443035
100B,5827,0.001771360999555327,100,112,56.45376635542019
100B,5828,0.0015380829991045175,100,112,65.0159972239604
100B,5829,0.0015367579999292502,100,112,65.07205428870638
100B,5830,0.0016741090003051795,100,112,59.73326705834007
100B,5831,0.0017337879999104189,100,112,57.67717852769012
100B,5832,0.0033105899983638665,100,112,30.20609620926216
100B,5833,0.0017790149995562388,100,112,56.21088075420624
100B,5834,0.0020837100000790088,100,112,47.99132316695138
100B,5835,0.002336603000003379,100,112,42.79717179163743
100B,5836,0.001609293000001344,100,112,62.13908840709336
100B,5837,0.001420131999111618,100,112,70.41598954361729
100B,5838,0.0013942919995315606,100,112,71.7209881671823
100B,5839,0.0016252929999609478,100,112,61.527367682259616
100B,5840,0.0017095450002670987,100,112,58.49509663938419
100B,5841,0.0017122259996540379,100,112,58.40350515656543
100B,5842,0.0016981950011540903,100,112,58.886052504005825
100B,5843,0.002625854998768773,100,112,38.082833990029386
100B,5844,0.001711611999780871,100,112,58.42445601736988
100B,5845,0.0019297189992357744,100,112,51.82101644830307
100B,5846,0.0017252010002266616,100,112,57.964260388709334
100B,5847,0.0019011229996976908,100,112,52.6004892981157
100B,5848,0.002394054001342738,100,112,41.770152195361355
100B,5849,0.001943590999871958,100,112,51.451154078501034
100B,5850,0.001931643999341759,100,112,51.76937367034336
100B,5851,0.0018240560002595885,100,112,54.822878237164105
100B,5852,0.001992191000681487,100,112,50.195990226736335
100B,5853,0.001440488000298501,100,112,69.42091845213412
100B,5854,0.0015516069997829618,100,112,64.44930966023482
100B,5855,0.0016864139997778693,100,112,59.29742045142638
100B,5856,0.0017866279995359946,100,112,55.97136058875771
100B,5857,0.0016295479999826057,100,112,61.366710278597154
100B,5858,0.0019744620003621094,100,112,50.646707802763665
100B,5859,0.001886840998849948,100,112,52.99863637739014
100B,5860,0.0019149750005453825,100,112,52.22000285722796
100B,5861,0.0016120830005093012,100,112,62.03154550256237
100B,5862,0.0018019010003627045,100,112,55.4969446045432
100B,5863,0.0021035740010120207,100,112,47.53814220554656
100B,5864,0.0019866029997501755,100,112,50.3371836308389
100B,5865,0.0019459409995761234,100,112,51.38901951384066
100B,5866,0.0018944229996122885,100,112,52.78652128931392
100B,5867,0.001852459001383977,100,112,53.98230132234492
100B,5868,0.0020285059999878285,100,112,49.29736466177572
100B,5869,0.0016543140009162016,100,112,60.44801648575629
100B,5870,0.001875224999821512,100,112,53.326934106316955
100B,5871,0.0019746899997699074,100,112,50.64086009026839
100B,5872,0.0018670339995878749,100,112,53.56088856553966
100B,5873,0.0015676040002290392,100,112,63.79162083369857
100B,5874,0.0021951859998807777,100,112,45.554226386935355
100B,5875,0.0019652699993457645,100,112,50.883593619853684
100B,5876,0.0017876689998956863,100,112,55.93876719114958
100B,5877,0.0015697260005254066,100,112,63.705385504558606
100B,5878,0.001664903000346385,100,112,60.06355924591095
100B,5879,0.0022042290001991205,100,112,45.36733705570811
100B,5880,0.002284392001456581,100,112,43.775323997036274
100B,5881,0.0018258079999213805,100,112,54.77027157527298
100B,5882,0.0022029309984645806,100,112,45.394068207174406
100B,5883,0.0020641169994632946,100,112,48.44686615439032
100B,5884,0.002215095000792644,100,112,45.14479061359276
100B,5885,0.0017583999997441424,100,112,56.869881718920944
100B,5886,0.0024692000006325543,100,112,40.49894701700236
100B,5887,0.0021980860001349356,100,112,45.494125340801595
100B,5888,0.0013219440006650984,100,112,75.64616954249792
100B,5889,0.001524339999377844,100,112,65.60216227404305
100B,5890,0.00223182099944097,100,112,44.806460744409236
100B,5891,0.0018089999994117534,100,112,55.27915977474726
100B,5892,0.0016611899991403334,100,112,60.197810034824464
100B,5893,0.0012874859985458897,100,112,77.67074757546243
100B,5894,0.0023075400004017865,100,112,43.33619351456014
100B,5895,0.00165350200040848,100,112,60.477701251825565
100B,5896,0.0019548950003809296,100,112,51.15364251303219
100B,5897,0.0017305609999311855,100,112,57.78472992513782
100B,5898,0.0023632430002180627,100,112,42.314734452095166
100B,5899,0.002435186999719008,100,112,41.0646081847262
100B,5900,0.0019243379992985865,100,112,51.9659228453887
100B,5901,0.0014229150001483504,100,112,70.27826679005717
100B,5902,0.0021629130005749175,100,112,46.23394467249459
100B,5903,0.0022109370001999196,100,112,45.22969220333175
100B,5904,0.0020683740003732964,100,112,48.347155776446705
100B,5905,0.00184649599941622,100,112,54.156629655095685
100B,5906,0.001896711999506806,100,112,52.72281718363282
100B,5907,0.0020707389994640835,100,112,48.29193830119607
100B,5908,0.0020172059994365554,100,112,49.573519029753
100B,5909,0.002004998999836971,100,112,49.875336600233275
100B,5910,0.0025039410011231666,100,112,39.937043227114394
100B,5911,0.002114992999850074,100,112,47.28148036758927
100B,5912,0.0015492549991904525,100,112,64.54715334289963
100B,5913,0.0016508819990121992,100,112,60.57368125634341
100B,5914,0.0019865840004058555,100,112,50.33766504691983
100B,5915,0.0015332349994423566,100,112,65.22157401596648
100B,5916,0.0019311500000185333,100,112,51.7826165751186
100B,5917,0.0016314159984176513,100,112,61.29644437531099
100B,5918,0.001978568998310948,100,112,50.54157832522766
100B,5919,0.002018056999077089,100,112,49.55261424515395
100B,5920,0.002325535999261774,100,112,43.000839390034955
100B,5921,0.0018697610012168298,100,112,53.482771292652146
100B,5922,0.002228913999715587,100,112,44.86489833737872
100B,5923,0.0027008880006178515,100,112,37.024859963509826
100B,5924,0.00190435300100944,100,112,52.51127282966604
100B,5925,0.0018126070008293027,100,112,55.169156885220055
100B,5926,0.0023409400000673486,100,112,42.71788255876828
100B,5927,0.002492048999556573,100,112,40.12762189579485
100B,5928,0.0021433880010590656,100,112,46.65510861803331
100B,5929,0.0018544850008765934,100,112,53.9233263966714
100B,5930,0.0018901820003520697,100,112,52.904958348653075
100B,5931,0.0019341869992786087,100,112,51.70130914813143
100B,5932,0.0019420919998083264,100,112,51.490866555173206
100B,5933,0.0020028170001751278,100,112,49.92967404972892
100B,5934,0.0017757939986040583,100,112,56.31283813246888
100B,5935,0.001843020001615514,100,112,54.25877088275992
100B,5936,0.0016038350004237145,100,112,62.35055350056656
100B,5937,0.001549156999317347,100,112,64.55123660420867
100B,5938,0.0016535680006199982,100,112,60.47528735589067
100B,5939,0.049411777001296286,100,112,2.0238090202134718
100B,5940,0.0421315700004925,100,112,2.3735170561844963
100B,5941,0.00800267900012841,100,112,12.495815463596054
100B,5942,0.017891067000164185,100,112,5.589381561149054
100B,5943,0.001979339000172331,100,112,50.52191665565803
100B,5944,0.002336980000109179,100,112,42.7902677794967
100B,5945,0.001591446000020369,100,112,62.83593662538352
100B,5946,0.0017329900001641363,100,112,57.70373746561072
100B,5947,0.001450744000976556,100,112,68.93014889786609
100B,5948,0.0014640360004705144,100,112,68.30433129230553
100B,5949,0.0016627429995423881,100,112,60.14158533671259
100B,5950,0.0016203449995373376,100,112,61.715252016424486
100B,5951,0.0020643549996748334,100,112,48.44128069820912
100B,5952,0.0022397610009647906,100,112,44.647620865317506
100B,5953,0.0018776529996102909,100,112,53.2579768576809
100B,5954,0.002088568999170093,100,112,47.87967265612756
100B,5955,0.0019248070002504392,100,112,51.95326076172254
100B,5956,0.0022507269986817846,100,112,44.43008861517564
100B,5957,0.0020411810000950936,100,112,48.99124575201378
100B,5958,0.0018414949990983587,100,112,54.30370435377911
100B,5959,0.0020882440003333613,100,112,47.88712429392173
100B,5960,0.0025352190004923614,100,112,39.444324131595394
100B,5961,0.0019163059987477027,100,112,52.18373269475207
100B,5962,0.0018067890014208388,100,112,55.34680580928992
100B,5963,0.0022157709991006413,100,112,45.131017618963774
100B,5964,0.0020488580012170132,100,112,48.807677223409534
100B,5965,0.0020866930008196505,100,112,47.92271788936855
100B,5966,0.0021868329986318713,100,112,45.72822893314766
100B,5967,0.0024981259994092397,100,112,40.0300065023334
100B,5968,0.0023885610007710056,100,112,41.86621148370124
100B,5969,0.0022793640000600135,100,112,43.87188706909782
100B,5970,0.0017257540002901806,100,112,57.945686339527704
100B,5971,0.0019610769995779265,100,112,50.99238837716344
100B,5972,0.002055078999546822,100,112,48.65992987230739
100B,5973,0.0024762359989836114,100,112,40.383872959219445
100B,5974,0.0016508539993083104,100,112,60.57470863074439
100B,5975,0.0020391449997987365,100,112,49.04016144505172
100B,5976,0.00190073599878815,100,112,52.61119906381364
100B,5977,0.0022859969994897256,100,112,43.74458935087043
100B,5978,0.0017332740007987013,100,112,57.69428258539591
100B,5979,0.0015469930003746413,100,112,64.64153359180204
100B,5980,0.0020098029999644496,100,112,49.75612037685726
100B,5981,0.0023252979990502354,100,112,43.00524063618721
100B,5982,0.001967684998817276,100,112,50.82114264229659
100B,5983,0.0022696550004184246,100,112,44.05955970469714
100B,5984,0.002216058001067722,100,112,45.125172694856744
100B,5985,0.002535531000830815,100,112,39.43947045697059
100B,5986,0.002012328999626334,100,112,49.693663421124896
100B,5987,0.002030437999565038,100,112,49.25045730104642
100B,5988,0.0015908900004433235,100,112,62.85789713439246
100B,5989,0.0026695679989643395,100,112,37.45924435668807
100B,5990,0.0021181440006330376,100,112,47.21114332647524
100B,5991,0.0014946320006856695,100,112,66.90610127049636
100B,5992,0.0017197830002260162,100,112,58.14687084757662
100B,5993,0.0019289740012027323,100,112,51.841030484417686
100B,5994,0.001974516999325715,100,112,50.64529706968812
100B,5995,0.0016965670001809485,100,112,58.94255870197547
100B,5996,0.001446285999918473,100,112,69.14261771574708
100B,5997,0.0019340130002092337,100,112,51.70596060583945
100B,5998,0.002213489000496338,100,112,45.17754548478744
100B,5999,0.0022579249998671003,100,112,44.288450681880896
100B,6000,0.0017877959999168525,100,112,55.93479345778312
100B,6001,0.0017645419993641553,100,112,56.67192962028365
100B,6002,0.0016392659999837633,100,112,61.002912279636426
100B,6003,0.0016077000000223052,100,112,62.200659326125894
100B,6004,0.0018963940001412993,100,112,52.73165807978145
100B,6005,0.0014795959996263264,100,112,67.5860167405529
100B,6006,0.0017396069997630548,100,112,57.484247886804674
100B,6007,0.0016995010009850375,100,112,58.84080088334141
100B,6008,0.002433190000374452,100,112,41.09831126406514
100B,6009,0.0020012410004710546,100,112,49.96899422731289
100B,6010,0.0018458119993738364,100,112,54.1766984036963
100B,6011,0.001774050999301835,100,112,56.36816531168172
100B,6012,0.0016842820004967507,100,112,59.37248036285294
100B,6013,0.002089322999381693,100,112,47.86239371777061
100B,6014,0.00252844800161256,100,112,39.549953147631804
100B,6015,0.001752273999954923,100,112,57.068700444435336
100B,6016,0.0017680900000414113,100,112,56.55820687728444
100B,6017,0.001229131999934907,100,112,81.35822678548426
100B,6018,0.001662291999309673,100,112,60.157902487366016
100B,6019,0.0016615879994787974,100,112,60.18339084741088
100B,6020,0.0037000020001869416,100,112,27.027012416465592
100B,6021,0.0018027030000666855,100,112,55.47225471766609
100B,6022,0.0016294900015054736,100,112,61.368894505403986
100B,6023,0.0017595850003999658,100,112,56.83158243407924
100B,6024,0.0022230039994610706,100,112,44.984174578292844
100B,6025,0.0027736609990824945,100,112,36.05343264122011
100B,6026,0.0017296519999945303,100,112,57.81509806615217
100B,6027,0.0016846479993546382,100,112,59.359581371484374
100B,6028,0.002379090999966138,100,112,42.03286045024058
100B,6029,0.001648028001000057,100,112,60.67858066690491
100B,6030,0.0014997489997767843,100,112,66.67782409915495
100B,6031,0.0012617890006367816,100,112,79.25255327914051
100B,6032,0.00216446000013093,100,112,46.20089999073714
100B,6033,0.0017375900006300071,100,112,57.55097575592774
100B,6034,0.0016174079992197221,100,112,61.82731880159026
100B,6035,0.0018415100003039697,100,112,54.30326198798456
100B,6036,0.002215876000263961,100,112,45.12887904742311
100B,6037,0.0023923500011733267,100,112,41.799903839720386
100B,6038,0.0016912539995246334,100,112,59.12772417869069
100B,6039,0.0017299060000368627,100,112,57.80660914400499
100B,6040,0.0025806719986576354,100,112,38.74959702434718
100B,6041,0.0021388650002336362,100,112,46.75376893309144
100B,6042,0.0018777889999910258,100,112,53.254119605811894
100B,6043,0.001786763001291547,100,112,55.967131582485095
100B,6044,0.0018960399993375177,100,112,52.741503362239364
100B,6045,0.0022177249993546866,100,112,45.091253437237704
100B,6046,0.0018597409998619696,100,112,53.77092832142864
100B,6047,0.001875230998848565,100,112,53.32676350881694
100B,6048,0.002859049000107916,100,112,34.97666531641306
100B,6049,0.0018674940001801588,100,112,53.54769546266436
100B,6050,0.0022717869996995432,100,112,44.018211220165256
100B,6051,0.0020159520008746767,100,112,49.6043556377395
100B,6052,0.0022649469992757076,100,112,44.15114350665969
100B,6053,0.002160881000236259,100,112,46.27742110234971
100B,6054,0.0020429400010471,100,112,48.949063579324616
100B,6055,0.001234641000337433,100,112,80.99520425181858
100B,6056,0.0019841289995383704,100,112,50.39994880537813
100B,6057,0.001966468000318855,100,112,50.85259459283619
100B,6058,0.0017809469991334481,100,112,56.149902298415846
100B,6059,0.0014969250005378854,100,112,66.80361405151716
100B,6060,0.0014734160013176734,100,112,67.86949504455644
100B,6061,0.001654032999795163,100,112,60.45828590625707
100B,6062,0.0014031460013939068,100,112,71.26842103434602
100B,6063,0.0017955610001081368,100,112,55.69290043277702
100B,6064,0.001775112001269008,100,112,56.33447350280495
100B,6065,0.0016686650014889892,100,112,59.92814609928754
100B,6066,0.0018507139993744204,100,112,54.03320017777035
100B,6067,0.0017333600007987116,100,112,57.69142010541445
100B,6068,0.00161211100021319,100,112,62.030468117130724
100B,6069,0.0017798699991544709,100,112,56.18387862456534
100B,6070,0.0012926859999424778,100,112,77.3583066610529
100B,6071,0.0021077689998492133,100,112,47.44352915673105
100B,6072,0.0020154560006631073,100,112,49.61656318326914
100B,6073,0.0015932669994072057,100,112,62.76411928271044
100B,6074,0.0012679550000029849,100,112,78.8671522252482
100B,6075,0.0019750939991354244,100,112,50.63050165904706
100B,6076,0.0019384040006116265,100,112,51.5888328586027
100B,6077,0.0017780799989850493,100,112,56.240439157451455
100B,6078,0.0018474419994163327,100,112,54.12889824502922
100B,6079,0.0022682600010739407,100,112,44.086656711599886
100B,6080,0.0019011929998669075,100,112,52.5985525967119
100B,6081,0.0021623249995172955,100,112,46.246517069507775
100B,6082,0.0019852080004056916,100,112,50.37255540959148
100B,6083,0.0022417780000978382,100,112,44.60744997748916
100B,6084,0.0022663089985144325,100,112,44.12460969159549
100B,6085,0.002239944999018917,100,112,44.64395333090742
100B,6086,0.0019947820001107175,100,112,50.13079123154793
100B,6087,0.002251899999464513,100,112,44.40694525679619
100B,6088,0.002123272000972065,100,112,47.09712177913077
100B,6089,0.0024994359991978854,100,112,40.00902604911341
100B,6090,0.0020858759999100585,100,112,47.94148837433862
100B,6091,0.002299481000591186,100,112,43.48807403683286
100B,6092,0.0022484580003947485,100,112,44.47492458495715
100B,6093,0.0019218699999328237,100,112,52.032655696532736
100B,6094,0.002228397001090343,100,112,44.87530720561485
100B,6095,0.0025350929990963778,100,112,39.44628462768212
100B,6096,0.0019649269997898955,100,112,50.89247590912677
100B,6097,0.001991459999771905,100,112,50.214415560168746
100B,6098,0.0015888030011410592,100,112,62.9404651981279
100B,6099,0.0016607750003458932,100,112,60.21285242081124
100B,6100,0.0017257010003959294,100,112,57.9474659729912
100B,6101,0.0021313429988367716,100,112,46.91877377530376
100B,6102,0.002039191000221763,100,112,49.03905518861399
100B,6103,0.0013873240004613763,100,112,72.081215322984
100B,6104,0.0019704679998540087,100,112,50.74936512920228
100B,6105,0.0024105060001602396,100,112,41.48506578840809
100B,6106,0.002293563999046455,100,112,43.600265805346964
100B,6107,0.0018279720006830757,100,112,54.70543310435392
100B,6108,0.0016900130012800219,100,112,59.17114242568527
100B,6109,0.0024184899993997533,100,112,41.34811391604641
100B,6110,0.001798904000679613,100,112,55.589403304579186
100B,6111,0.0016661940007907106,100,112,60.017020798624834
100B,6112,0.0016001670010155067,100,112,62.49347720365278
100B,6113,0.0015330490004998865,100,112,65.22948709884203
100B,6114,0.0015223950013023568,100,112,65.68597500284316
100B,6115,0.001642559000174515,100,112,60.88061371882253
100B,6116,0.00198193399955926,100,112,50.45576695401455
100B,6117,0.0018604650013003265,100,112,53.75000332180795
100B,6118,0.0015653179998480482,100,112,63.88478252323643
100B,6119,0.0015966219998517772,100,112,62.63223230625879
100B,6120,0.0019277049996162532,100,112,51.875157256897154
100B,6121,0.001925237998875673,100,112,51.94163010412187
100B,6122,0.0011680190000333823,100,112,85.61504564321469
100B,6123,0.0012279429993213853,100,112,81.43700485711824
100B,6124,0.002126293000401347,100,112,47.03020702279722
100B,6125,0.001336854000328458,100,112,74.80248402251146
100B,6126,0.0010550909992161905,100,112,94.77855471640677
100B,6127,0.0012023339986626524,100,112,83.17156473261946
100B,6128,0.0015059500001370907,100,112,66.40326703469353
100B,6129,0.001971755000340636,100,112,50.71624009206226
100B,6130,0.0015237629995681345,100,112,65.62700369305595
100B,6131,0.0017820630000642268,100,112,56.114738926960456
100B,6132,0.001706177999949432,100,112,58.61053184542517
100B,6133,0.002438010998957907,100,112,41.01704218838372
100B,6134,0.002970334999190527,100,112,33.666236309120656
100B,6135,0.0022442730005423073,100,112,44.55785903757517
100B,6136,0.0017861980013549328,100,112,55.98483478547412
100B,6137,0.0015860210005484987,100,112,63.05086752660695
100B,6138,0.0012181440015410772,100,112,82.0921006658406
100B,6139,0.001728103999994346,100,112,57.86688764121094
100B,6140,0.0012328289994911756,100,112,81.11425026607331
100B,6141,0.0013956040002085501,100,112,71.65356360762554
100B,6142,0.0014832569995633094,100,112,67.4191997943993
100B,6143,0.0012422500003594905,100,112,80.4990943618928
100B,6144,0.0012899299999844516,100,112,77.52358655214265
100B,6145,0.0012654959991778014,100,112,79.02039995777976
100B,6146,0.0015335049993154826,100,112,65.21009063852902
100B,6147,0.0015701160009484738,100,112,63.68956175186554
100B,6148,0.001535769000838627,100,112,65.11395916012998
100B,6149,0.001637927000047057,100,112,61.05278195983524
100B,6150,0.0019138650004606461,100,112,52.250289323401134
100B,6151,0.001779958000042825,100,112,56.181100901029154
100B,6152,0.0018529310000303667,100,112,53.968550366074695
100B,6153,0.0022075169999880018,100,112,45.29976439617159
100B,6154,0.002165126999898348,100,112,46.18666711222712
100B,6155,0.001863461000539246,100,112,53.66358618241119
100B,6156,0.0018205209998995997,100,112,54.9293306726563
100B,6157,0.0022700469999108464,100,112,44.051951348992944
100B,6158,0.0014930550005374243,100,112,66.97676908352678
100B,6159,0.0014591630006179912,100,112,68.53243945854408
100B,6160,0.0015192869996099034,100,112,65.82034864095876
100B,6161,0.0022184580011526123,100,112,45.0763548140395
100B,6162,0.0020607360002031783,100,112,48.52635174526989
100B,6163,0.0013820849999319762,100,112,72.35444998312103
100B,6164,0.0013482019985531224,100,112,74.17286141640425
100B,6165,0.001490075999754481,100,112,67.11067087616802
100B,6166,0.0015457499994226964,100,112,64.69351449933546
100B,6167,0.0013519180010916898,100,112,73.96898326618094
100B,6168,0.0015340979989559855,100,112,65.18488393052722
100B,6169,0.0017832800003816374,100,112,56.07644339565247
100B,6170,0.0021041830004833173,100,112,47.52438356218572
100B,6171,0.001820696001232136,100,112,54.924050985077194
100B,6172,0.0025173320009344025,100,112,39.724597297011776
100B,6173,0.0020026490001328057,100,112,49.933862595676274
100B,6174,0.0021724329999415204,100,112,46.031339057495394
100B,6175,0.001766845000020112,100,112,56.59806038382637
100B,6176,0.002143219999197754,100,112,46.65876579979275
100B,6177,0.0021317120008461643,100,112,46.91065207697188
100B,6178,0.0021006449987908127,100,112,47.60442628695599
100B,6179,0.0024184689991670894,100,112,41.3484729531119
100B,6180,0.0019226459990022704,100,112,52.01165479859193
100B,6181,0.0015862829986872384,100,112,63.04045374170756
100B,6182,0.001644505999138346,100,112,60.80853463130929
100B,6183,0.001615678000234766,100,112,61.89352085345564
100B,6184,0.0020198229995003203,100,112,49.509288697444674
100B,6185,0.001805579000574653,100,112,55.38389622839736
100B,6186,0.001809072000469314,100,112,55.27695966443445
100B,6187,0.0017659690001892159,100,112,56.62613556029887
100B,6188,0.002106545000060578,100,112,47.471096035035714
100B,6189,0.0019367320001038024,100,112,51.63337002468092
100B,6190,0.001768214000549051,100,112,56.55424058906266
100B,6191,0.0018285919995832955,100,112,54.6868847850085
100B,6192,0.002197335999881034,100,112,45.509653510166
100B,6193,0.0019504110005073017,100,112,51.271244867871445
100B,6194,0.001498538000305416,100,112,66.73170782430547
100B,6195,0.0013956320017314283,100,112,71.65212597299251
100B,6196,0.0017438050017517526,100,112,57.34586143493352
100B,6197,0.0012709580005321186,100,112,78.6808060991256
100B,6198,0.001641431999814813,100,112,60.92241409408495
100B,6199,0.0016670410004735459,100,112,59.98652700898996
100B,6200,0.002384446001087781,100,112,41.93846283555179
100B,6201,0.001898752998386044,100,112,52.66614461438683
100B,6202,0.0014794999988225754,100,112,67.59040221668307
100B,6203,0.0022272890000749612,100,112,44.897631154571506
100B,6204,0.0014204529998096405,100,112,70.40007660471788
100B,6205,0.0013717500005441252,100,112,72.89958079849352
100B,6206,0.0013197589996707393,100,112,75.77140979902282
100B,6207,0.001676398000199697,100,112,59.651705614112956
100B,6208,0.0018983049994858447,100,112,52.678573794561444
100B,6209,0.0014300989987532375,100,112,69.92522901364181
100B,6210,0.0013547840007959167,100,112,73.81250438538645
100B,6211,0.001885202998892055,100,112,53.04468540458009
100B,6212,0.0015417909999086987,100,112,64.8596340268699
100B,6213,0.0015248010004142998,100,112,65.58232843028648
100B,6214,0.001747111000440782,100,112,57.237347812915615
100B,6215,0.0016140279985847883,100,112,61.956793864593415
100B,6216,0.0014672139986942057,100,112,68.15638351937632
100B,6217,0.0014587269997718977,100,112,68.5529232101943
100B,6218,0.002161174999855575,100,112,46.27112566390167
100B,6219,0.0017538089996378403,100,112,57.0187517686646
100B,6220,0.0024335050002264325,100,112,41.09299138103074
100B,6221,0.001986728000701987,100,112,50.33401651593281
100B,6222,0.002101526999467751,100,112,47.584446940404185
100B,6223,0.0021889149993512547,100,112,45.68473423117744
100B,6224,0.0015214860013657017,100,112,65.72521857594415
100B,6225,0.0015203530001599574,100,112,65.77419848514057
100B,6226,0.001916786000947468,100,112,52.17066482673077
100B,6227,0.0018893609994847793,100,112,52.92794761153087
100B,6228,0.0022067660011089174,100,112,45.31518065338564
100B,6229,0.002047578000201611,100,112,48.838188332827215
100B,6230,0.001648655001190491,100,112,60.65550398827539
100B,6231,0.0020441020005819155,100,112,48.921237771663044
100B,6232,0.0016719470004318282,100,112,59.81050833200582
100B,6233,0.0015255309990607202,100,112,65.55094590773355
100B,6234,0.0021565560000453843,100,112,46.370231052611445
100B,6235,0.0020626629993785173,100,112,48.48101702998993
100B,6236,0.0018687819992919685,100,112,53.51078940073659
100B,6237,0.0013840769988746615,100,112,72.25031561199707
100B,6238,0.0024003039998206077,100,112,41.6613895604364
100B,6239,0.0019976210005552275,100,112,50.05954581585074
100B,6240,0.002203347999966354,100,112,45.385477011133524
100B,6241,0.0015780049998284085,100,112,63.37115535810973
100B,6242,0.0020612330008589197,100,112,48.51465116186759
100B,6243,0.0015950079996400746,100,112,62.69561031829667
100B,6244,0.0016129050000017742,100,112,61.99993180000682
100B,6245,0.0011123360000055982,100,112,89.90089325482293
100B,6246,0.0017910610004037153,100,112,55.83282756838513
100B,6247,0.0014200339992385125,100,112,70.4208491160244
100B,6248,0.002122417001373833,100,112,47.11609449758004
100B,6249,0.001907346000734833,100,112,52.42887235009984
100B,6250,0.0018493330007913755,100,112,54.07354973777438
100B,6251,0.0020364840002002893,100,112,49.104240440958506
100B,6252,0.0015591930005030008,100,112,64.13574199457005
100B,6253,0.0019186289991921512,100,112,52.1205506859875
100B,6254,0.0014625019994127797,100,112,68.37597489791588
100B,6255,0.001299640998695395,100,112,76.94432547171253
100B,6256,0.0017160629995487398,100,112,58.27291890000323
100B,6257,0.0024325340000359574,100,112,41.1093945648948
100B,6258,0.0016770229995017871,100,112,59.62947438986119
100B,6259,0.0014668240000901278,100,112,68.17450491255637
100B,6260,0.0012705919998552417,100,112,78.70347051720219
100B,6261,0.0018808289987646276,100,112,53.16804455146233
100B,6262,0.002465035000568605,100,112,40.56737530174346
100B,6263,0.0012018779998470563,100,112,83.20312046041727
100B,6264,0.001527713000541553,100,112,65.45732082174558
100B,6265,0.0019164309996995144,100,112,52.180328963411384
100B,6266,0.0014569350005331216,100,112,68.63724185595652
100B,6267,0.00223611499859544,100,112,44.72041914785801
100B,6268,0.0024628739993204363,100,112,40.60297036210228
100B,6269,0.002516127000490087,100,112,39.74362183646619
100B,6270,0.0020464879999053665,100,112,48.864200525301975
100B,6271,0.0015246340008161496,100,112,65.58951193956656
100B,6272,0.001993203000893118,100,112,50.1705044369248
100B,6273,0.0015970809999998892,100,112,62.61423183921601
100B,6274,0.0016160230006789789,100,112,61.88030737061575
100B,6275,0.0015464469997823471,100,112,64.66435643386058
100B,6276,0.0014435249995585764,100,112,69.27486536816444
100B,6277,0.0016483279996464262,100,112,60.66753705661158
100B,6278,0.0012633690002985531,100,112,79.15343812961098
100B,6279,0.0014977459995861864,100,112,66.76699522324152
100B,6280,0.001328197000475484,100,112,75.29003601438703
100B,6281,0.0014133549993857741,100,112,70.75363234534757
100B,6282,0.0017166280013043433,100,112,58.253739263263284
100B,6283,0.0012644309990719194,100,112,79.08695695803019
100B,6284,0.0014477170007012319,100,112,69.07427346060238
100B,6285,0.00163310000061756,100,112,61.23323737810593
100B,6286,0.002016266000282485,100,112,49.59663059635469
100B,6287,0.0019858489995385753,100,112,50.35629598385156
100B,6288,0.0021868040003028,100,112,45.728835316815456
100B,6289,0.002143236000847537,100,112,46.65841744000906
100B,6290,0.0018863330005842727,100,112,53.01290915709262
100B,6291,0.0017918270004884107,100,112,55.80895922024967
100B,6292,0.0022549909990630113,100,112,44.346075013847845
100B,6293,0.0019989570009784075,100,112,50.0260885807219
100B,6294,0.0020567829997162335,100,112,48.619616174286065
100B,6295,0.002086336999127525,100,112,47.93089517264877
100B,6296,0.002167054999517859,100,112,46.14557545712899
100B,6297,0.0018064359992422396,100,112,55.35762132837687
100B,6298,0.001981065001018578,100,112,50.47789948769188
100B,6299,0.0019774459997279337,100,112,50.57028106646577
100B,6300,0.001662616999965394,100,112,60.146143099752635
100B,6301,0.0014135449982859427,100,112,70.74412213354331
100B,6302,0.0017413549994671484,100,112,57.426544289131066
100B,6303,0.0019511999998940155,100,112,51.25051250790885
100B,6304,0.001827771999160177,100,112,54.711419173697756
100B,6305,0.0013227460003690794,100,112,75.60030419452977
100B,6306,0.001799863000996993,100,112,55.55978424169355
100B,6307,0.0016230190012720414,100,112,61.613573175437246
100B,6308,0.001535371000500163,100,112,65.13083806286816
100B,6309,0.0016452390009362716,100,112,60.78144266157808
100B,6310,0.0017628559999138815,100,112,56.72613078146211
100B,6311,0.0016708670009393245,100,112,59.84916809284175
100B,6312,0.0014484519997495227,100,112,69.03922257506134
100B,6313,0.0011291110004094662,100,112,88.56525174560828
100B,6314,0.0021601770004053833,100,112,46.292502874178275
100B,6315,0.0012510560009104665,100,112,79.93247298859856
100B,6316,0.001196990999233094,100,112,83.54281700035295
100B,6317,0.0017190380003739847,100,112,58.1720706454683
100B,6318,0.0014843690005363896,100,112,67.36869333963733
100B,6319,0.0016770140009612078,100,112,59.62979435036522
100B,6320,0.0016821429999254178,100,112,59.44797796883723
100B,6321,0.0019181629995728144,100,112,52.13321288246648
100B,6322,0.0024840629994287156,100,112,40.25662796112578
100B,6323,0.001963902001079987,100,112,50.91903768365636
100B,6324,0.0016522280002391199,100,112,60.52433440513502
100B,6325,0.0014732910003658617,100,112,67.87525341237206
100B,6326,0.0013298260000738082,100,112,75.19780782933239
100B,6327,0.0013209109984018141,100,112,75.70532770261674
100B,6328,0.0016985389993351419,100,112,58.87412655178535
100B,6329,0.0015197530010482296,100,112,65.80016616583505
100B,6330,0.0017319910002697725,100,112,57.737020564439504
100B,6331,0.0010470750003150897,100,112,95.50414246344114
100B,6332,0.001358886000161874,100,112,73.5896903699705
100B,6333,0.0011408159989514388,100,112,87.65655468709525
100B,6334,0.0017848660008894512,100,112,56.02661485521437
100B,6335,0.001202899000418256,100,112,83.1324990420886
100B,6336,0.0013381720000325004,100,112,74.72880914977394
100B,6337,0.0015761849990667542,100,112,63.44432922481127
100B,6338,0.001264423000975512,100,112,79.08745722187055
100B,6339,0.001806534999559517,100,112,55.354587663334925
100B,6340,0.0016715760011720704,100,112,59.82378302265785
100B,6341,0.0016636839991406305,100,112,60.107568535644155
100B,6342,0.0018733890010480536,100,112,53.379196709309035
100B,6343,0.002226655999038485,100,112,44.9103947997275
100B,6344,0.0017439790008211276,100,112,57.34013996321999
100B,6345,0.00330130700058362,100,112,30.291033212700775
100B,6346,0.002298760000485345,100,112,43.50171395834566
100B,6347,0.0021488269994733855,100,112,46.537017649399914
100B,6348,0.0020675149989983765,100,112,48.36724282457238
100B,6349,0.0020866249997197883,100,112,47.92427964460742
100B,6350,0.0015248689996951725,100,112,65.57940388321252
100B,6351,0.0019104310013062786,100,112,52.3442092028573
100B,6352,0.0013364970000111498,100,112,74.8224649955561
100B,6353,0.0013442609997582622,100,112,74.39031558453526
100B,6354,0.0016312839998136042,100,112,61.30140429957403
100B,6355,0.001730639000015799,100,112,57.782125561187
100B,6356,0.0012686650006799027,100,112,78.82301470160209
100B,6357,0.0011840229999506846,100,112,84.45781881278073
100B,6358,0.0016961390010692412,100,112,58.95743210725081
100B,6359,0.0012828680009988602,100,112,77.9503424531117
100B,6360,0.0014459150006587151,100,112,69.16035863411268
100B,6361,0.001984997001272859,100,112,50.37790985874338
100B,6362,0.0020955580002919305,100,112,47.719986746283844
100B,6363,0.0019585729987738887,100,112,51.057581240322556
100B,6364,0.0018142610006179893,100,112,55.11886104917491
100B,6365,0.0020005179994768696,100,112,49.987053366253015
100B,6366,0.002085267000438762,100,112,47.95548962265214
100B,6367,0.0017772390001482563,100,112,56.267052428884384
100B,6368,0.001638095000089379,100,112,61.04652049761688
100B,6369,0.0017427759994461667,100,112,57.37972064785079
100B,6370,0.0016369590011890978,100,112,61.08888489409896
100B,6371,0.0021909610004513524,100,112,45.64207212241539
100B,6372,0.0013787190000584815,100,112,72.53109589101062
100B,6373,0.002055267999821808,100,112,48.6554551565392
100B,6374,0.0014254799989430467,100,112,70.15180856563907
100B,6375,0.00203315399994608,100,112,49.184665796418784
100B,6376,0.0023074099990481045,100,112,43.33863511090524
100B,6377,0.002330866000193055,100,112,42.902509192599425
100B,6378,0.0016945709994615754,100,112,59.01198594321129
100B,6379,0.0013737120007135672,100,112,72.79546218425372
100B,6380,0.0015914489995338954,100,112,62.835818194166485
100B,6381,0.0014301809987955494,100,112,69.92121982057981
100B,6382,0.0011554369993973523,100,112,86.5473410079109
100B,6383,0.0011311039997963235,100,112,88.40920023093092
100B,6384,0.0017397720002918504,100,112,57.4787960624868
100B,6385,0.002153155000996776,100,112,46.44347478639775
100B,6386,0.0016885109998838743,100,112,59.223777640108594
100B,6387,0.0019328420003148494,100,112,51.73728632951403
100B,6388,0.002292310999109759,100,112,43.6240981432432
100B,6389,0.0018282500004715985,100,112,54.69711471308898
100B,6390,0.001469654000175069,100,112,68.04322649282602
100B,6391,0.0016879030008567497,100,112,59.24511061905913
100B,6392,0.002425470000162022,100,112,41.229122600287766
100B,6393,0.0014193360002536792,100,112,70.45548057833165
100B,6394,0.001749625000229571,100,112,57.15510465778601
100B,6395,0.0015035310007078806,100,112,66.51010185551132
100B,6396,0.0015410650012199767,100,112,64.89018952531885
100B,6397,0.0017290920004597865,100,112,57.83382259209388
100B,6398,0.0013361900000745663,100,112,74.83965603276441
100B,6399,0.0017865440004243283,100,112,55.97399223094906
100B,6400,0.0018633800009411061,100,112,53.665918894425545
100B,6401,0.0020775570010300726,100,112,48.133456723651406
100B,6402,0.0021475350004038773,100,112,46.56501522964396
100B,6403,0.0019388559994695242,100,112,51.57680613070813
100B,6404,0.0026425420001032762,100,112,37.842350280938504
100B,6405,0.002226065000286326,100,112,44.92231807567954
100B,6406,0.00197765899974911,100,112,50.5648344900138
100B,6407,0.0021056440000393195,100,112,47.491408803260505
100B,6408,0.00263564000124461,100,112,37.94144873836248
100B,6409,0.0019090130008407868,100,112,52.38309008684435
100B,6410,0.002928856998551055,100,112,34.14301212024737
100B,6411,0.001852615001553204,100,112,53.97775572159436
100B,6412,0.0017372259990224848,100,112,57.56303443321062
100B,6413,0.0013346470004762523,100,112,74.92617895542135
100B,6414,0.001555244998598937,100,112,64.29855109007669
100B,6415,0.0014053859995328821,100,112,71.1548286614764
100B,6416,0.0015665490009268979,100,112,63.834581580807146
100B,6417,0.0013975239999126643,100,112,71.55512177697793
100B,6418,0.0014781010013393825,100,112,67.65437538394528
100B,6419,0.001599817998794606,100,112,62.507110230879825
100B,6420,0.0018287019993294962,100,112,54.68359526957676
100B,6421,0.0021440909986267798,100,112,46.63981149309742
100B,6422,0.0014886110002407804,100,112,67.17671707640557
100B,6423,0.001948909999555326,100,112,51.31073267765907
100B,6424,0.0015518360014539212,100,112,64.43979899055674
100B,6425,0.0018222180005977862,100,112,54.87817591923392
100B,6426,0.0027038750013161916,100,112,36.983958190124184
100B,6427,0.002578304000053322,100,112,38.785185919865114
100B,6428,0.0018686549992708024,100,112,53.51442617231249
100B,6429,0.002604874000098789,100,112,38.38957277634447
100B,6430,0.0019621350002125837,100,112,50.964892828049905
100B,6431,0.00249871300002269,100,112,40.02060260585827
100B,6432,0.0023915689998830203,100,112,41.81355420014699
100B,6433,0.0022222040006454336,100,112,45.00036898995558
100B,6434,0.0019057000008615432,100,112,52.4741564542117
100B,6435,0.00180152200118755,100,112,55.50861989699862
100B,6436,0.0017008619997795904,100,112,58.7937175461376
100B,6437,0.0014576320008927723,100,112,68.60442137573261
100B,6438,0.0017737890011630952,100,112,56.37649119169686
100B,6439,0.001433666000593803,100,112,69.75125305237168
100B,6440,0.0016068580007413402,100,112,62.2332526918147
100B,6441,0.001838353000493953,100,112,54.39651686761502
100B,6442,0.002075413998682052,100,112,48.18315770419921
100B,6443,0.0023785030007275054,100,112,42.04325156176524
100B,6444,0.0023795449997123796,100,112,42.02484088852583
100B,6445,0.0015829210005904315,100,112,63.174346643136246
100B,6446,0.0019496309996611672,100,112,51.29175726964709
100B,6447,0.001935582000442082,100,112,51.664047287668645
100B,6448,0.001700893000815995,100,112,58.79264595246467
100B,6449,0.0017787970009521814,100,112,56.21776961984447
100B,6450,0.00201590100004978,100,112,49.605610591755564
100B,6451,0.0023176649992819875,100,112,43.14687413020432
100B,6452,0.0020021580003231065,100,112,49.94610814124664
100B,6453,0.0017455769993830472,100,112,57.28764760038874
100B,6454,0.0014469249999820022,100,112,69.11208252068619
100B,6455,0.0016917009997996502,100,112,59.11210078603908
100B,6456,0.0013456130000122357,100,112,74.31557215863008
100B,6457,0.0013184210001782048,100,112,75.848306410838
100B,6458,0.0019558169988158625,100,112,51.12952799804092
100B,6459,0.0018339020007260842,100,112,54.5285407619424
100B,6460,0.0015578279999317601,100,112,64.19193903587588
100B,6461,0.0014138450005702907,100,112,70.72911101263847
100B,6462,0.0018352239985688357,100,112,54.489261298883996
100B,6463,0.001613276999705704,100,112,61.985635460148586
100B,6464,0.0012870580012531718,100,112,77.69657614702122
100B,6465,0.0012893460007035173,100,112,77.55870026000477
100B,6466,0.0013872549989173422,100,112,72.08480061563532
100B,6467,0.0014920469984645024,100,112,67.02201747191083
100B,6468,0.0017704179990687408,100,112,56.483836050357084
100B,6469,0.0019405859984544804,100,112,51.53082629661448
100B,6470,0.0015976169997884426,100,112,62.593224792451544
100B,6471,0.001851471999543719,100,112,54.011078765784326
100B,6472,0.0017522580001241295,100,112,57.06922153753387
100B,6473,0.0018570249994809274,100,112,53.84957123784108
100B,6474,0.002068472000246402,100,112,48.344865189418925
100B,6475,0.002162034001230495,100,112,46.25274160493601
100B,6476,0.0017159729995910311,100,112,58.27597521862702
100B,6477,0.0019994449994555907,100,112,50.01387886499904
100B,6478,0.0016095099999802187,100,112,62.13071058970061
100B,6479,0.0019123299989587395,100,112,52.292229926032554
100B,6480,0.0013027810000494355,100,112,76.7588719794082
100B,6481,0.0017247149989998434,100,112,57.98059392884603
100B,6482,0.001425218000804307,100,112,70.1647045880462
100B,6483,0.0014720140006829752,100,112,67.93413646446479
100B,6484,0.001347851000900846,100,112,74.19217697888288
100B,6485,0.001305736999711371,100,112,76.58510099821379
100B,6486,0.0015773020004417049,100,112,63.39939971672906
100B,6487,0.001907097001094371,100,112,52.43571771263647
100B,6488,0.0025012829992192565,100,112,39.97948254204491
100B,6489,0.002390859001025092,100,112,41.82597131705573
100B,6490,0.002170919000491267,100,112,46.06344132478943
100B,6491,0.002627758000016911,100,112,38.05525470738038
100B,6492,0.0036955140003556153,100,112,27.059835246295133
100B,6493,0.0034881620013038628,100,112,28.668393257715767
100B,6494,0.002569305001088651,100,112,38.921031157308526
100B,6495,0.0015015589997346979,100,112,66.59744972902726
100B,6496,0.0014645730007032398,100,112,68.27928683103082
100B,6497,0.0024885059992811875,100,112,40.18475343394201
100B,6498,0.0023679650003032293,100,112,42.230353906073155
100B,6499,0.0019453389995760517,100,112,51.40492223812561
100B,6500,0.0019752690004679607,100,112,50.626015988864815
100B,6501,0.0016848830000526505,100,112,59.351302136038605
100B,6502,0.0020214150008541765,100,112,49.47029677614129
100B,6503,0.0018456449997756863,100,112,54.18160047688135
100B,6504,0.0021927409998170333,100,112,45.60502129907007
100B,6505,0.0016600990002189064,100,112,60.237371377739315
100B,6506,0.00201389199901314,100,112,49.65509572956377
100B,6507,0.0013219129996286938,100,112,75.64794356972702
100B,6508,0.0016390459986723727,100,112,61.01110040901842
100B,6509,0.001798643001166056,100,112,55.597469834297435
100B,6510,0.001923730000271462,100,112,51.98234678769306
100B,6511,0.0018184529999416554,100,112,54.991797975096674
100B,6512,0.0015908329987723846,100,112,62.860149416794904
100B,6513,0.0030642330002592644,100,112,32.634594037574495
100B,6514,0.00156639699889638,100,112,63.840776042380035
100B,6515,0.0015997860009520082,100,112,62.5083604560182
100B,6516,0.0015302419997169636,100,112,65.34914086693227
100B,6517,0.0015654849994461983,100,112,63.877967553426394
100B,6518,0.0014308279987744754,100,112,69.88960244393556
100B,6519,0.0019006919992534677,100,112,52.61241697196436
100B,6520,0.0017634310006542364,100,112,56.70763413079378
100B,6521,0.0015868810005486012,100,112,63.01669751256015
100B,6522,0.0013570499995694263,100,112,73.68925244591479
100B,6523,0.001438450999557972,100,112,69.51922591087876
100B,6524,0.0025277000004280126,100,112,39.56165683548962
100B,6525,0.0015778800006955862,100,112,63.37617560011941
100B,6526,0.0017371150006511016,100,112,57.56671260251522
100B,6527,0.002393499000390875,100,112,41.77983779549074
100B,6528,0.0024809229998936644,100,112,40.307579076128576
100B,6529,0.0015897049997875001,100,112,62.90475277700407
100B,6530,0.0019080830006714677,100,112,52.40862161908539
100B,6531,0.0019233549992350163,100,112,51.99248190779831
100B,6532,0.002439968000544468,100,112,40.984144045202825
100B,6533,0.0021575200007646345,100,112,46.34951238670305
100B,6534,0.0018769720009004232,100,112,53.27729979564314
100B,6535,0.0016540500000701286,100,112,60.45766451785628
100B,6536,0.0015695670008426532,100,112,63.711838963429415
100B,6537,0.0019369940000615316,100,112,51.6263860377592
100B,6538,0.0017892169998958707,100,112,55.890369924844116
100B,6539,0.0017434870005672565,100,112,57.35632096337068
100B,6540,0.001882169999589678,100,112,53.130163599356315
100B,6541,0.0020556260005832883,100,112,48.64698148964101
100B,6542,0.0018906179993791739,100,112,52.89275783518257
100B,6543,0.001978137999685714,100,112,50.55259037331469
100B,6544,0.002109822000420536,100,112,47.397363370022546
100B,6545,0.0023105620002752403,100,112,43.27951381009803
100B,6546,0.002148237999790581,100,112,46.54977707765546
100B,6547,0.001952861999598099,100,112,51.20689532623407
100B,6548,0.0017943040002137423,100,112,55.73191610122238
100B,6549,0.0026777999992191326,100,112,37.34408844169123
100B,6550,0.0018116680003004149,100,112,55.19775145524333
100B,6551,0.0020539099987217924,100,112,48.68762509663661
100B,6552,0.001965339999514981,100,112,50.8817812819556
100B,6553,0.0022399560002668295,100,112,44.64373406802979
100B,6554,0.0015129430012166267,100,112,66.09634329884565
100B,6555,0.0014526949998980854,100,112,68.8375743063861
100B,6556,0.0016227979995164787,100,112,61.62196405824726
100B,6557,0.0015595370005030418,100,112,64.12159504246719
100B,6558,0.0017299519986408995,100,112,57.80507209365514
100B,6559,0.0017350250000163214,100,112,57.63605711679042
100B,6560,0.001957075999598601,100,112,51.09663601235217
100B,6561,0.0019733760000235634,100,112,50.67458000847579
100B,6562,0.0014032719991519116,100,112,71.26202194616333
100B,6563,0.0014229219996195752,100,112,70.2779210854393
100B,6564,0.0019424869988142746,100,112,51.48039603922272
100B,6565,0.001720573000056902,100,112,58.12017275447938
100B,6566,0.0018620430000737542,100,112,53.70445258033196
100B,6567,0.0018936780015792465,100,112,52.80728820665619
100B,6568,0.0019935049986088416,100,112,50.16290406584611
100B,6569,0.002575631999206962,100,112,38.825422277246915
100B,6570,0.0019652200007840293,100,112,50.88488818559996
100B,6571,0.0016845539994392311,100,112,59.36289369963139
100B,6572,0.0014273500000854256,100,112,70.05990121134627
100B,6573,0.0020730490014102543,100,112,48.23812651412097
100B,6574,0.0021629990005749278,100,112,46.23210642881475
100B,6575,0.0020979849996365374,100,112,47.66478312157826
100B,6576,0.003545268999005202,100,112,28.206604358670628
100B,6577,0.0026072500004374888,100,112,38.354588161173766
100B,6578,0.001729383999190759,100,112,57.824057610567465
100B,6579,0.0013764180002908688,100,112,72.65234832650233
100B,6580,0.001705321999907028,100,112,58.63995187152449
100B,6581,0.001885920000859187,100,112,53.02451851321478
100B,6582,0.0017329610000160756,100,112,57.70470310588199
100B,6583,0.0018905819997598883,100,112,52.89376499548838
100B,6584,0.002233250999779557,100,112,44.77777016997685
100B,6585,0.0020303659985074773,100,112,49.25220382606389
100B,6586,0.0018154139997932361,100,112,55.08385415744802
100B,6587,0.0022506669993163086,100,112,44.431273053889036
100B,6588,0.0021552529997279635,100,112,46.39826508192867
100B,6589,0.0019403460009925766,100,112,51.53720004001626
100B,6590,0.001999336000153562,100,112,50.01660550918872
100B,6591,0.0019009209991054377,100,112,52.60607886759072
100B,6592,0.001936229000421008,100,112,51.64678350456288
100B,6593,0.0019893749995389953,100,112,50.267043681142745
100B,6594,0.0016684409984009108,100,112,59.93619198751608
100B,6595,0.002030379000643734,100,112,49.25188842491717
100B,6596,0.0020405539999046596,100,112,49.00629927199784
100B,6597,0.0021620819989038864,100,112,46.251714805773844
100B,6598,0.0012557409991131863,100,112,79.63425584624596
100B,6599,0.001544413000374334,100,112,64.74951970474352
100B,6600,0.001776872000846197,100,112,56.27867395759355
100B,6601,0.0020947480006725527,100,112,47.73843916685605
100B,6602,0.0013284209999255836,100,112,75.2773405461084
100B,6603,0.001430636999430135,100,112,69.89893316042641
100B,6604,0.001893108001240762,100,112,52.82318807720373
100B,6605,0.0020416190000105416,100,112,48.98073538671205
100B,6606,0.0018355470001552021,100,112,54.47967281227048
100B,6607,0.00199712600078783,100,112,50.07195337727906
100B,6608,0.0017930470003193477,100,112,55.77098647285301
100B,6609,0.001947077000295394,100,112,51.35903715406676
100B,6610,0.0016694450005161343,100,112,59.90014643733904
100B,6611,0.0017322699986834778,100,112,57.72772147298044
100B,6612,0.0019360650003363844,100,112,51.651158397380954
100B,6613,0.002040246999968076,100,112,49.01367334521982
100B,6614,0.0017975049995584413,100,112,55.63266862933071
100B,6615,0.0017256429982808186,100,112,57.94941369659052
100B,6616,0.0020154080011707265,100,112,49.61774486451934
100B,6617,0.0023068270002113422,100,112,43.3495879798695
100B,6618,0.0017201990012836177,100,112,58.132809009527215
100B,6619,0.0016896170000109123,100,112,59.18501056710139
100B,6620,0.0014640219997090753,100,112,68.30498450151133
100B,6621,0.002004734998990898,100,112,49.88190461598961
100B,6622,0.0018010099993261974,100,112,55.52440021843992
100B,6623,0.002196265000748099,100,112,45.531846095957306
100B,6624,0.0017096920000767568,100,112,58.490067214159325
100B,6625,0.00219334999928833,100,112,45.592358735471635
100B,6626,0.0027872079990629572,100,112,35.87819783583407
100B,6627,0.0023178329993243096,100,112,43.143746779492666
100B,6628,0.0024180959990189876,100,112,41.3548511062297
100B,6629,0.0021444600006361725,100,112,46.63178607683712
100B,6630,0.002098042999932659,100,112,47.66346543098007
100B,6631,0.0016779540001152782,100,112,59.59638940824947
100B,6632,0.0016103810012282338,100,112,62.09710616539206
100B,6633,0.0018224840005132137,100,112,54.87016619725599
100B,6634,0.0027335199993103743,100,112,36.58286752071633
100B,6635,0.002033025999480742,100,112,49.18776249076064
100B,6636,0.0016948000011325348,100,112,59.00401223340565
100B,6637,0.0018976599985762732,100,112,52.696478860820896
100B,6638,0.0020842850008193636,100,112,47.97808359254541
100B,6639,0.001747717000398552,100,112,57.21750144742876
100B,6640,0.0016596599998592865,100,112,60.25330489888197
100B,6641,0.002030949999607401,100,112,49.23804132023477
100B,6642,0.0028697350007860223,100,112,34.8464230922402
100B,6643,0.0017100770000979537,100,112,58.47689899008756
100B,6644,0.0018000969994318439,100,112,55.55256190725418
100B,6645,0.002230766998764011,100,112,44.82763105936499
100B,6646,0.002425849001156166,100,112,41.2226811942292
100B,6647,0.002006067001275369,100,112,49.8487836829101
100B,6648,0.0015967300005286233,100,112,62.62799594602305
100B,6649,0.002148428000509739,100,112,46.545660350858334
100B,6650,0.0028869769994344097,100,112,34.638308521194
100B,6651,0.0020020909996674163,100,112,49.94777960472916
100B,6652,0.0019014289991901023,100,112,52.592024231561716
100B,6653,0.0022586510003748117,100,112,44.27421499975229
100B,6654,0.002370107999013271,100,112,42.19217016339856
100B,6655,0.0019503510011418257,100,112,51.272822144042465
100B,6656,0.001980910999918706,100,112,50.48182376901531
100B,6657,0.0020123169997532386,100,112,49.69395975498023
100B,6658,0.0024224729986599414,100,112,41.28012987361172
100B,6659,0.0016635230003885226,100,112,60.1133858543853
100B,6660,0.0013841630006936612,100,112,72.24582650301004
100B,6661,0.0019388599994272226,100,112,51.57669972537572
100B,6662,0.0014993309996498283,100,112,66.69641328256083
100B,6663,0.0018985660008183913,100,112,52.67133191940351
100B,6664,0.0017607070003577974,100,112,56.79536684961142
100B,6665,0.0022040230014681583,100,112,45.371577308125794
100B,6666,0.002143384001101367,100,112,46.655195685241424
100B,6667,0.0025319420001324033,100,112,39.49537548441894
100B,6668,0.0016144040000654059,100,112,61.9423638667574
100B,6669,0.0017944870014616754,100,112,55.72623257707988
100B,6670,0.002125732000422431,100,112,47.04261872151698
100B,6671,0.0017866279995359946,100,112,55.97136058875771
100B,6672,0.0022918380000191974,100,112,43.63310146666665
100B,6673,0.0022813460000179475,100,112,43.83377181681924
100B,6674,0.0018093229991791304,100,112,55.26929135669467
100B,6675,0.0017148030001408188,100,112,58.315736555037546
100B,6676,0.0018999639996764017,100,112,52.632576205144844
100B,6677,0.0016281469997920794,100,112,61.41951556755648
100B,6678,0.0020473980002861936,100,112,48.84248201181285
100B,6679,0.0016474879994348157,100,112,60.69846944821803
100B,6680,0.0015071990001160884,100,112,66.34823934483617
100B,6681,0.0017932320006366353,100,112,55.76523281120228
100B,6682,0.001855725999121205,100,112,53.88726571021577
100B,6683,0.0025411770002392586,100,112,39.351843649846
100B,6684,0.0017596779998712009,100,112,56.828578869156445
100B,6685,0.0019899489998351783,100,112,50.25254416484177
100B,6686,0.002537587999540847,100,112,39.40750035785718
100B,6687,0.0021456229987961706,100,112,46.60651011669165
100B,6688,0.002024007000727579,100,112,49.40694373292807
100B,6689,0.00206196299950534,100,112,48.49747547554915
100B,6690,0.002249297000162187,100,112,44.458335201082576
100B,6691,0.002229315001386567,100,112,44.8568281906339
100B,6692,0.0018261619989061728,100,112,54.759654433668864
100B,6693,0.0016522530004294822,100,112,60.52341861325492
100B,6694,0.001999135000005481,100,112,50.0216343567222
100B,6695,0.0024878269996406743,100,112,40.19572101052177
100B,6696,0.0017865259997051908,100,112,55.97455621496794
100B,6697,0.0021375519991124747,100,112,46.78248765013466
100B,6698,0.002330259001610102,100,112,42.91368467234955
100B,6699,0.002487773999746423,100,112,40.196577345929704
100B,6700,0.0028261720017326297,100,112,35.383550590230676
100B,6701,0.002067323999654036,100,112,48.37171145729207
100B,6702,0.00197886599926278,100,112,50.53399271969637
100B,6703,0.0019441129988990724,100,112,51.437339319591395
100B,6704,0.0019238669992773794,100,112,51.978645112973425
100B,6705,0.0012561160001496319,100,112,79.61048182499684
100B,6706,0.0015013320007710718,100,112,66.60751915541721
100B,6707,0.0019611250008892966,100,112,50.99114026625215
100B,6708,0.0020102939997741487,100,112,49.74396780333361
100B,6709,0.0018217580000055023,100,112,54.89203286040076
100B,6710,0.002100394000080996,100,112,47.61011505276808
100B,6711,0.0019031729989364976,100,112,52.54383077937765
100B,6712,0.002423691999865696,100,112,41.259367941776965
100B,6713,0.0020838330001424765,100,112,47.98849043717168
100B,6714,0.0018996559992956463,100,112,52.64110977833774
100B,6715,0.002030305000516819,100,112,49.25368354732159
100B,6716,0.002266239000164205,100,112,44.125972588396145
100B,6717,0.002035703999354155,100,112,49.12305523382864
100B,6718,0.0025749100004759384,100,112,38.836308834684054
100B,6719,0.0016591820003668545,100,112,60.27066348229998
100B,6720,0.002163442000892246,100,112,46.22263964495375
100B,6721,0.0017281339987675892,100,112,57.86588312672197
100B,6722,0.0018882910007960163,100,112,52.95793919361191
100B,6723,0.0018129480013158172,100,112,55.15878002425945
100B,6724,0.0020051740011695074,100,112,49.87098373591295
100B,6725,0.0021232300005067373,100,112,47.098053426210846
100B,6726,0.0016146739999385318,100,112,61.9320060915125
100B,6727,0.00183537900011288,100,112,54.484659568323366
100B,6728,0.0021987809996062424,100,112,45.47974537614614
100B,6729,0.002176739000788075,100,112,45.940280375274945
100B,6730,0.0026765719994727988,100,112,37.361221749198926
100B,6731,0.0018168149999837624,100,112,55.04137735591887
100B,6732,0.002111465999405482,100,112,47.36045952345747
100B,6733,0.0017884730004880112,100,112,55.913620151220364
100B,6734,0.0012883880008303095,100,112,77.61637017385631
100B,6735,0.001396966999891447,100,112,71.58365230371986
100B,6736,0.002006681001148536,100,112,49.833531060873355
100B,6737,0.0017111460001615342,100,112,58.4403668597302
100B,6738,0.001979122000193456,100,112,50.52745610943901
100B,6739,0.001964700999451452,100,112,50.89833009089942
100B,6740,0.0016968759991868865,100,112,58.93182533545071
100B,6741,0.0017910039987327764,100,112,55.83460454066821
100B,6742,0.0019521630001690937,100,112,51.225230675583
100B,6743,0.0019247549989813706,100,112,51.954664387375296
100B,6744,0.0015147540016187122,100,112,66.01732023360688
100B,6745,0.001485802000388503,100,112,67.30371878208018
100B,6746,0.0012180690009699902,100,112,82.09715535028522
100B,6747,0.00222704499901738,100,112,44.902550260152864
100B,6748,0.001812538001104258,100,112,55.171257065549355
100B,6749,0.001881234000393306,100,112,53.156598264273974
100B,6750,0.0020442839995666873,100,112,48.916882400486585
100B,6751,0.002134980999471736,100,112,46.83882433836332
100B,6752,0.0018894679997174535,100,112,52.924950311385935
100B,6753,0.0017075889991247095,100,112,58.56210133191233
100B,6754,0.0014907139993738383,100,112,67.08194867828715
100B,6755,0.002041351999650942,100,112,48.98714186338238
100B,6756,0.002138825999281835,100,112,46.75462147625732
100B,6757,0.0020019669991597766,100,112,49.95087333705795
100B,6758,0.0020912720010528574,100,112,47.817787427773474
100B,6759,0.0024100059999909718,100,112,41.493672630016114
100B,6760,0.0016505029998370446,100,112,60.58759057685631
100B,6761,0.001508624000052805,100,112,66.2855688339174
100B,6762,0.0015484370014746673,100,112,64.58125187189673
100B,6763,0.0017254790000151843,100,112,57.95492150244657
100B,6764,0.0019617519992607413,100,112,50.97484291474335
100B,6765,0.0017688019997876836,100,112,56.53544037829186
100B,6766,0.001974117998543079,100,112,50.65553329324848
100B,6767,0.0018264850004925393,100,112,54.74997055712666
100B,6768,0.0020101469999644905,100,112,49.747605524255945
100B,6769,0.0024616720002086367,100,112,40.62279620986248
100B,6770,0.0017913030005729524,100,112,55.82528470505256
100B,6771,0.0015791109999554465,100,112,63.326770570796754
100B,6772,0.001442701000996749,100,112,69.31443170200265
100B,6773,0.001260652999917511,100,112,79.32396940834897
100B,6774,0.0018633899999258574,100,112,53.66563092212522
100B,6775,0.002118106000125408,100,112,47.21199033196602
100B,6776,0.0018827879994205432,100,112,53.11272433793743
100B,6777,0.0016695989997970173,100,112,59.894621410385106
100B,6778,0.0017378080010530539,100,112,57.54375623739983
100B,6779,0.0022034739995433483,100,112,45.382881767937434
100B,6780,0.0017081819987652125,100,112,58.54177135240077
100B,6781,0.0015537870003754506,100,112,64.35888572618796
100B,6782,0.0018362270002398873,100,112,54.45949764758707
100B,6783,0.0024627140010125004,100,112,40.60560826749952
100B,6784,0.0022631300016655587,100,112,44.186591104534266
100B,6785,0.0019602960001066094,100,112,51.01270420108063
100B,6786,0.001641412000026321,100,112,60.92315640338711
100B,6787,0.0020994039987272117,100,112,47.632566223855044
100B,6788,0.0023885010014055297,100,112,41.867263166795546
100B,6789,0.0023452459990949137,100,112,42.63945020632905
100B,6790,0.0016886070006876253,100,112,59.22041064574442
100B,6791,0.0020394840012158966,100,112,49.03201002821407
100B,6792,0.0028224699999555014,100,112,35.4299602835731
100B,6793,0.002326342000742443,100,112,42.98594100441182
100B,6794,0.0018374629999016179,100,112,54.422864572159675
100B,6795,0.0019704149999597576,100,112,50.75073017716691
100B,6796,0.0018515350002417108,100,112,54.00924097408117
100B,6797,0.002059598000414553,100,112,48.55316424849516
100B,6798,0.001961869000297156,100,112,50.971802900628646
100B,6799,0.0016444040011265315,100,112,60.812306423174
100B,6800,0.0019141079992550658,100,112,52.24365607317773
100B,6801,0.0020297470000514295,100,112,49.267223943410784
100B,6802,0.0018371810001553968,100,112,54.43121825859377
100B,6803,0.0016723699991416652,100,112,59.795380239614715
100B,6804,0.0019750979990931228,100,112,50.63039912243117
100B,6805,0.0022857029998704093,100,112,43.75021601917205
100B,6806,0.001905025999803911,100,112,52.49272188951397
100B,6807,0.002066675999230938,100,112,48.38687827081386
100B,6808,0.0022772749998694053,100,112,43.91213182673796
100B,6809,0.0019849060008709785,100,112,50.380219494585596
100B,6810,0.002177072999984375,100,112,45.933232372418246
100B,6811,0.0016539580010430655,100,112,60.46102738820163
100B,6812,0.0024915609992604004,100,112,40.13548134269408
100B,6813,0.0019968300002801698,100,112,50.0793758036334
100B,6814,0.001906773000882822,100,112,52.444627626728895
100B,6815,0.0014817339997534873,100,112,67.48849659698487
100B,6816,0.0019523659993865294,100,112,51.21990448072846
100B,6817,0.002231663998827571,100,112,44.809612940181
100B,6818,0.002047743999355589,100,112,48.83422929402763
100B,6819,0.0014277440004661912,100,112,70.04056747382424
100B,6820,0.002063048999843886,100,112,48.47194613776364
100B,6821,0.002162663999115466,100,112,46.239267884840274
100B,6822,0.001886396999907447,100,112,53.01111060127128
100B,6823,0.0016258140003628796,100,112,61.507650922971585
100B,6824,0.002112578000378562,100,112,47.335530324598935
100B,6825,0.0015209080011118203,100,112,65.75019654502283
100B,6826,0.0012698859991360223,100,112,78.74722618253594
100B,6827,0.0015640170004189713,100,112,63.9379239312692
100B,6828,0.0014784720005991403,100,112,67.6373985841299
100B,6829,0.0014365480001288233,100,112,69.6113182372134
100B,6830,0.0017214159997820389,100,112,58.091710552627454
100B,6831,0.0016675669994583586,100,112,59.967605518987206
100B,6832,0.005069975999504095,100,112,19.723959247495692
100B,6833,0.0016534550013602711,100,112,60.479420315479764
100B,6834,0.0015190430003713118,100,112,65.83092116257157
100B,6835,0.0018795520009007305,100,112,53.20416777619209
100B,6836,0.0016304979999404168,100,112,61.33095532999997
100B,6837,0.0014541769996867515,100,112,68.76741966180272
100B,6838,0.0016690430002199719,100,112,59.91457379277855
100B,6839,0.0024303139998664847,100,112,41.14694644621796
100B,6840,0.0028995550001127413,100,112,34.488050751274514
100B,6841,0.0027608590007730527,100,112,36.22061103881059
100B,6842,0.0018239399996673455,100,112,54.826364912353604
100B,6843,0.0013386110003921203,100,112,74.70430167592149
100B,6844,0.0016027189994929358,100,112,62.393969268248355
100B,6845,0.0017324029995506862,100,112,57.72328957288568
100B,6846,0.001532627000415232,100,112,65.24744766528788
100B,6847,0.0021630480005114805,100,112,46.23105912414043
100B,6848,0.001986552999369451,100,112,50.33845058840155
100B,6849,0.0019179690007149475,100,112,52.13848605619993
100B,6850,0.001792520000890363,100,112,55.787383097722184
100B,6851,0.0020598190003511263,100,112,48.547954933396355
100B,6852,0.0019006870006705867,100,112,52.61255533642242
100B,6853,0.002021565000177361,100,112,49.46662609969333
100B,6854,0.0017853459994512377,100,112,56.01155183966415
100B,6855,0.0021503509997273795,100,112,46.50403585864724
100B,6856,0.0017823529997258447,100,112,56.10560871801582
100B,6857,0.0022339690003718715,100,112,44.76337853540214
100B,6858,0.00155413500033319,100,112,64.34447456531194
100B,6859,0.002016290998653858,100,112,49.59601568759831
100B,6860,0.0020000740005343687,100,112,49.99815005508924
100B,6861,0.0018884499986597802,100,112,52.95348040507787
100B,6862,0.0016003540004021488,100,112,62.48617491809391
100B,6863,0.0021826810007041786,100,112,45.81521530985879
100B,6864,0.0019138689985993551,100,112,52.25018017073476
100B,6865,0.002062936000584159,100,112,48.47460123420364
100B,6866,0.001997531000597519,100,112,50.06180127872214
100B,6867,0.001843480999013991,100,112,54.24520244769881
100B,6868,0.0021664680007233983,100,112,46.15807847916947
100B,6869,0.0019704139995155856,100,112,50.75075594498638
100B,6870,0.0016539949992875336,100,112,60.459674934371314
100B,6871,0.0016601829993305728,100,112,60.23432358982263
100B,6872,0.0019037740003113868,100,112,52.527243246122545
100B,6873,0.001436101001672796,100,112,69.63298534261742
100B,6874,0.001668332999543054,100,112,59.940071932515494
100B,6875,0.0014334240004245657,100,112,69.76302892262234
100B,6876,0.0016853739998623496,100,112,59.33401132814873
100B,6877,0.0017356019998260308,100,112,57.61689604530507
100B,6878,0.0020060810002178187,100,112,49.84843582544377
100B,6879,0.0025349070001539076,100,112,39.449179001016006
100B,6880,0.0020546509986161254,100,112,48.67006614133168
100B,6881,0.0014812989993515657,100,112,67.50831536629317
100B,6882,0.0021058060010545887,100,112,47.48775525851857
100B,6883,0.002381678999881842,100,112,41.9871863525526
100B,6884,0.0023782179996487685,100,112,42.04828994430649
100B,6885,0.001844761998654576,100,112,54.2075346700182
100B,6886,0.00208727500103123,100,112,47.90935547572525
100B,6887,0.0018284790003235685,100,112,54.69026441228144
100B,6888,0.0019620889997895574,100,112,50.96608768038831
100B,6889,0.0016870389990799595,100,112,59.275452467035926
100B,6890,0.0023510490009357454,100,112,42.534204927331935
100B,6891,0.0021497359994100407,100,112,46.5173398163511
100B,6892,0.001801615000658785,100,112,55.50575453880748
100B,6893,0.0019953040009568213,100,112,50.11767627992844
100B,6894,0.002013107001403114,100,112,49.674458402012945
100B,6895,0.0020560490011121146,100,112,48.636973119760334
100B,6896,0.001969841001482564,100,112,50.76551860009862
100B,6897,0.0018492500003048917,100,112,54.07597673841432
100B,6898,0.0020787150006071897,100,112,48.106642791719956
100B,6899,0.001724597999782418,100,112,57.98452741602182
100B,6900,0.0018214660012745298,100,112,54.90083258761199
100B,6901,0.0020515689993771957,100,112,48.74318145300376
100B,6902,0.00200274200142303,100,112,49.931543817898614
100B,6903,0.002097685000990168,100,112,47.671599860225484
100B,6904,0.0021205899993219646,100,112,47.15668754071928
100B,6905,0.0017957089985429775,100,112,55.68831034490506
100B,6906,0.0022195599995029625,100,112,45.05397467173382
100B,6907,0.001788138000847539,100,112,55.92409531736485
100B,6908,0.001276849001442315,100,112,78.31779629935964
100B,6909,0.0014520519998768577,100,112,68.86805707266721
100B,6910,0.0020613199994841125,100,112,48.5126035865499
100B,6911,0.001477323001381592,100,112,67.69000408609358
100B,6912,0.0011395069996069651,100,112,87.75724943724933
100B,6913,0.0017026440000336152,100,112,58.73218359094779
100B,6914,0.0018783740015351214,100,112,53.23753412167861
100B,6915,0.0017214109993801685,100,112,58.09187929902108
100B,6916,0.0019041470004594885,100,112,52.51695377293301
100B,6917,0.0022784150005463744,100,112,43.89016047384675
100B,6918,0.002085406998958206,100,112,47.95227025226078
100B,6919,0.0017768179986887844,100,112,56.28038441404562
100B,6920,0.0014694170004077023,100,112,68.05420106903223
100B,6921,0.0018631240000104299,100,112,53.67329281327501
100B,6922,0.0016912219998630462,100,112,59.12884293611242
100B,6923,0.0017860629995993804,100,112,55.98906646766117
100B,6924,0.0016046279997681268,100,112,62.319740160616846
100B,6925,0.001554632999614114,100,112,64.32386294696026
100B,6926,0.0017524849990877556,100,112,57.06182937489013
100B,6927,0.0009673749991634395,100,112,103.3725288398784
100B,6928,0.0011198579995834734,100,112,89.29703590740486
100B,6929,0.0018660140012798365,100,112,53.59016595342444
100B,6930,0.0020887760001642164,100,112,47.8749277050953
100B,6931,0.0020403099988470785,100,112,49.01215994457076
100B,6932,0.0020653169995057397,100,112,48.41871733197928
100B,6933,0.0015363969996542437,100,112,65.08734397587627
100B,6934,0.001575750000483822,100,112,63.46184354707013
100B,6935,0.0017357520009682048,100,112,57.611916877652945
100B,6936,0.0016433620003226679,100,112,60.850865469911916
100B,6937,0.002380382999035646,100,112,42.01004629948733
100B,6938,0.0022764260011172155,100,112,43.92850896577459
100B,6939,0.0018932940001832321,100,112,52.81799867866378
100B,6940,0.001780338998287334,100,112,56.169077965600295
100B,6941,0.0023978940007509664,100,112,41.703261265377975
100B,6942,0.0020930150003550807,100,112,47.77796622720571
100B,6943,0.0019216729997424409,100,112,52.03798982105845
100B,6944,0.001606883999556885,100,112,62.232245779767574
100B,6945,0.002431446000628057,100,112,41.12778979017811
100B,6946,0.0027709540008800104,100,112,36.088653932270844
100B,6947,0.0017932929986272939,100,112,55.76333598388366
100B,6948,0.0019102420010312926,100,112,52.34938816443805
100B,6949,0.001654645999224158,100,112,60.43588782548576
100B,6950,0.001947730999745545,100,112,51.34179207142269
100B,6951,0.0013843350006936816,100,112,72.23685014818712
100B,6952,0.0018726090002019191,100,112,53.40143083217972
100B,6953,0.0021804009993502405,100,112,45.86312335657524
100B,6954,0.0019020809995708987,100,112,52.57399659770513
100B,6955,0.0012867820005340036,100,112,77.713241216073
100B,6956,0.0013832219992764294,100,112,72.29497510328098
100B,6957,0.0014702590015076566,100,112,68.01522717933125
100B,6958,0.0012218350002513034,100,112,81.8441115039529
100B,6959,0.0012824269997508964,100,112,77.97714803214872
100B,6960,0.0019192930012650322,100,112,52.102518966144636
100B,6961,0.0015328270001191413,100,112,65.23893432998463
100B,6962,0.0011919350017706165,100,112,83.89719225582792
100B,6963,0.0015882500010775402,100,112,62.96237993524666
100B,6964,0.0017670010001893388,100,112,56.59306360850093
100B,6965,0.001888304999738466,100,112,52.95754659011664
100B,6966,0.0013192629994591698,100,112,75.79989739801304
100B,6967,0.001877987999250763,100,112,53.24847658232945
100B,6968,0.0014467620003415504,100,112,69.11986904300228
100B,6969,0.001847851999627892,100,112,54.116888159948594
100B,6970,0.001676723000855418,100,112,59.64014327290957
100B,6971,0.0015186460004770197,100,112,65.84813048504336
100B,6972,0.0013495109997165855,100,112,74.10091508776236
100B,6973,0.0014074659993639216,100,112,71.04967370095844
100B,6974,0.001573735000420129,100,112,63.543099678982614
100B,6975,0.0015231510005833115,100,112,65.65337249012319
100B,6976,0.0014009930000611348,100,112,71.377944069411
100B,6977,0.0012529359992186073,100,112,79.81253636447906
100B,6978,0.0015074069997353945,100,112,66.33908428019353
100B,6979,0.0013108340008329833,100,112,76.28731016776644
100B,6980,0.0015635790005035233,100,112,63.95583463822215
100B,6981,0.0016752259998611407,100,112,59.69343838281461
100B,6982,0.0017128180006693583,100,112,58.383319162293155
100B,6983,0.0024362129988730885,100,112,41.04731402642408
100B,6984,0.0020810819987673312,100,112,48.0519268626763
100B,6985,0.0021115500003361376,100,112,47.35857544651134
100B,6986,0.0021919829996477347,100,112,45.62079177442098
100B,6987,0.0023688589990342734,100,112,42.21441632480767
100B,6988,0.0019944439991377294,100,112,50.139286960793896
100B,6989,0.0020253190014045686,100,112,49.37493793849241
100B,6990,0.0018852459998015547,100,112,53.04347549896737
100B,6991,0.0015919510005915072,100,112,62.81600373556968
100B,6992,0.002131072000338463,100,112,46.92474021718539
100B,6993,0.002297910001288983,100,112,43.51780528563185
100B,6994,0.0015005479999672389,100,112,66.64232000721289
100B,6995,0.0014321110011223936,100,112,69.82698961297457
100B,6996,0.0017008189988700906,100,112,58.79520399668234
100B,6997,0.002395064000666025,100,112,41.75253770763193
100B,6998,0.0016162210013135336,100,112,61.87272651371817
100B,6999,0.0019170800005667843,100,112,52.162664036156556
100B,7000,0.0016030509996198816,100,112,62.38104715552542
100B,7001,0.002320460000191815,100,112,43.09490359313832
100B,7002,0.0012705680001090514,100,112,78.70495714626617
100B,7003,0.002107991998855141,100,112,47.43851022883882
100B,7004,0.0016622650000499561,100,112,60.15887959921835
100B,7005,0.0021346710000216262,100,112,46.8456263278917
100B,7006,0.0015808389998710481,100,112,63.25754868658806
100B,7007,0.0018914510001195595,100,112,52.869463704679085
100B,7008,0.0016615870008536149,100,112,60.183427018041506
100B,7009,0.0019618620008259313,100,112,50.97198475626759
100B,7010,0.0017934050010808278,100,112,55.759853429500424
100B,7011,0.001384567000059178,100,112,72.224746072762
100B,7012,0.001809090999813634,100,112,55.27637913753462
100B,7013,0.00210923199847457,100,112,47.41062153064318
100B,7014,0.0021339319991966477,100,112,46.86184941115582
100B,7015,0.0025010879999172175,100,112,39.98259957398934
100B,7016,0.0017863249995571095,100,112,55.98085456162422
100B,7017,0.0018974489994434407,100,112,52.7023387871463
100B,7018,0.0021712740017392207,100,112,46.05590999565168
100B,7019,0.002317589000085718,100,112,43.148289017725496
100B,7020,0.0018849770003726007,100,112,53.05104517468019
100B,7021,0.002085440999508137,100,112,47.9514884494865
100B,7022,0.002580570000645821,100,112,38.751128616923275
100B,7023,0.0020665479987656,100,112,48.38987531851787
100B,7024,0.0018979199994646478,100,112,52.68925983614026
100B,7025,0.0017712980006763246,100,112,56.455774218577325
100B,7026,0.002086102000248502,100,112,47.93629457624207
100B,7027,0.0016665379989717621,100,112,60.00463239464028
100B,7028,0.0020924149994243635,100,112,47.79166658024849
100B,7029,0.0022956029988563387,100,112,43.56153919027796
100B,7030,0.0018554519992903806,100,112,53.89522339475508
100B,7031,0.0022948850000830134,100,112,43.575168253042165
100B,7032,0.0016882110012375051,100,112,59.23430182998289
100B,7033,0.002235634001408471,100,112,44.73004075667083
100B,7034,0.002178471000661375,100,112,45.90375541819947
100B,7035,0.002117747999363928,100,112,47.21997141776798
100B,7036,0.0018886549987655599,100,112,52.94773268032584
100B,7037,0.0021396899992396357,100,112,46.735742110088935
100B,7038,0.0020048189999215538,100,112,49.87981458870495
100B,7039,0.0019681699995999224,100,112,50.80861918448477
100B,7040,0.00197494900021411,100,112,50.634218903454574
100B,7041,0.00217405500006862,100,112,45.99699639468353
100B,7042,0.0023113009992812295,100,112,43.26567592498688
100B,7043,0.001981383000384085,100,112,50.46979810597715
100B,7044,0.0020421099998202408,100,112,48.96895858146849
100B,7045,0.0018272070010425523,100,112,54.7283367144187
100B,7046,0.0021676870001101634,100,112,46.132121470912516
100B,7047,0.0017357390006509377,100,112,57.612348378700915
100B,7048,0.0014458260011451785,100,112,69.16461588102176
100B,7049,0.0021640659997501643,100,112,46.209311551285744
100B,7050,0.002334081000299193,100,112,42.84341459751463
100B,7051,0.0022849429988127667,100,112,43.76476789659917
100B,7052,0.002036431000306038,100,112,49.10551842167588
100B,7053,0.0017670390006969683,100,112,56.59184656397356
100B,7054,0.0027485600003274158,100,112,36.38268765756896
100B,7055,0.001599737999640638,100,112,62.510236065195556
100B,7056,0.0018600000003061723,100,112,53.76344085136512
100B,7057,0.0018337129986321088,100,112,54.53416105715387
100B,7058,0.002671858999747201,100,112,37.42712471334061
100B,7059,0.0019009919997188263,100,112,52.60411407033322
100B,7060,0.0022630540006502997,100,112,44.18807503986405
100B,7061,0.0020924279997416306,100,112,47.79136964920553
100B,7062,0.0018518439992476488,100,112,54.00022898290955
100B,7063,0.0021005670005251886,100,112,47.606193934779405
100B,7064,0.00225978100024804,100,112,44.2520757493862
100B,7065,0.0014333880008052802,100,112,69.76478102497008
100B,7066,0.0024831390001054388,100,112,40.2716078301512
100B,7067,0.002487703000952024,100,112,40.197724552219775
100B,7068,0.002097344999128836,100,112,47.67932793199808
100B,7069,0.001720433001537458,100,112,58.12490222556496
100B,7070,0.0021871310000278754,100,112,45.72199836165529
100B,7071,0.0021485239994945005,100,112,46.543580627224905
100B,7072,0.0021122749985806877,100,112,47.3423205156495
100B,7073,0.0015155190012592357,100,112,65.98399618672588
100B,7074,0.0024591130004409933,100,112,40.665069064360594
100B,7075,0.0019945120002375916,100,112,50.137577506722316
100B,7076,0.001227513999765506,100,112,81.46546598988131
100B,7077,0.0013565450008172775,100,112,73.71668462141176
100B,7078,0.001937683999130968,100,112,51.608002153524
100B,7079,0.002449652998620877,100,112,40.82210829709298
100B,7080,0.0017811470006563468,100,112,56.14359733539698
100B,7081,0.0015724320001027081,100,112,63.59575485201789
100B,7082,0.0018886760008172132,100,112,52.947143902252634
100B,7083,0.0019071949991484871,100,112,52.43302339018684
100B,7084,0.0024409819998254534,100,112,40.967118973900945
100B,7085,0.001600825000423356,100,112,62.46779002923735
100B,7086,0.001709210999251809,100,112,58.50652730632675
100B,7087,0.0019376830005057855,100,112,51.60802875077988
100B,7088,0.0029023589995631482,100,112,34.454731483958945
100B,7089,0.0015333400006056763,100,112,65.21710772594437
100B,7090,0.0020137570008955663,100,112,49.65842450480747
100B,7091,0.002245336001578835,100,112,44.53676417680196
100B,7092,0.0018838769992726156,100,112,53.082021829774995
100B,7093,0.0020069359998160508,100,112,49.82719927748851
100B,7094,0.0020942350001860177,100,112,47.75013309925468
100B,7095,0.0014515069997287355,100,112,68.89391509561337
100B,7096,0.0014478800003416836,100,112,69.0664972072279
100B,7097,0.001073105000614305,100,112,93.18752586443492
100B,7098,0.0020532170001388295,100,112,48.70405806752937
100B,7099,0.0017837930008681724,100,112,56.06031638835335
100B,7100,0.00164027099890518,100,112,60.965535613777405
100B,7101,0.0013188489992899122,100,112,75.82369175989174
100B,7102,0.0014593369996873662,100,112,68.52426822688865
100B,7103,0.0016743720007070806,100,112,59.72388451178734
100B,7104,0.0014561779989890056,100,112,68.6729232754704
100B,7105,0.002107616999637685,100,112,47.446950758696076
100B,7106,0.0013746929998887936,100,112,72.74351437600215
100B,7107,0.0015610230002494063,100,112,64.06055515134811
100B,7108,0.001507748000221909,100,112,66.32408067215616
100B,7109,0.0019566890005080495,100,112,51.10674203924857
100B,7110,0.0013973010009067366,100,112,71.56654145034462
100B,7111,0.0015535200000158511,100,112,64.36994695850692
100B,7112,0.0016082409983937396,100,112,62.17973556194429
100B,7113,0.001869886000349652,100,112,53.47919604794137
100B,7114,0.001706311999441823,100,112,58.60592906380104
100B,7115,0.0018864350004150765,100,112,53.01004274093556
100B,7116,0.0021055019988125423,100,112,47.49461176308445
100B,7117,0.002501485998436692,100,112,39.97623814904228
100B,7118,0.0024708479995751986,100,112,40.47193514825377
100B,7119,0.002129458998751943,100,112,46.96028430629992
100B,7120,0.0019852999994327547,100,112,50.37022113966266
100B,7121,0.0029444640003930544,100,112,33.962038587210124
100B,7122,0.001728023000396206,100,112,57.86960010200774
100B,7123,0.0016855230005603516,100,112,59.32876618518705
100B,7124,0.0014689230010844767,100,112,68.07708772084854
100B,7125,0.0020350140002847183,100,112,49.13971107127962
100B,7126,0.0017340929989586584,100,112,57.667034040302966
100B,7127,0.0015464030002476647,100,112,64.66619631750874
100B,7128,0.0015292410007532453,100,112,65.39191661140647
100B,7129,0.001997778999793809,100,112,50.05558673422887
100B,7130,0.0013723210013267817,100,112,72.86924845084962
100B,7131,0.0017827680003392743,100,112,56.092548206479606
100B,7132,0.00230327600002056,100,112,43.41642078461607
100B,7133,0.00178474600033951,100,112,56.03038190363061
100B,7134,0.001321366000411217,100,112,75.67925916731579
100B,7135,0.0014338470009533921,100,112,69.74244806698908
100B,7136,0.001982466999834287,100,112,50.442201564191954
100B,7137,0.0017661980000411859,100,112,56.61879358807342
100B,7138,0.0019429579988354817,100,112,51.467916475773194
100B,7139,0.0017320560000371188,100,112,57.734853837206735
100B,7140,0.0022281439996731933,100,112,44.88040270946008
100B,7141,0.0017064749990822747,100,112,58.600331123385345
100B,7142,0.0022455060006905114,100,112,44.53339245998416
100B,7143,0.0020065859989699675,100,112,49.83589043845247
100B,7144,0.0017922169990924885,100,112,55.79681481128471
100B,7145,0.0018498720000934554,100,112,54.05779426627789
100B,7146,0.0023169439991761465,100,112,43.160300825379366
100B,7147,0.002171695001379703,100,112,46.04698170621051
100B,7148,0.0021786350007459987,100,112,45.90029994274325
100B,7149,0.002037209000263829,100,112,49.08676526907622
100B,7150,0.0018355029988015303,100,112,54.480978819045134
100B,7151,0.001919264999742154,100,112,52.10327912687129
100B,7152,0.002516115000616992,100,112,39.74381138202284
100B,7153,0.0022842660000605974,100,112,43.777738668503225
100B,7154,0.0019125460003124317,100,112,52.28632408510127
100B,7155,0.0014950969998608343,100,112,66.88529239862574
100B,7156,0.001997007999307243,100,112,50.07491208582526
100B,7157,0.0016703809997125063,100,112,59.86658134713653
100B,7158,0.001567303001138498,100,112,63.8038719554288
100B,7159,0.001321178000580403,100,112,75.69002810830128
100B,7160,0.0018994879992533242,100,112,52.64576561647629
100B,7161,0.00159792600061337,100,112,62.58112075378624
100B,7162,0.0016782999991846737,100,112,59.584102990276165
100B,7163,0.001416830000380287,100,112,70.5800978050714
100B,7164,0.002051989999017678,100,112,48.73318098425025
100B,7165,0.0021185360001254594,100,112,47.202407697616664
100B,7166,0.0017106670002249302,100,112,58.45673061259223
100B,7167,0.0016029359994718106,100,112,62.38552258664811
100B,7168,0.0022817760000179987,100,112,43.8255113557208
100B,7169,0.002509894999093376,100,112,39.84230417452602
100B,7170,0.002256715000839904,100,112,44.31219713733547
100B,7171,0.0032118990002345527,100,112,31.134229311910925
100B,7172,0.002379745999860461,100,112,42.021291350364116
100B,7173,0.00658262700017076,100,112,15.191503331026642
100B,7174,0.0017398899999534478,100,112,57.47489783990688
100B,7175,0.0012823309989471454,100,112,77.98298573621376
100B,7176,0.0017083319999073865,100,112,58.536631056153766
100B,7177,0.002079570000205422,100,112,48.08686410658064
100B,7178,0.0017802560014388291,100,112,56.17169660946433
100B,7179,0.0019707720002770657,100,112,50.74153681194033
100B,7180,0.001294931000302313,100,112,77.22419185010949
100B,7181,0.0018411470009596087,100,112,54.31396838377373
100B,7182,0.0013807609993818915,100,112,72.42383007976456
100B,7183,0.001332146999629913,100,112,75.06679069785935
100B,7184,0.0021420530010800576,100,112,46.684185661875965
100B,7185,0.0019358829995326232,100,112,51.656014348048316
100B,7186,0.001699731999906362,100,112,58.832804233555045
100B,7187,0.0017474249998485902,100,112,57.22706268289897
100B,7188,0.0022294709997368045,100,112,44.85368951280608
100B,7189,0.002019245999690611,100,112,49.52343598319472
100B,7190,0.002133426000000327,100,112,46.872963955620996
100B,7191,0.002270078000947251,100,112,44.05134975902692
100B,7192,0.0022142540001368616,100,112,45.161937155276256
100B,7193,0.0024641929994686507,100,112,40.58123694920114
100B,7194,0.0019369679994269973,100,112,51.62707903774479
100B,7195,0.001802679000320495,100,112,55.47299324073847
100B,7196,0.002313540999239194,100,112,43.22378554470611
100B,7197,0.0023233749998325948,100,112,43.04083499530005
100B,7198,0.0019679659999383148,100,112,50.81388601385109
100B,7199,0.0019432910012255888,100,112,51.459096932436935
100B,7200,0.0019615809997048927,100,112,50.9792866137286
100B,7201,0.0023112500002753222,100,112,43.26663060598712
100B,7202,0.0021162230004847515,100,112,47.25399921326512
100B,7203,0.0018699850006669294,100,112,53.47636476460241
100B,7204,0.002076855998893734,100,112,48.149703230877044
100B,7205,0.0018820010009221733,100,112,53.13493454626241
100B,7206,0.0022300219989119796,100,112,44.84260695580119
100B,7207,0.0023657929996261373,100,112,42.26912498929655
100B,7208,0.0018017359998339089,100,112,55.50202693914003
100B,7209,0.002456685999277397,100,112,40.70524276582914
100B,7210,0.002048242999080685,100,112,48.82233213778009
100B,7211,0.0019337869998707902,100,112,51.71200344540619
100B,7212,0.0016540359993086895,100,112,60.458176268107444
100B,7213,0.002256473000670667,100,112,44.31694949165273
100B,7214,0.0018964749997394392,100,112,52.729405878663954
100B,7215,0.002103631999489153,100,112,47.5368315486188
100B,7216,0.0018506460000935476,100,112,54.035185548692255
100B,7217,0.0022990889992797747,100,112,43.49548887899797
100B,7218,0.0022904929992364487,100,112,43.658723267582864
100B,7219,0.0019217559984099353,100,112,52.035742353732836
100B,7220,0.0020071079998160712,100,112,49.82292931380069
100B,7221,0.0018723100001807325,100,112,53.40995881576613
100B,7222,0.0016675879996910226,100,112,59.96685033625116
100B,7223,0.001828968001063913,100,112,54.67564218828862
100B,7224,0.0018830520002666162,100,112,53.10527801985356
100B,7225,0.0018734959994617384,100,112,53.37614813628122
100B,7226,0.002035948000411736,100,112,49.11716801203995
100B,7227,0.002388299999438459,100,112,41.870786761927796
100B,7228,0.0017785020008886931,100,112,56.227094459287294
100B,7229,0.002652684001077432,100,112,37.69766770538192
100B,7230,0.0020762339991051704,100,112,48.164127956241295
100B,7231,0.001625835999220726,100,112,61.506818675395714
100B,7232,0.0016739279999455903,100,112,59.73972596387086
100B,7233,0.002651095001056092,100,112,37.72026274432412
100B,7234,0.0019602490010584006,100,112,51.013927284751496
100B,7235,0.0014420210009120638,100,112,69.3471176472125
100B,7236,0.0014399769988813205,100,112,69.44555369820999
100B,7237,0.0016202259994315682,100,112,61.71978479242
100B,7238,0.0013380439995671622,100,112,74.73595788505352
100B,7239,0.0014284849985415349,100,112,70.00423532770644
100B,7240,0.002606288999231765,100,112,38.368730416878634
100B,7241,0.0017615279994060984,100,112,56.76889611389381
100B,7242,0.0012854950000473764,100,112,77.79104546988867
100B,7243,0.0017040330003510462,100,112,58.68430950539051
100B,7244,0.001907525998831261,100,112,52.423925053325554
100B,7245,0.0012342739992163843,100,112,81.01928750300823
100B,7246,0.0018219499997940147,100,112,54.886248256706146
100B,7247,0.0018819510005414486,100,112,53.13634625515191
100B,7248,0.0019757570007641334,100,112,50.61351166227655
100B,7249,0.0019295490001240978,100,112,51.82558203682237
100B,7250,0.0013409009989118204,100,112,74.57672123531333
100B,7251,0.0019927569992432836,100,112,50.18173316564606
100B,7252,0.0014131749994703569,100,112,70.76264442654232
100B,7253,0.0014905989992257673,100,112,67.08712407021677
100B,7254,0.002656612999999197,100,112,37.64191472375925
100B,7255,0.0023557010008516954,100,112,42.45020907315715
100B,7256,0.0013343289992917562,100,112,74.9440355812387
100B,7257,0.0012588670015247772,100,112,79.43650908227559
100B,7258,0.0014955579990783008,100,112,66.86467529953978
100B,7259,0.0014173990002745995,100,112,70.55176416847092
100B,7260,0.001635425000131363,100,112,61.14618523745672
100B,7261,0.0020804840005439473,100,112,48.065738536732205
100B,7262,0.002002204000746133,100,112,49.94496063474772
100B,7263,0.0012933369998791022,100,112,77.31936843169858
100B,7264,0.0017924830008269055,100,112,55.788534649348506
100B,7265,0.0018774700001813471,100,112,53.263167981560755
100B,7266,0.0017231769998033997,100,112,58.03234375308467
100B,7267,0.001102350999644841,100,112,90.71520779880302
100B,7268,0.0015897330013103783,100,112,62.9036447740422
100B,7269,0.0018528529999457533,100,112,53.970822295631514
100B,7270,0.0019268010000814684,100,112,51.899495586607976
100B,7271,0.0015893420004431391,100,112,62.91911997047714
100B,7272,0.0013938199990661815,100,112,71.7452756216707
100B,7273,0.002275296001243987,100,112,43.95032555998268
100B,7274,0.0022069509996072156,100,112,45.311382091309504
100B,7275,0.0016365059982490493,100,112,61.10579497233327
100B,7276,0.001646713000809541,100,112,60.7270361932158
100B,7277,0.0017499240002507577,100,112,57.14533887509993
100B,7278,0.00120780100041884,100,112,82.79509618332995
100B,7279,0.0015374099984910572,100,112,65.04445795080582
100B,7280,0.0018842529989342438,100,112,53.07142939751785
100B,7281,0.0018448829996486893,100,112,54.203979341260364
100B,7282,0.0017498380002507474,100,112,57.148147420315624
100B,7283,0.001735896999889519,100,112,57.607104572658685
100B,7284,0.0020580260006681783,100,112,48.590251030615285
100B,7285,0.0016443879994767485,100,112,60.812898191801715
100B,7286,0.0015673239995521726,100,112,63.8030171353037
100B,7287,0.0015508260003116447,100,112,64.4817664779315
100B,7288,0.0015499599994655,100,112,64.5177940298361
100B,7289,0.001769966000210843,100,112,56.498260411831495
100B,7290,0.0018690769993554568,100,112,53.50234368861453
100B,7291,0.0017722650009091012,100,112,56.42497027741562
100B,7292,0.0017442059997847537,100,112,57.33267745457856
100B,7293,0.0015997069986042334,100,112,62.511447463348844
100B,7294,0.0016764299998612842,100,112,59.650566983574905
100B,7295,0.0019362080001883442,100,112,51.64734366879619
100B,7296,0.001602672000444727,100,112,62.3957989983296
100B,7297,0.0021067969992145663,100,112,47.465417900861326
100B,7298,0.0015610270002071047,100,112,64.06039100331563
100B,7299,0.0023953149993758416,100,112,41.748162569873884
100B,7300,0.0015673739999328973,100,112,63.80098177223893
100B,7301,0.002483288000803441,100,112,40.26919147825226
100B,7302,0.0018109480006387457,100,112,55.219697067352925
100B,7303,0.0020656149990827544,100,112,48.41173212065436
100B,7304,0.0016859730003488949,100,112,59.312930859097996
100B,7305,0.0019119549997412832,100,112,52.30248620575878
100B,7306,0.0015653110003768234,100,112,63.885068191513774
100B,7307,0.0018001480002567405,100,112,55.55098802195031
100B,7308,0.001145017000453663,100,112,87.3349478308002
100B,7309,0.0013873500010959106,100,112,72.07986443291665
100B,7310,0.0016402410001319367,100,112,60.96665062753355
100B,7311,0.0017235369996342342,100,112,58.02022238061719
100B,7312,0.0012688869992416585,100,112,78.80922419393083
100B,7313,0.0013632190002681455,100,112,73.35578507952866
100B,7314,0.0020328770006017294,100,112,49.19136768746959
100B,7315,0.0015109940013644518,100,112,66.18159960244606
100B,7316,0.0017147449998446973,100,112,58.317709052399564
100B,7317,0.0018346500000916421,100,112,54.5063091025563
100B,7318,0.0022707710013492033,100,112,44.03790604186151
100B,7319,0.0017457419999118429,100,112,57.282233001812315
100B,7320,0.0018104379996657372,100,112,55.235252473966575
100B,7321,0.001566885001011542,100,112,63.8208930045552
100B,7322,0.0017769269998098025,100,112,56.27693203530799
100B,7323,0.0016291809988615569,100,112,61.38053418857588
100B,7324,0.001654945001064334,100,112,60.42496876674914
100B,7325,0.0036694999998871936,100,112,27.2516691655741
100B,7326,0.0013590739999926882,100,112,73.57951075551296
100B,7327,0.0014180230009515071,100,112,70.52071788179673
100B,7328,0.001483670999732567,100,112,67.4003872947743
100B,7329,0.0016832580004120246,100,112,59.40859926138607
100B,7330,0.0018119819997082232,100,112,55.18818620499687
100B,7331,0.002226680999228847,100,112,44.90989056565911
100B,7332,0.0019505529999150895,100,112,51.267512343603656
100B,7333,0.00322291000156838,100,112,31.02785990031882
100B,7334,0.001652320999710355,100,112,60.52092784484951
100B,7335,0.0018759199992928188,100,112,53.30717729844441
100B,7336,0.0017297049998887815,100,112,57.813326553620364
100B,7337,0.0022222379993763752,100,112,44.99968051489666
100B,7338,0.0014978080016589956,100,112,66.76423138962967
100B,7339,0.0015742889991088305,100,112,63.520738604289136
100B,7340,0.0016191700015042443,100,112,61.760037492726404
100B,7341,0.0021823310016770847,100,112,45.822563086512396
100B,7342,0.0017285189987887861,100,112,57.852994424748786
100B,7343,0.001458369000829407,100,112,68.56975151222206
100B,7344,0.001900413999464945,100,112,52.620113316442975
100B,7345,0.002427891000479576,100,112,41.18801049151186
100B,7346,0.0018125490005331812,100,112,55.17092225952727
100B,7347,0.0021007739997003227,100,112,47.60150307185118
100B,7348,0.0018596749996504514,100,112,53.77283666167272
100B,7349,0.0024862580012268154,100,112,40.22108725267295
100B,7350,0.0023322969991568243,100,112,42.87618602440091
100B,7351,0.0016639939985907404,100,112,60.096370590694065
100B,7352,0.001984091999474913,100,112,50.40088868180753
100B,7353,0.002612735999719007,100,112,38.27405448187446
100B,7354,0.0020247400007065153,100,112,49.38905734321734
100B,7355,0.002266212999529671,100,112,44.12647885293834
100B,7356,0.002154476000214345,100,112,46.41499835229132
100B,7357,0.0021471769996423973,100,112,46.5727790567124
100B,7358,0.002342366000448237,100,112,42.691876496185444
100B,7359,0.0016807350002636667,100,112,59.497779236055905
100B,7360,0.0015859140003158245,100,112,63.0551215135787
100B,7361,0.0018797160009853542,100,112,53.199525857937914
100B,7362,0.0023627789996680804,100,112,42.32304418400868
100B,7363,0.0022277589996519964,100,112,44.88815891468567
100B,7364,0.0016311689996655332,100,112,61.30572615130911
100B,7365,0.0035427259990683524,100,112,28.226851307805763
100B,7366,0.003128716998617165,100,112,31.96198315290202
100B,7367,0.001963384998816764,100,112,50.932445781273216
100B,7368,0.0016826589999254793,100,112,59.42974780061127
100B,7369,0.0017403109995939303,100,112,57.460994054127774
100B,7370,0.0021661230002791854,100,112,46.165430119670624
100B,7371,0.002172495998820523,100,112,46.03000422292669
100B,7372,0.00171319100081746,100,112,58.37060780279862
100B,7373,0.001955412000825163,100,112,51.1401177643387
100B,7374,0.001990220000152476,100,112,50.24570147638891
100B,7375,0.002346195999052725,100,112,42.62218503499918
100B,7376,0.0021015969996369677,100,112,47.5828619936525
100B,7377,0.0023374980009975843,100,112,42.7807852487243
100B,7378,0.0025123170016740914,100,112,39.80389414765917
100B,7379,0.0019492999999783933,100,112,51.30046683481682
100B,7380,0.0019329059996380238,100,112,51.73557328640247
100B,7381,0.00225650299944391,100,112,44.31636032597514
100B,7382,0.002877828001146554,100,112,34.7484283147426
100B,7383,0.0016669529995851917,100,112,59.98969378553818
100B,7384,0.001998027999434271,100,112,50.049348671947726
100B,7385,0.0018532979993324261,100,112,53.95786324488606
100B,7386,0.002112242000293918,100,112,47.343060116258
100B,7387,0.002413596999758738,100,112,41.43193748169058
100B,7388,0.0022216229990590364,100,112,45.012137541947844
100B,7389,0.0015469930003746413,100,112,64.64153359180204
100B,7390,0.0019214909989386797,100,112,52.04291878298374
100B,7391,0.002392063999650418,100,112,41.80490154720537
100B,7392,0.0023369280006590998,100,112,42.79121991426194
100B,7393,0.0018390509994787863,100,112,54.37587104889503
100B,7394,0.0015897390003374312,100,112,62.903407401324635
100B,7395,0.0019729029991140123,100,112,50.68672917264956
100B,7396,0.001984462000109488,100,112,50.3914914946634
100B,7397,0.0018208709989266936,100,112,54.918772422068706
100B,7398,0.0016782160000730073,100,112,59.58708533088095
100B,7399,0.0023315279995586025,100,112,42.89032772453588
100B,7400,0.002249635001135175,100,112,44.451655468349124
100B,7401,0.00177400600114197,100,112,56.36959510600731
100B,7402,0.0019404610011406476,100,112,51.53414572167011
100B,7403,0.002297470000485191,100,112,43.52613961395861
100B,7404,0.001857005998317618,100,112,53.85012223471355
100B,7405,0.0020609050006896723,100,112,48.52237243664092
100B,7406,0.0017009459988912567,100,112,58.79081409120802
100B,7407,0.0021241309987090062,100,112,47.078075721684534
100B,7408,0.004482528000153252,100,112,22.30884001094497
100B,7409,0.0017156459998659557,100,112,58.28708253789713
100B,7410,0.0018432429988024523,100,112,54.25220660811927
100B,7411,0.0024038390001805965,100,112,41.600123798843086
100B,7412,0.0014045779989828588,100,112,71.19576134071312
100B,7413,0.0017759759994078195,100,112,56.30706723139499
100B,7414,0.001628833000722807,100,112,61.39364806313738
100B,7415,0.0019226020012865774,100,112,52.012845057417735
100B,7416,0.001787735998732387,100,112,55.936670778518774
100B,7417,0.0016892179992282763,100,112,59.198990329066625
100B,7418,0.0019962030000897357,100,112,50.09510555564974
100B,7419,0.002278707001096336,100,112,43.8845362531856
100B,7420,0.0030064769998716656,100,112,33.26152170938563
100B,7421,0.0013723419997404562,100,112,72.8681334673955
100B,7422,0.0014088429998082574,100,112,70.98022988623283
100B,7423,0.0017375440002069809,100,112,57.5524993830877
100B,7424,0.001710945000013453,100,112,58.44723237696928
100B,7425,0.001730070998746669,100,112,57.80109606625619
100B,7426,0.001537261001431034,100,112,65.05076230185385
100B,7427,0.0021210970007814467,100,112,47.145415774553626
100B,7428,0.002222190001702984,100,112,45.00065247497496
100B,7429,0.0018737500013230601,100,112,53.36891257072167
100B,7430,0.00167418100136274,100,112,59.730698125592504
100B,7431,0.002127511999788112,100,112,47.00326015080499
100B,7432,0.0018050219987344462,100,112,55.400986841220174
100B,7433,0.001630356000532629,100,112,61.336297083171104
100B,7434,0.0020098860004509334,100,112,49.75406564231217
100B,7435,0.0020355159995233407,100,112,49.127592228907616
100B,7436,0.0017588069986231858,100,112,56.85672167456755
100B,7437,0.0019880490017385455,100,112,50.30057101839551
100B,7438,0.0016058639994298574,100,112,62.27177397058767
100B,7439,0.002720780999879935,100,112,36.754152577665344
100B,7440,0.0021496289991773665,100,112,46.519655269941296
100B,7441,0.0022477720012830105,100,112,44.488497918347946
100B,7442,0.0020055019995197654,100,112,49.86282737386742
100B,7443,0.001775381000697962,100,112,56.32593790329322
100B,7444,0.0026163000002270564,100,112,38.22191644357354
100B,7445,0.0018495770000299672,100,112,54.0664162661948
100B,7446,0.0019781309983954998,100,112,50.552769296427755
100B,7447,0.0022425839997595176,100,112,44.59141776215448
100B,7448,0.002210173001003568,100,112,45.2453269289749
100B,7449,0.0018245179999212269,100,112,54.80899613175505
100B,7450,0.001943974999448983,100,112,51.44099076806279
100B,7451,0.002253893999295542,100,112,44.36765883012029
100B,7452,0.0020099260000279173,100,112,49.75307548567013
100B,7453,0.0018946010004583513,100,112,52.78156190976755
100B,7454,0.0019432589997450123,100,112,51.459944357968574
100B,7455,0.0019360240003152285,100,112,51.65225223639673
100B,7456,0.0017868449995148694,100,112,55.9645632537518
100B,7457,0.0014721650004503317,100,112,67.92716846916632
100B,7458,0.0012118040012865094,100,112,82.52159581403856
100B,7459,0.0016873650001798524,100,112,59.26400037297279
100B,7460,0.002051950999884866,100,112,48.734107201200686
100B,7461,0.00178712700108008,100,112,55.95573226724421
100B,7462,0.0018166900008509401,100,112,55.04516453173621
100B,7463,0.0019403189999138704,100,112,51.53791722105434
100B,7464,0.0020368820005387533,100,112,49.09464562677175
100B,7465,0.0015398099985759472,100,112,64.94307745272623
100B,7466,0.001376601001538802,100,112,72.64269013913058
100B,7467,0.0015693029999965802,100,112,63.72255708439856
100B,7468,0.0014725309993082192,100,112,67.91028511248933
100B,7469,0.0013846179990650853,100,112,72.22208585149224
100B,7470,0.0014454970005317591,100,112,69.1803580105754
100B,7471,0.0025276260003010975,100,112,39.56281506365568
100B,7472,0.0018722839995461982,100,112,53.41070052632927
100B,7473,0.0018547370000305818,100,112,53.91599994950829
100B,7474,0.002342413999940618,100,112,42.69100167713098
100B,7475,0.0017647900003794348,100,112,56.66396567211947
100B,7476,0.0018814039995049825,100,112,53.15179516271416
100B,7477,0.0019225530013500247,100,112,52.01417070415202
100B,7478,0.0016431889998784754,100,112,60.85727205293831
100B,7479,0.0017490469999756897,100,112,57.17399246640594
100B,7480,0.0019071890001214342,100,112,52.43318831727365
100B,7481,0.0018097719985235017,100,112,55.2555792009075
100B,7482,0.001592472000993439,100,112,62.795452565330216
100B,7483,0.0021031970009062206,100,112,47.5466634637232
100B,7484,0.0014384459991561016,100,112,69.51946757727949
100B,7485,0.0018139290004910436,100,112,55.128949354097806
100B,7486,0.0020692399994004518,100,112,48.32692197568881
100B,7487,0.0016678089996275958,100,112,59.958904180472075
100B,7488,0.0010957489994325442,100,112,91.26177623870706
100B,7489,0.0011321950005367398,100,112,88.3240077483057
100B,7490,0.0016432820011687,100,112,60.8538278450565
100B,7491,0.0016901859999052249,100,112,59.16508597610403
100B,7492,0.0016845139998622471,100,112,59.36430329945468
100B,7493,0.0025456000003032386,100,112,39.28346951134811
100B,7494,0.0018056810004054569,100,112,55.38076768684252
100B,7495,0.0014706219990330283,100,112,67.9984388005569
100B,7496,0.0013336629999685101,100,112,74.98146083557927
100B,7497,0.0013456399992719525,100,112,74.31408107228098
100B,7498,0.001883428998553427,100,112,53.0946481533444
100B,7499,0.0019141439988743514,100,112,52.24267351819241
100B,7500,0.0017387480002071243,100,112,57.51264702423107
100B,7501,0.001854693999121082,100,112,53.91724998699992
100B,7502,0.001575790000060806,100,112,63.4602326427641
100B,7503,0.0017683209989627358,100,112,56.55081857799469
100B,7504,0.0014915710016794037,100,112,67.04340583680364
100B,7505,0.001790575999621069,100,112,55.847950615423485
100B,7506,0.0018353599989495706,100,112,54.48522363854114
100B,7507,0.0016639079985907301,100,112,60.09947670465938
100B,7508,0.0014571660012734355,100,112,68.62636097233174
100B,7509,0.0016683199992257869,100,112,59.94053901314301
100B,7510,0.0016759110003476962,100,112,59.66903969199635
100B,7511,0.0018847480005206307,100,112,53.05749096026452
100B,7512,0.0018351550006627804,100,112,54.49130997865806
100B,7513,0.002206039000157034,100,112,45.3301142875904
100B,7514,0.0013075500010018004,100,112,76.47891088171266
100B,7515,0.0017446320016460959,100,112,57.318678039636985
100B,7516,0.001530421999632381,100,112,65.34145485625584
100B,7517,0.0020646840002882527,100,112,48.43356173924867
100B,7518,0.0021274819991958793,100,112,47.00392296517518
100B,7519,0.0016613919997325866,100,112,60.190490875179215
100B,7520,0.002002100000026985,100,112,49.94755506650625
100B,7521,0.0019110010016447632,100,112,52.328596329322615
100B,7522,0.001682419000644586,100,112,59.438225532216975
100B,7523,0.0017634679988987045,100,112,56.70644438257487
100B,7524,0.0017048290010279743,100,112,58.65690924996126
100B,7525,0.0022139889988466166,100,112,45.16734277003872
100B,7526,0.001911620000100811,100,112,52.31165189458491
100B,7527,0.0015946009989420418,100,112,62.7116125390278
100B,7528,0.0020624540011340287,100,112,48.48592984135188
100B,7529,0.0025636289992689854,100,112,39.007204251674025
100B,7530,0.002144785999917076,100,112,46.62469822344342
100B,7531,0.0018546020000940189,100,112,53.91992459564398
100B,7532,0.0019282510002085473,100,112,51.86046836702516
100B,7533,0.00207979799961322,100,112,48.08159254821719
100B,7534,0.0021822010003234027,100,112,45.825292897024596
100B,7535,0.002183892000175547,100,112,45.7898101151347
100B,7536,0.00196520099962072,100,112,50.885380182128856
100B,7537,0.0017401340010110289,100,112,57.46683872730454
100B,7538,0.0018967819996760227,100,112,52.720871463921725
100B,7539,0.0016953590002231067,100,112,58.98455724530329
100B,7540,0.0019820319994323654,100,112,50.45327221187096
100B,7541,0.0018442529999447288,100,112,54.22249550522458
100B,7542,0.00192723600048339,100,112,51.8877812447038
100B,7543,0.0019809940004051896,100,112,50.479708661180275
100B,7544,0.0018700889995670877,100,112,53.473390850996545
100B,7545,0.001765319999321946,100,112,56.64695354859725
100B,7546,0.0021368669986259192,100,112,46.79748438452347
100B,7547,0.0017932120008481434,100,112,55.765854763799574
100B,7548,0.0020591310003510443,100,112,48.56417585037174
100B,7549,0.0017549759995745262,100,112,56.98083621898183
100B,7550,0.002104825000060373,100,112,47.509887994076315
100B,7551,0.0017731239986460423,100,112,56.39763495184771
100B,7552,0.0018993779995071236,100,112,52.648814520305784
100B,7553,0.0021677869990526233,100,112,46.1299934189579
100B,7554,0.001889430999653996,100,112,52.9259867220939
100B,7555,0.0018519530003686668,100,112,53.99705067034265
100B,7556,0.0018306769998162054,100,112,54.62460063137283
100B,7557,0.001880697998785763,100,112,53.17174797046793
100B,7558,0.002164781999454135,100,112,46.19402786295142
100B,7559,0.002086963999317959,100,112,47.91649498155263
100B,7560,0.0019098989996564342,100,112,52.35878966269352
100B,7561,0.0019405710008868482,100,112,51.53122454901141
100B,7562,0.0028652599994529737,100,112,34.90084670120397
100B,7563,0.0020959809990017675,100,112,47.71035617576019
100B,7564,0.0020975379993615206,100,112,47.674940826072984
100B,7565,0.0018573870002001058,100,112,53.83907607258287
100B,7566,0.0023907569993752986,100,112,41.82775582216422
100B,7567,0.002051383999059908,100,112,48.74757726775055
100B,7568,0.001963823999176384,100,112,50.92106015709117
100B,7569,0.0015556130001641577,100,112,64.28334038700332
100B,7570,0.0020229120000294643,100,112,49.43368767328656
100B,7571,0.0023706249994575046,100,112,42.182968636070264
100B,7572,0.00207410599978175,100,112,48.213543575170505
100B,7573,0.001877798998975777,100,112,53.25383603598884
100B,7574,0.002113734000886325,100,112,47.30964253688889
100B,7575,0.0029340779983613174,100,112,34.08225686428582
100B,7576,0.002210897999248118,100,112,45.23049006964952
100B,7577,0.0012690300009126076,100,112,78.80034351282964
100B,7578,0.0013915899999119574,100,112,71.86024619774989
100B,7579,0.0018158359998778906,100,112,55.071052675860976
100B,7580,0.0017116379985964159,100,112,58.42356858284427
100B,7581,0.001797213000827469,100,112,55.64170744033023
100B,7582,0.0016570989992032992,100,112,60.34642471456325
100B,7583,0.0022867290008434793,100,112,43.7305863366906
100B,7584,0.0018258620002598036,100,112,54.76865173039962
100B,7585,0.0012956599985045614,100,112,77.18074195037205
100B,7586,0.0011294790001556976,100,112,88.53639597213856
100B,7587,0.0016280880008707754,100,112,61.42174129808429
100B,7588,0.0017928260003827745,100,112,55.77786130871019
100B,7589,0.001395723998939502,100,112,71.64740312266747
100B,7590,0.0013674750007339753,100,112,73.12747943935081
100B,7591,0.0018750020008155843,100,112,53.33327642130634
100B,7592,0.0012748690005537355,100,112,78.43943178206176
100B,7593,0.0015507669995713513,100,112,64.48421976198944
100B,7594,0.0017210730002261698,100,112,58.1032878831164
100B,7595,0.002104923998558661,100,112,47.507653515506796
100B,7596,0.0015689369993197033,100,112,63.737422244080136
100B,7597,0.04378969600111304,100,112,2.283642252219751
100B,7598,0.016693257999577327,100,112,5.990442369160772
100B,7599,0.0015252339999278774,100,112,65.56371022723636
100B,7600,0.0018200359991169535,100,112,54.94396816794727
100B,7601,0.0015915849999146303,100,112,62.83044889551222
100B,7602,0.0011336389998177765,100,112,88.21150297058783
100B,7603,0.0011947939983656397,100,112,83.69643648762056
100B,7604,0.0011127299985673744,100,112,89.86906089415108
100B,7605,0.0013626790005218936,100,112,73.38485436533543
100B,7606,0.0015531900007772492,100,112,64.38362334933774
100B,7607,0.0018942839997180272,100,112,52.79039468996489
100B,7608,0.0025439199998800177,100,112,39.30941224752211
100B,7609,0.0020096669995837146,100,112,49.75948752739342
100B,7610,0.0016992759992717765,100,112,58.848592013807604
100B,7611,0.0021762110009149183,100,112,45.95142656569524
100B,7612,0.0020603159991878783,100,112,48.53624397394251
100B,7613,0.001665853000304196,100,112,60.029306296377484
100B,7614,0.0018368460005149245,100,112,54.44114529577707
100B,7615,0.0018166189984185621,100,112,55.04731596832022
100B,7616,0.0020511530001385836,100,112,48.75306717404485
100B,7617,0.0021379720001277747,100,112,46.77329730886259
100B,7618,0.0019135229995299596,100,112,52.25962793473825
100B,7619,0.0023301589990296634,100,112,42.9155263832393
100B,7620,0.002281893999679596,100,112,43.82324508239258
100B,7621,0.0021603629993478535,100,112,46.28851726778643
100B,7622,0.0019819779990939423,100,112,50.45464684558296
100B,7623,0.0017649469991738442,100,112,56.65892519537929
100B,7624,0.0022164439997141017,100,112,45.11731404578639
100B,7625,0.0021541200003412087,100,112,46.422669110430334
100B,7626,0.0017491050002718112,100,112,57.172096577655424
100B,7627,0.0020747909984493162,100,112,48.19762572458589
100B,7628,0.00237614299840061,100,112,42.085009221797826
100B,7629,0.0025858720000542235,100,112,38.671674389878184
100B,7630,0.001729801999317715,100,112,57.81008464520387
100B,7631,0.0017117110000981484,100,112,58.42107691909795
100B,7632,0.0021676359992852667,100,112,46.133206882047055
100B,7633,0.002381948999754968,100,112,41.98242700002688
100B,7634,0.0014161920007609297,100,112,70.61189439445309
100B,7635,0.0013435199998639291,100,112,74.43134453534591
100B,7636,0.0022742399996786844,100,112,43.97073308627431
100B,7637,0.0021505519998754608,100,112,46.49968938476774
100B,7638,0.0017845799993665423,100,112,56.03559382907809
100B,7639,0.0018738259987003403,100,112,53.36674807018294
100B,7640,0.0021158340005058562,100,112,47.26268694807432
100B,7641,0.001823958000386483,100,112,54.82582382862475
100B,7642,0.0018784140011121053,100,112,53.23640046379314
100B,7643,0.0016509160013811197,100,112,60.5724336770267
100B,7644,0.0016267579994746484,100,112,61.47195835661751
100B,7645,0.0016263800007436657,100,112,61.48624549876092
100B,7646,0.0016110939995996887,100,112,62.0696247548853
100B,7647,0.0016552480010432191,100,112,60.413907726802904
100B,7648,0.0016783359988039592,100,112,59.58282493568838
100B,7649,0.0020351630009827204,100,112,49.13611339814695
100B,7650,0.0020713859994430095,100,112,48.27685425453766
100B,7651,0.0019170049999956973,100,112,52.16470483917593
100B,7652,0.0020499989987001754,100,112,48.78051163117938
100B,7653,0.0020986340005038073,100,112,47.65004282594943
100B,7654,0.0015444360014953418,100,112,64.74855539703735
100B,7655,0.0014216659983503632,100,112,70.34000961972464
100B,7656,0.0018373580005572876,100,112,54.42597467105979
100B,7657,0.001405503000569297,100,112,71.14890538084596
100B,7658,0.0015777219996380154,100,112,63.38252241075646
100B,7659,0.0014845969999441877,100,112,67.35834708258162
100B,7660,0.001919360000101733,100,112,52.100700230649615
100B,7661,0.001523805998658645,100,112,65.62515181593105
100B,7662,0.0016904999993130332,100,112,59.15409644521556
100B,7663,0.0019029710001632338,100,112,52.5494082628806
100B,7664,0.0019112589998258045,100,112,52.32153256524322
100B,7665,0.0012066749986843206,100,112,82.87235594425462
100B,7666,0.001164695999250398,100,112,85.85931441711855
100B,7667,0.0021903110009589,100,112,45.65561692208131
100B,7668,0.0013118560000293655,100,112,76.22787866790374
100B,7669,0.0017286960010096664,100,112,57.84707082193385
100B,7670,0.001846380999268149,100,112,54.160002751131564
100B,7671,0.0014977000009821495,100,112,66.76904582654925
100B,7672,0.0016079299984994577,100,112,62.19176213723319
100B,7673,0.0011925819999305531,100,112,83.85167645145009
100B,7674,0.001895474000775721,100,112,52.75725225409322
100B,7675,0.0014635539992013946,100,112,68.32682637918805
100B,7676,0.002058780999504961,100,112,48.57243195077342
100B,7677,0.0021380880007200176,100,112,46.770759653636446
100B,7678,0.0022057330006646225,100,112,45.33640289639245
100B,7679,0.0019500439993862528,100,112,51.28089419083544
100B,7680,0.002216430000771652,100,112,45.11759900614272
100B,7681,0.001713022000330966,100,112,58.376366433518896
100B,7682,0.002059847000055015,100,112,48.54729501624595
100B,7683,0.00215910200131475,100,112,46.31555152980574
100B,7684,0.0020188899998174747,100,112,49.53216867141889
100B,7685,0.0020971609992557205,100,112,47.68351120180561
100B,7686,0.0018365830001130234,100,112,54.44894131865862
100B,7687,0.0019085769999946933,100,112,52.39505663134264
100B,7688,0.0017287329992541345,100,112,57.84583278224296
100B,7689,0.001901898000141955,100,112,52.57905523457943
100B,7690,0.0019438180006545736,100,112,51.44514556729353
100B,7691,0.0023054230005072895,100,112,43.375987824358404
100B,7692,0.0019498260007821955,100,112,51.28662760671149
100B,7693,0.0018839750009647105,100,112,53.079260578719925
100B,7694,0.0018813139995472739,100,112,53.15433788515068
100B,7695,0.001825044000725029,100,112,54.79319948465535
100B,7696,0.0021536999993259087,100,112,46.43172216710741
100B,7697,0.0019554939990484854,100,112,51.137973345179546
100B,7698,0.0017496930013294332,100,112,57.152883348118245
100B,7699,0.0021520450009120395,100,112,46.46742979706273
100B,7700,0.00223634399844741,100,112,44.71583981240157
100B,7701,0.001794945999790798,100,112,55.71198242824857
100B,7702,0.001774161000867025,100,112,56.364670371589966
100B,7703,0.0020581340013450244,100,112,48.587701254946644
100B,7704,0.0024144709987012902,100,112,41.41693979914796
100B,7705,0.001806192000003648,100,112,55.3650996127754
100B,7706,0.0015016079996712506,100,112,66.59527654480607
100B,7707,0.001956066000275314,100,112,51.123019359226696
100B,7708,0.002142862998880446,100,112,46.66653913584103
100B,7709,0.0017981340006372193,100,112,55.61320789471874
100B,7710,0.0018687160008994397,100,112,53.51267926847556
100B,7711,0.002244921999590588,100,112,44.54497751736464
100B,7712,0.0022547749995283084,100,112,44.35032321225828
100B,7713,0.0018244040002173278,100,112,54.8124209265534
100B,7714,0.001998120998905506,100,112,50.04701920192829
100B,7715,0.002171281999835628,100,112,46.05574034490696
100B,7716,0.0020901289990433725,100,112,47.843936927227375
100B,7717,0.0017470860002504196,100,112,57.23816685936836
100B,7718,0.0014664310001535341,100,112,68.19277551383603
100B,7719,0.0016629430010652868,100,112,60.1343521310951
100B,7720,0.002135811999323778,100,112,46.82060032983293
100B,7721,0.0017389559998264303,100,112,57.505767834253
100B,7722,0.001700971999525791,100,112,58.78991542945957
100B,7723,0.0021407320000434993,100,112,46.712993498470624
100B,7724,0.001757844000167097,100,112,56.887869452860556
100B,7725,0.0019339539994689403,100,112,51.70753804250762
100B,7726,0.0019494600001053186,100,112,51.29625639643673
100B,7727,0.0018742270003713202,100,112,53.35532994679305
100B,7728,0.0017530999994050944,100,112,57.04181166729479
100B,7729,0.002003194000280928,100,112,49.92027731012373
100B,7730,0.0016741420004109386,100,112,59.732089616922444
100B,7731,0.0015460330014320789,100,112,64.68167232353433
100B,7732,0.002033872000538395,100,112,49.167302550764546
100B,7733,0.0019633009997050976,100,112,50.93462490724588
100B,7734,0.0019429789990681456,100,112,51.467360196872995
100B,7735,0.0017925760002981406,100,112,55.78564032061572
100B,7736,0.002335645000130171,100,112,42.814725694369976
100B,7737,0.001956497000719537,100,112,51.11175737209063
100B,7738,0.002153989000362344,100,112,46.42549241578207
100B,7739,0.001649214000281063,100,112,60.63494487856504
100B,7740,0.0014421889991353964,100,112,69.33903951559108
100B,7741,0.001517566000984516,100,112,65.89499233320022
100B,7742,0.0019159709991072305,100,112,52.192856805555095
100B,7743,0.002100923000398325,100,112,47.59812709987014
100B,7744,0.0018988909996551229,100,112,52.662317119920004
100B,7745,0.001630053000553744,100,112,61.34769848957615
100B,7746,0.0010725100000854582,100,112,93.2392238692711
100B,7747,0.0013319739991857205,100,112,75.07654057897024
100B,7748,0.0016884430006030016,100,112,59.226162780909114
100B,7749,0.0021259569984977134,100,112,47.037640023135
100B,7750,0.002010634998441674,100,112,49.73553135079424
100B,7751,0.0020763960001204396,100,112,48.16037017707585
100B,7752,0.001751802999933716,100,112,57.08404426969457
100B,7753,0.0020522549984889338,100,112,48.72688826370483
100B,7754,0.0016331890001310967,100,112,61.22990051486568
100B,7755,0.001677714000834385,100,112,59.604914753209755
100B,7756,0.002224059999207384,100,112,44.96281576739757
100B,7757,0.002398995000476134,100,112,41.6841218844361
100B,7758,0.0022201490010047564,100,112,45.042021933998
100B,7759,0.0016695920003257925,100,112,59.89487250806586
100B,7760,0.002406538000286673,100,112,41.55346808905063
100B,7761,0.002140204998795525,100,112,46.72449604420066
100B,7762,0.0016349240013369126,100,112,61.16492260082294
100B,7763,0.0018480069993529469,100,112,54.1123491604813
100B,7764,0.0018700310010899557,100,112,53.47504931293362
100B,7765,0.0019445189991529332,100,112,51.4265996082125
100B,7766,0.001761347999490681,100,112,56.774697577603305
100B,7767,0.0018201130005763844,100,112,54.941643715710235
100B,7768,0.0018051740007649641,100,112,55.39632188233588
100B,7769,0.0022931240000616526,100,112,43.6086317169553
100B,7770,0.002101320000292617,100,112,47.58913444219567
100B,7771,0.0016688949999661418,100,112,59.919887112148324
100B,7772,0.001856197999586584,100,112,53.873563069388176
100B,7773,0.00219106000076863,100,112,45.64000984223149
100B,7774,0.0016524980001122458,100,112,60.514445399151775
100B,7775,0.0017717970004014205,100,112,56.439874306900776
100B,7776,0.0017616160002944525,100,112,56.7660602442786
100B,7777,0.0021478380003827624,100,112,46.55844620598908
100B,7778,0.0019919219994335435,100,112,50.202768998202586
100B,7779,0.001877949000117951,100,112,53.24958238680558
100B,7780,0.0018117039999197004,100,112,55.196654643601974
100B,7781,0.001632793999306159,100,112,61.24471307617133
100B,7782,0.0018005259989877231,100,112,55.53932576159477
100B,7783,0.0016728279988456052,100,112,59.77900900093051
100B,7784,0.0019675250005093403,100,112,50.8252753963038
100B,7785,0.002033737000601832,100,112,49.170566287778406
100B,7786,0.0015965029997460078,100,112,62.636900786224196
100B,7787,0.0013455900007102173,100,112,74.31684238677376
100B,7788,0.0023609870004293043,100,112,42.35516755569461
100B,7789,0.001850381000622292,100,112,54.042924114746924
100B,7790,0.0018541850004112348,100,112,53.93205099697239
100B,7791,0.0016522379992238712,100,112,60.52396812503671
100B,7792,0.001768555999660748,100,112,56.543304265843105
100B,7793,0.0022498210000776453,100,112,44.447980526694714
100B,7794,0.0018910989983851323,100,112,52.87930461884496
100B,7795,0.002105300998664461,100,112,47.499146232979015
100B,7796,0.0019816859985439805,100,112,50.46208131534147
100B,7797,0.001978629999939585,100,112,50.540020116471176
100B,7798,0.0018931199992948677,100,112,52.822853298917714
100B,7799,0.0020301860004110495,100,112,49.25657057025963
100B,7800,0.0022462380002252758,100,112,44.5188800073594
100B,7801,0.001956051000888692,100,112,51.123411380668
100B,7802,0.001792868999473285,100,112,55.776523566071106
100B,7803,0.0018532899994170293,100,112,53.958096159508756
100B,7804,0.0021220399994490435,100,112,47.12446514955587
100B,7805,0.0019334410008013947,100,112,51.72125757059609
100B,7806,0.001862549999714247,100,112,53.68983383820141
100B,7807,0.001736868000079994,100,112,57.57489918369983
100B,7808,0.0018748929996945662,100,112,53.33637707127326
100B,7809,0.0022430760000133887,100,112,44.5816370017793
100B,7810,0.0018534709997766186,100,112,53.9528268918435
100B,7811,0.00217239000085101,100,112,46.03225017645363
100B,7812,0.0021577269999397686,100,112,46.345065897025634
100B,7813,0.002729308000198216,100,112,36.6393239578448
100B,7814,0.0017661220008449163,100,112,56.62122998986469
100B,7815,0.0014257340008043684,100,112,70.13931065933909
100B,7816,0.0015424569992319448,100,112,64.83162905014161
100B,7817,0.0019543830003385665,100,112,51.16704350307824
100B,7818,0.0017293760010943515,100,112,57.82432503788642
100B,7819,0.0022751430005882867,100,112,43.95328116700483
100B,7820,0.0020013529992866097,100,112,49.96619788495353
100B,7821,0.002358947000175249,100,112,42.39179599735428
100B,7822,0.0023293430003832327,100,112,42.930560241041185
100B,7823,0.001666539999860106,100,112,60.00456035162329
100B,7824,0.0016052390001277672,100,112,62.296019466285465
100B,7825,0.0022564009996131063,100,112,44.31836363179528
100B,7826,0.0017331020007986808,100,112,57.70000839761082
100B,7827,0.0014734639989910647,100,112,67.86728421493413
100B,7828,0.0014193870010785758,100,112,70.45294900123163
100B,7829,0.0013302030001796084,100,112,75.17649560743561
100B,7830,0.001716925000437186,100,112,58.243662346658525
100B,7831,0.001477689998864662,100,112,67.67319267020278
100B,7832,0.001603783999598818,100,112,62.352536267361884
100B,7833,0.001469807999455952,100,112,68.03609725693076
100B,7834,0.0019879810006386833,100,112,50.30229160533867
100B,7835,0.0014255279984354274,100,112,70.14944645756091
100B,7836,0.0018639469999470748,100,112,53.649594115519065
100B,7837,0.001350160999209038,100,112,74.06524115167214
100B,7838,0.0014626350002799882,100,112,68.36975730845856
100B,7839,0.0015760279984533554,100,112,63.45064941621317
100B,7840,0.001389832999848295,100,112,71.95109053455727
100B,7841,0.0016477469998790184,100,112,60.68892858390411
100B,7842,0.0009844919986790046,100,112,101.57522878213373
100B,7843,0.0018534650007495657,100,112,53.95300151853889
100B,7844,0.0019531830002961215,100,112,51.19847960218732
100B,7845,0.0018363469989708392,100,112,54.45593891352991
100B,7846,0.001742836000630632,100,112,57.37774521745922
100B,7847,0.0018352919996686978,100,112,54.48724236691041
100B,7848,0.002338375999897835,100,112,42.764722185127226
100B,7849,0.00169274099971517,100,112,59.07578301513732
100B,7850,0.0016590000013820827,100,112,60.27727541693299
100B,7851,0.0019429669991950504,100,112,51.46767806217444
100B,7852,0.0021379200006776955,100,112,46.77443494999868
100B,7853,0.002470715999152162,100,112,40.474097401043046
100B,7854,0.002149600000848295,100,112,46.52028282496142
100B,7855,0.0018372349986748304,100,112,54.42961846041931
100B,7856,0.002376440999796614,100,112,42.07973183788633
100B,7857,0.0020064140007889364,100,112,49.84016257894895
100B,7858,0.0016935880012169946,100,112,59.04623788556665
100B,7859,0.0019284230002085678,100,112,51.85584282555463
100B,7860,0.0021656349999830127,100,112,46.17583295466891
100B,7861,0.002186581999922055,100,112,45.73347809666626
100B,7862,0.0020261600002413616,100,112,49.354443868247195
100B,7863,0.0018506050000723917,100,112,54.036382694355744
100B,7864,0.0021671739996236283,100,112,46.14304159119984
100B,7865,0.002152224000383285,100,112,46.46356512249247
100B,7866,0.0018345900007261662,100,112,54.5080917046414
100B,7867,0.0016888600002857856,100,112,59.211539134728866
100B,7868,0.0019990689997939626,100,112,50.023285844714046
100B,7869,0.0019757469999603927,100,112,50.61376785691927
100B,7870,0.0022884789996169275,100,112,43.69714557867438
100B,7871,0.002215788999819779,100,112,45.130650981719604
100B,7872,0.0020983340000384487,100,112,47.656855390117904
100B,7873,0.002100782001434709,100,112,47.60132176099469
100B,7874,0.002054522001344594,100,112,48.6731219887421
100B,7875,0.0019380470002943184,100,112,51.59833584263625
100B,7876,0.002011532000324223,100,112,49.71335279969783
100B,7877,0.0020670410012826324,100,112,48.378334023344664
100B,7878,0.0018921829996543238,100,112,52.849010913991215
100B,7879,0.002483711001332267,100,112,40.26233323698281
100B,7880,0.001775648999682744,100,112,56.31743662056355
100B,7881,0.002133473000867525,100,112,46.871931334184886
100B,7882,0.0023044379995553754,100,112,43.39452830551062
100B,7883,0.002581337999799871,100,112,38.739599389058284
100B,7884,0.0020563730013236636,100,112,48.62930992365254
100B,7885,0.0020193780001136474,100,112,49.52019879109911
100B,7886,0.002009734000239405,100,112,49.757828642043044
100B,7887,0.001968470000065281,100,112,50.80087580541419
100B,7888,0.0022743329991499195,100,112,43.968935084430086
100B,7889,0.0021842540008947253,100,112,45.78222127968519
100B,7890,0.0019830149994959356,100,112,50.428262027982186
100B,7891,0.001979450998987886,100,112,50.51905808788954
100B,7892,0.002921508999861544,100,112,34.228886511983774
100B,7893,0.0019480829996609828,100,112,51.33251510197594
100B,7894,0.0021150949996808777,100,112,47.279200232182404
100B,7895,0.0024863220005499898,100,112,40.22005193932217
100B,7896,0.002373305998844444,100,112,42.13531674747787
100B,7897,0.0017933680010173703,100,112,55.761003844872
100B,7898,0.0017149619998235721,100,112,58.31032991418327
100B,7899,0.0019065329997829394,100,112,52.45122954146878
100B,7900,0.0015759699999762233,100,112,63.452984512083795
100B,7901,0.002112295000188169,100,112,47.341872224803694
100B,7902,0.0017570310010341927,100,112,56.91419214637634
100B,7903,0.002536735999456141,100,112,39.42073594628661
100B,7904,0.0017005950012389803,100,112,58.80294833699047
100B,7905,0.0023342450003838167,100,112,42.84040449205509
100B,7906,0.0016720999992685392,100,112,59.80503561015791
100B,7907,0.0019219120003981516,100,112,52.031518601935765
100B,7908,0.0018647889992280398,100,112,53.62536997022004
100B,7909,0.002309599000000162,100,112,43.297559446463644
100B,7910,0.0013990410006954335,100,112,71.47753350351572
100B,7911,0.0017063430004782276,100,112,58.604864304523495
100B,7912,0.0026176570008829003,100,112,38.20210209598559
100B,7913,0.0018903910004155478,100,112,52.899109220271306
100B,7914,0.0012116109992348356,100,112,82.53474098795128
100B,7915,0.0016819779993966222,100,112,59.4538097620023
100B,7916,0.0016665380007907515,100,112,60.00463232914656
100B,7917,0.0014304380001703976,100,112,69.908657339981
100B,7918,0.0016696120001142845,100,112,59.89415504509732
100B,7919,0.001974054001038894,100,112,50.65717551159825
100B,7920,0.0019516489992383868,100,112,51.238721736861535
100B,7921,0.0021095199990668334,100,112,47.40414883207363
100B,7922,0.002098999999361695,100,112,47.641734173611226
100B,7923,0.0016808830005174968,100,112,59.49254050948983
100B,7924,0.0021577900006377604,100,112,46.34371276650824
100B,7925,0.0017812509995565051,100,112,56.1403193737985
100B,7926,0.0016134329998749308,100,112,61.97964217153842
100B,7927,0.0019242730013502296,100,112,51.967678146412545
100B,7928,0.001971638999748393,100,112,50.71922396177054
100B,7929,0.001880886999060749,100,112,53.166405025892885
100B,7930,0.0018146429993066704,100,112,55.10725803268604
100B,7931,0.0016363739996450022,100,112,61.11072408978276
100B,7932,0.0017100789991673082,100,112,58.47683063103703
100B,7933,0.0022576409992325353,100,112,44.29402196097347
100B,7934,0.0013824020006723003,100,112,72.33785827231677
100B,7935,0.0017623229996388545,100,112,56.743287138902794
100B,7936,0.001915986998938024,100,112,52.19242095871585
100B,7937,0.0016330779999407241,100,112,61.23406230665633
100B,7938,0.0018744799999694806,100,112,53.34812854851914
100B,7939,0.0017545350001455517,100,112,56.99515825657753
100B,7940,0.0022576350002054824,100,112,44.29413965982027
100B,7941,0.001908681000713841,100,112,52.392201715530405
100B,7942,0.0016628149987809593,100,112,60.138981229608746
100B,7943,0.002339609000046039,100,112,42.74218469754228
100B,7944,0.0025338279992865864,100,112,39.465977970152494
100B,7945,0.001993564999793307,100,112,50.16139429131632
100B,7946,0.0019462340005702572,100,112,51.381283016687334
100B,7947,0.001510858000983717,100,112,66.18755696093888
100B,7948,0.0017226060008397326,100,112,58.05157996155371
100B,7949,0.0023767669990775175,100,112,42.073960147886815
100B,7950,0.0018307760001334827,100,112,54.62164677312187
100B,7951,0.0016135040004883194,100,112,61.976914820003834
100B,7952,0.001623630998437875,100,112,61.59034909792423
100B,7953,0.0017028639995260164,100,112,58.724595756228624
100B,7954,0.0016993209992506308,100,112,58.847033635256764
100B,7955,0.0018584800000098767,100,112,53.807412508861304
100B,7956,0.00202449900098145,100,112,49.3949366986703
100B,7957,0.002288448999024695,100,112,43.69771842965197
100B,7958,0.0019322739990457194,100,112,51.75249475456711
100B,7959,0.0017246930001419969,100,112,57.98133348472269
100B,7960,0.0017986389993893681,100,112,55.597593532637546
100B,7961,0.001755742001478211,100,112,56.95597639961171
100B,7962,0.0017346860004181508,100,112,57.64732059628931
100B,7963,0.0014011240000399994,100,112,71.37127049222282
100B,7964,0.002133134999894537,100,112,46.879358317661115
100B,7965,0.0016748580001149094,100,112,59.70655422318737
100B,7966,0.0017159990002255654,100,112,58.27509222724206
100B,7967,0.0017284969999309396,100,112,57.853730729064274
100B,7968,0.0021460440002556425,100,112,46.59736705682071
100B,7969,0.0021203349988354603,100,112,47.16235880411465
100B,7970,0.0019263140002294676,100,112,51.912616524661985
100B,7971,0.0019332470001245383,100,112,51.726447781146476
100B,7972,0.002035395000348217,100,112,49.13051274219104
100B,7973,0.0018290579992026323,100,112,54.672951893047916
100B,7974,0.00163018000057491,100,112,61.34291916520466
100B,7975,0.0017623289986659074,100,112,56.74309398284914
100B,7976,0.0022434789989347337,100,112,44.573628746907275
100B,7977,0.0018818450007529464,100,112,53.13933929733263
100B,7978,0.001964404000318609,100,112,50.90602543253876
100B,7979,0.0014258070004871115,100,112,70.13571960709695
100B,7980,0.0018070510013785679,100,112,55.33878120966798
100B,7981,0.0018901840012404136,100,112,52.90490234515584
100B,7982,0.001884798999526538,100,112,53.056055327448725
100B,7983,0.002067093999357894,100,112,48.37709365469747
100B,7984,0.0017647790009505115,100,112,56.66431884453515
100B,7985,0.001998875999561278,100,112,50.02811581206059
100B,7986,0.0017792750004446134,100,112,56.20266680249626
100B,7987,0.0033463709987699986,100,112,29.88311817092494
100B,7988,0.0015239919994201045,100,112,65.61714237217197
100B,7989,0.001285812999412883,100,112,77.77180666680236
100B,7990,0.001509142999566393,100,112,66.26277299681475
100B,7991,0.0020400189987412887,100,112,49.01915132246364
100B,7992,0.0017711849995976081,100,112,56.45937608026197
100B,7993,0.0016226379993895534,100,112,61.628040288481245
100B,7994,0.0013985120003781049,100,112,71.50457055281885
100B,7995,0.0021712400011892896,100,112,46.056631208537674
100B,7996,0.0017304370012425352,100,112,57.78887063105753
100B,7997,0.0014619229987147264,100,112,68.40305548781751
100B,7998,0.0013709720005863346,100,112,72.94094989338382
100B,7999,0.0022130729994387366,100,112,45.18603770655612
100B,8000,0.0013628819997393293,100,112,73.37392380200666
100B,8001,0.0020947489992977353,100,112,47.738416408612686
100B,8002,0.0012907399996038293,100,112,77.47493688170607
100B,8003,0.0016567940001550596,100,112,60.35753388208853
100B,8004,0.001613997999811545,100,112,61.95794543219774
100B,8005,0.0012218270003359066,100,112,81.84464737848144
100B,8006,0.0017945629988389555,100,112,55.723872644592525
100B,8007,0.0014825960006419336,100,112,67.44925789406018
100B,8008,0.001423960999090923,100,112,70.22664248799049
100B,8009,0.0020433170011529,100,112,48.940032282595915
100B,8010,0.0016361210000468418,100,112,61.12017387292078
100B,8011,0.0020208869991620304,100,112,49.483221991860724
100B,8012,0.001788117000614875,100,112,55.92475210828669
100B,8013,0.00154677300088224,100,112,64.65072763939023
100B,8014,0.0016027339988795575,100,112,62.39338534648182
100B,8015,0.0018027320002147462,100,112,55.47136234786298
100B,8016,0.0014460950005741324,100,112,69.15175003045978
100B,8017,0.0017204949999722885,100,112,58.12280768128397
100B,8018,0.0011796760009019636,100,112,84.76903821349373
100B,8019,0.0013130860006640432,100,112,76.15647409950971
100B,8020,0.0013324709998414619,100,112,75.0485376506491
100B,8021,0.001443346000087331,100,112,69.2834566305996
100B,8022,0.0017138889998022933,100,112,58.346835770306924
100B,8023,0.0012934850001329323,100,112,77.31052156748855
100B,8024,0.001740801000778447,100,112,57.444819916396106
100B,8025,0.001822508000259404,100,112,54.869443637979444
100B,8026,0.0016546819988434436,100,112,60.43457296924485
100B,8027,0.0014210490007826593,100,112,70.3705501674635
100B,8028,0.002410332999716047,100,112,41.48804335823334
100B,8029,0.001618611000594683,100,112,61.781366840618084
100B,8030,0.0015419179999298649,100,112,64.85429186542252
100B,8031,0.0020336689995019697,100,112,49.17221043566541
100B,8032,0.001745048000884708,100,112,57.30501393044879
100B,8033,0.002013919000091846,100,112,49.65442999218908
100B,8034,0.0017224329985765507,100,112,58.05741069907612
100B,8035,0.001448625000193715,100,112,69.03097764198994
100B,8036,0.0012272919993847609,100,112,81.48020198137836
100B,8037,0.0015978269984771032,100,112,62.58499831039937
100B,8038,0.001990531000046758,100,112,50.23785110488155
100B,8039,0.002052941999863833,100,112,48.71058218236695
100B,8040,0.0020119280015933327,100,112,49.703567881557234
100B,8041,0.0018337380006414605,100,112,54.53341751385365
100B,8042,0.0016459109992865706,100,112,60.75662659970409
100B,8043,0.0014113369998085545,100,112,70.8547993948751
100B,8044,0.0018436089994793292,100,112,54.24143624176381
100B,8045,0.001713650000965572,100,112,58.35497326971906
100B,8046,0.001803481000024476,100,112,55.44832465584214
100B,8047,0.0018508129996916978,100,112,54.03030993226094
100B,8048,0.0021950179998384556,100,112,45.55771296971578
100B,8049,0.0018300729989277897,100,112,54.64262904189526
100B,8050,0.0019375230003788602,100,112,51.61229052787821
100B,8051,0.0019593979995988775,100,112,51.0360835422266
100B,8052,0.0018061209993902594,100,112,55.36727607605453
100B,8053,0.001628107998840278,100,112,61.420986857893496
100B,8054,0.001960980000148993,100,112,50.99491070403682
100B,8055,0.001509558998805005,100,112,66.24451252263863
100B,8056,0.002167572998587275,100,112,46.13454774772311
100B,8057,0.00171984700136818,100,112,58.144707011988615
100B,8058,0.002275423999890336,100,112,43.947853237383235
100B,8059,0.001968261000001803,100,112,50.80627010335946
100B,8060,0.0018381730005785357,100,112,54.401843552552776
100B,8061,0.002050187000349979,100,112,48.77603847011488
100B,8062,0.001835613998991903,100,112,54.477684336096154
100B,8063,0.0015260069994837977,100,112,65.5304988993019
100B,8064,0.001536140000098385,100,112,65.09823322978069
100B,8065,0.001687855001364369,100,112,59.246795441057145
100B,8066,0.0018232129987154622,100,112,54.84822676804884
100B,8067,0.002086258000417729,100,112,47.93271013459367
100B,8068,0.0017125140002463013,100,112,58.393683196527185
100B,8069,0.0015867080001044087,100,112,63.023568289451994
100B,8070,0.0019048670001211576,100,112,52.49710346897688
100B,8071,0.0016905699994822498,100,112,59.15164709572853
100B,8072,0.002414325999779976,100,112,41.419427206231994
100B,8073,0.0027204590005567297,100,112,36.758502877468636
100B,8074,0.0014825420003035106,100,112,67.45171467623021
100B,8075,0.0013318109995452687,100,112,75.08572915687274
100B,8076,0.001260073000594275,100,112,79.36048145848537
100B,8077,0.001964589000635897,100,112,50.901231742431655
100B,8078,0.0020954829997208435,100,112,47.72169471826869
100B,8079,0.001806954000130645,100,112,55.34175191663422
100B,8080,0.0020802870003535645,100,112,48.07029029312015
100B,8081,0.0018496920001780381,100,112,54.06305481689639
100B,8082,0.0019821589994535316,100,112,50.4500395919648
100B,8083,0.0018584059998829616,100,112,53.80955507370175
100B,8084,0.0019750080009544035,100,112,50.63270627343078
100B,8085,0.002274487000249792,100,112,43.965958033181835
100B,8086,0.0020431369994184934,100,112,48.94434393213057
100B,8087,0.0015574019998894073,100,112,64.20949761660836
100B,8088,0.001982948000659235,100,112,50.42996587240553
100B,8089,0.002071225999316084,100,112,48.280583593012
100B,8090,0.0025514869994367473,100,112,39.19283148300402
100B,8091,0.001941854001415777,100,112,51.4971774021587
100B,8092,0.004731425000500167,100,112,21.135281651812896
100B,8093,0.001852612000220688,100,112,53.97784316850357
100B,8094,0.002392510001300252,100,112,41.79710845332024
100B,8095,0.003502257000945974,100,112,28.5530159474275
100B,8096,0.0017298340007982915,100,112,57.809015173624495
100B,8097,0.0017671759997028857,100,112,56.587459323130766
100B,8098,0.0019587260012485785,100,112,51.053592966170655
100B,8099,0.0023345019999396754,100,112,42.83568829779715
100B,8100,0.0019609099999797763,100,112,50.99673111006183
100B,8101,0.0020482199997786665,100,112,48.82288035992527
100B,8102,0.002285828000822221,100,112,43.74782353004234
100B,8103,0.0018111369990947424,100,112,55.21393469957427
100B,8104,0.0021135280003363732,100,112,47.31425369528331
100B,8105,0.0021206060009717476,100,112,47.15633170620848
100B,8106,0.001914827998916735,100,112,52.22401179456977
100B,8107,0.0019451400003163144,100,112,51.41018126393895
100B,8108,0.0018783309988066321,100,112,53.23875294798064
100B,8109,0.0020516020013019443,100,112,48.742397373632954
100B,8110,0.0022482879994640825,100,112,44.47828748978632
100B,8111,0.0022974140010774136,100,112,43.52720056250341
100B,8112,0.0026719359993876424,100,112,37.42604614141885
100B,8113,0.0022169370004121447,100,112,45.10728089314639
100B,8114,0.00271587400129647,100,112,36.82055940454647
100B,8115,0.0019190689999959432,100,112,52.108600576743925
100B,8116,0.0022382329989341088,100,112,44.67810100540113
100B,8117,0.0016761369988671504,100,112,59.66099433852182
100B,8118,0.002453941999192466,100,112,40.750759403811344
100B,8119,0.002120189999914146,100,112,47.1655842184188
100B,8120,0.0017236749990843236,100,112,58.01557721329339
100B,8121,0.0019437240007391665,100,112,51.44763349218903
100B,8122,0.0021374740008468507,100,112,46.78419478336615
100B,8123,0.0019984490008937428,100,112,50.03880507097163
100B,8124,0.0017061850012396462,100,112,58.61029133847969
100B,8125,0.0015044129995658295,100,112,66.47110868415774
100B,8126,0.0021081710001453757,100,112,47.434482303904275
100B,8127,0.001869904999693972,100,112,53.47865266757721
100B,8128,0.003730245000042487,100,112,26.80789063422403
100B,8129,0.005199242001253879,100,112,19.23357288925644
100B,8130,0.003426941000725492,100,112,29.180543224651302
100B,8131,0.004527787999904831,100,112,22.085839708507088
100B,8132,0.0033519739990879316,100,112,29.83316697182314
100B,8133,0.06435637100003078,100,112,1.5538477146256766
100B,8134,0.008326400999067118,100,112,12.009990872551526
100B,8135,0.0020543929986160947,100,112,48.67617834920739
100B,8136,0.001502428000094369,100,112,66.55892994121442
100B,8137,0.0014335209998534992,100,112,69.75830839605393
100B,8138,0.0015313790008804062,100,112,65.3006211672675
100B,8139,0.002071221999358386,100,112,48.28067683279608
100B,8140,0.002094927000143798,100,112,47.734360191613305
100B,8141,0.0024409090001427103,100,112,40.968344167747915
100B,8142,0.002221459000793402,100,112,45.01546054385188
100B,8143,0.0018563370012998348,100,112,53.869529040243506
100B,8144,0.0023559500004921574,100,112,42.44572252344491
100B,8145,0.002611118999993778,100,112,38.29775663240101
100B,8146,0.0023915789988677716,100,112,41.81337938129675
100B,8147,0.0037245439998514485,100,112,26.84892432576671
100B,8148,0.005149324000740307,100,112,19.420024839303803
100B,8149,0.001923096000609803,100,112,51.99948414862833
100B,8150,0.0017333449995931005,100,112,57.69191939485493
100B,8151,0.0018818539992935257,100,112,53.139085198714355
100B,8152,0.002175904000978335,100,112,45.95790988712635
100B,8153,0.0018794219995470485,100,112,53.20784795756386
100B,8154,0.002485947999957716,100,112,40.22610287974685
100B,8155,0.002470245999575127,100,112,40.481798176051946
100B,8156,0.002140687000064645,100,112,46.71397546534368
100B,8157,0.0026169779994233977,100,112,38.212014018472125
100B,8158,0.0018048080000880873,100,112,55.40755581486745
100B,8159,0.0022475599998870166,100,112,44.49269430183263
100B,8160,0.002129292999597965,100,112,46.96394531841374
100B,8161,0.0026483990004635416,100,112,37.75866098065182
100B,8162,0.0022130519992060727,100,112,45.186466488756146
100B,8163,0.0020855179991485784,100,112,47.94971802728407
100B,8164,0.001875574998848606,100,112,53.3169828246745
100B,8165,0.0021288280004228,100,112,46.97420363699618
100B,8166,0.0022039049999875715,100,112,45.37400659309904
100B,8167,0.0024420669997198274,100,112,40.9489174586417
100B,8168,0.0019591569998738123,100,112,51.04236159043962
100B,8169,0.0018705129987210967,100,112,53.46126975240043
100B,8170,0.0023091009989002487,100,112,43.30689738024747
100B,8171,0.0016917160010052612,100,112,59.111576612491355
100B,8172,0.0017925550000654766,100,112,55.78629386342249
100B,8173,0.0017929810001078295,100,112,55.7730394209342
100B,8174,0.005658367999785696,100,112,17.672940325512123
100B,8175,0.004851285000768257,100,112,20.613095290044562
100B,8176,0.001595583999005612,100,112,62.67297745673137
100B,8177,0.0015946610001265071,100,112,62.70925293342399
100B,8178,0.0022211849991435884,100,112,45.02101357543677
100B,8179,0.003999279000709066,100,112,25.004507057964737
100B,8180,0.0032662599987816066,100,112,30.616056295978396
100B,8181,0.0016149709990713745,100,112,61.92061656679969
100B,8182,0.0013908950004406506,100,112,71.89615317354576
100B,8183,0.0018390219993307255,100,112,54.3767285200465
100B,8184,0.0018958509990625316,100,112,52.74676124307681
100B,8185,0.001625394001166569,100,112,61.5235444010674
100B,8186,0.001659796998865204,100,112,60.24833161426944
100B,8187,0.0023089020014595008,100,112,43.31062987376169
100B,8188,0.0019902590011042776,100,112,50.24471686575259
100B,8189,0.0020551779998640995,100,112,48.657585866826416
100B,8190,0.002099674000419327,100,112,47.62644104752878
100B,8191,0.0023616580001544207,100,112,42.34313350767187
100B,8192,0.002073643001494929,100,112,48.22430858537756
100B,8193,0.00179636900065816,100,112,55.66784995920195
100B,8194,0.002349259000766324,100,112,42.56661354383667
100B,8195,0.0018419460011500632,100,112,54.29040804538385
100B,8196,0.0016823930000100518,100,112,59.439144123520805
100B,8197,0.0018031279996648664,100,112,55.459179835589175
100B,8198,0.0017625979999138508,100,112,56.734434059772916
100B,8199,0.002080833999571041,100,112,48.057653816025095
100B,8200,0.0029651759996340843,100,112,33.72481094287166
100B,8201,0.00226367899995239,100,112,44.17587476055714
100B,8202,0.00210635499934142,100,112,47.47537809688602
100B,8203,0.0018354019994148985,100,112,54.483976824629515
100B,8204,0.002216360999227618,100,112,45.11900364374265
100B,8205,0.0028377560010994785,100,112,35.239111453294555
100B,8206,0.002646766000907519,100,112,37.7819572888998
100B,8207,0.0027271510007267352,100,112,36.668303285498986
100B,8208,0.0027113710002595326,100,112,36.88171039316567
100B,8209,0.002123636000760598,100,112,47.08904914221842
100B,8210,0.002703236999877845,100,112,36.992686917395275
100B,8211,0.0024131099999067374,100,112,41.44029903479942
100B,8212,0.0021854260012332816,100,112,45.757669188326624
100B,8213,0.0021032139993621968,100,112,47.54627918524942
100B,8214,0.0022455920006905217,100,112,44.53168695348483
100B,8215,0.002471312000125181,100,112,40.46433635046268
100B,8216,0.002193486001488054,100,112,45.58953188311223
100B,8217,0.0019579569998313673,100,112,51.07364462478629
100B,8218,0.002325290000953828,100,112,43.00538855754777
100B,8219,0.0018857929990190314,100,112,53.028089536878596
100B,8220,0.0020499610000115354,100,112,48.78141584129517
100B,8221,0.002365668000493315,100,112,42.27135844046878
100B,8222,0.002246149000711739,100,112,44.5206439859123
100B,8223,0.0018769830003293464,100,112,53.27698758190853
100B,8224,0.002532188000259339,100,112,39.491538538907186
100B,8225,0.0019050850005442044,100,112,52.4910961828129
100B,8226,0.0021069800004624994,100,112,47.46129530325356
100B,8227,0.002700031998756458,100,112,37.03659810182123
100B,8228,0.0064576349996059434,100,112,15.4855454057255
100B,8229,0.0027026049992855405,100,112,37.001337608135835
100B,8230,0.0027054170004703337,100,112,36.96287854427436
100B,8231,0.0018436469999869587,100,112,54.24031823917885
100B,8232,0.0019864420009980677,100,112,50.34126339946297
100B,8233,0.0022318720002658665,100,112,44.805436865594324
100B,8234,0.0017142920005426276,100,112,58.333119426764426
100B,8235,0.002127525000105379,100,112,47.00297293571021
100B,8236,0.002127129000655259,100,112,47.01172329896078
100B,8237,0.001684783999735373,100,112,59.35478970343194
100B,8238,0.002116993999152328,100,112,47.236789542172204
100B,8239,0.0019716549995791866,100,112,50.718812379114574
100B,8240,0.001762055999279255,100,112,56.751885320843165
100B,8241,0.002043341999524273,100,112,48.93943354723869
100B,8242,0.0026217670001642546,100,112,38.14221477108185
100B,8243,0.0018186729994340567,100,112,54.985145779982695
100B,8244,0.0017655249994277256,100,112,56.64037611045657
100B,8245,0.001993077999941306,100,112,50.17365100760978
100B,8246,0.002010893000260694,100,112,49.729150177078495
100B,8247,0.00220883800102456,100,112,45.2726727598925
100B,8248,0.0022203319986147108,100,112,45.03830961423385
100B,8249,0.0019377030002942774,100,112,51.607496084184774
100B,8250,0.0045589399996970315,100,112,21.934923470509723
100B,8251,0.004666438999265665,100,112,21.429616891110438
100B,8252,0.003555909999704454,100,112,28.122196570866922
100B,8253,0.0028458899996621767,100,112,35.138392563265114
100B,8254,0.0031148810012382455,100,112,32.103955162411474
100B,8255,0.004140719000133686,100,112,24.15039513591032
100B,8256,0.0038468010006909026,100,112,25.99562597130435
100B,8257,0.003779042999667581,100,112,26.461725894306145
100B,8258,0.004508120999162202,100,112,22.182190766082854
100B,8259,0.005069026999990456,100,112,19.727651874844675
100B,8260,0.0054556739996769466,100,112,18.329540952395877
100B,8261,0.00435998600005405,100,112,22.93585346346532
100B,8262,0.0024442029989586445,100,112,40.91313202815196
100B,8263,0.003386669000974507,100,112,29.52753870284495
100B,8264,0.003080448999753571,100,112,32.462800068431505
100B,8265,0.004429338001500582,100,112,22.576737193260424
100B,8266,0.004210055998555617,100,112,23.752653179508282
100B,8267,0.003291084000011324,100,112,30.385125387153877
100B,8268,0.005044011000791215,100,112,19.825492050733786
100B,8269,0.005120851999890874,100,112,19.52800041909647
100B,8270,0.00295610400098667,100,112,33.82830914156695
100B,8271,0.002145245000065188,100,112,46.614722326336285
100B,8272,0.001762247000442585,100,112,56.74573426703815
100B,8273,0.0023433540009136777,100,112,42.673876828259765
100B,8274,0.0025636889986344613,100,112,39.00629134550431
100B,8275,0.0023277150012290804,100,112,42.96058578786406
100B,8276,0.0022977759999776026,100,112,43.52034314962587
100B,8277,0.0024917689988797065,100,112,40.132131046240545
100B,8278,0.0018940869995276444,100,112,52.79588531304974
100B,8279,0.0029568519985332387,100,112,33.8197515633537
100B,8280,0.00225677500020538,100,112,44.31101903862787
100B,8281,0.0024195210007746937,100,112,41.330494741720166
100B,8282,0.0020610489991668146,100,112,48.518982343663495
100B,8283,0.001910495000629453,100,112,52.342455733751144
100B,8284,0.0020758959999511717,100,112,48.17197008055903
100B,8285,0.002012390001254971,100,112,49.69215705585785
100B,8286,0.0019218729994463501,100,112,52.032574487912484
100B,8287,0.001998593999815057,100,112,50.035174732463744
100B,8288,0.002043704998868634,100,112,48.93074100976344
100B,8289,0.0019311819996801205,100,112,51.781758537809445
100B,8290,0.002238790999399498,100,112,44.66696535175574
100B,8291,0.002412863999779802,100,112,41.44452402171279
100B,8292,0.002801226999508799,100,112,35.698642065614536
100B,8293,0.002115061000949936,100,112,47.27996022577461
100B,8294,0.0021866550014237873,100,112,45.73195128398738
100B,8295,0.002127122001184034,100,112,47.01187799493228
100B,8296,0.002727860000959481,100,112,36.65877279802724
100B,8297,0.0018063399984384887,100,112,55.360563396949715
100B,8298,0.0016385380004066974,100,112,61.030015767213975
100B,8299,0.0019320689989399398,100,112,51.75798589743253
100B,8300,0.002277957999467617,100,112,43.89896566283095
100B,8301,0.0020365640011732467,100,112,49.10231151213067
100B,8302,0.002214539999840781,100,112,45.15610465703474
100B,8303,0.0021363309988373658,100,112,46.8092257493909
100B,8304,0.0021255989995552227,100,112,47.04556222548317
100B,8305,0.003405817000384559,100,112,29.36153057804009
100B,8306,0.005694982999557396,100,112,17.559314928204667
100B,8307,0.002772629000901361,100,112,36.06685206260583
100B,8308,0.0019109580007352633,100,112,52.329773841980746
100B,8309,0.0025896220013237325,100,112,38.615674391429785
100B,8310,0.0024061489984887885,100,112,41.56018603287088
100B,8311,0.002165916999729234,100,112,46.16982091765346
100B,8312,0.0020742260003316915,100,112,48.210754268825525
100B,8313,0.0020160709991614567,100,112,49.6014277481264
100B,8314,0.0020778660000360105,100,112,48.12629880765504
100B,8315,0.0022028750008757925,100,112,45.39522213482073
100B,8316,0.0023689999998168787,100,112,42.211903760122375
100B,8317,0.001967935999346082,100,112,50.81466065625539
100B,8318,0.0019278510008007288,100,112,51.87122861593827
100B,8319,0.0019087910004600417,100,112,52.38918245942001
100B,8320,0.0019606320001912536,100,112,51.00396198279193
100B,8321,0.001908135000121547,100,112,52.40719340802934
100B,8322,0.0024487490009050816,100,112,40.83717847890454
100B,8323,0.002059071999610751,100,112,48.56556741041795
100B,8324,0.002422567000394338,100,112,41.27852810003699
100B,8325,0.001945369998793467,100,112,51.4041031073887
100B,8326,0.0021170690015424043,100,112,47.23511606241665
100B,8327,0.001956916001290665,100,112,51.100813695654786
100B,8328,0.002073848998406902,100,112,48.219518430135665
100B,8329,0.002022131000558147,100,112,49.45278024638269
100B,8330,0.0018751999996311497,100,112,53.327645061684045
100B,8331,0.0021050120012660045,100,112,47.50566739755289
100B,8332,0.0019958869997935835,100,112,50.103036900557036
100B,8333,0.001981627001441666,100,112,50.463583675055084
100B,8334,0.0018540189994382672,100,112,53.9368798433555
100B,8335,0.002626340999995591,100,112,38.07578680764146
100B,8336,0.0020105389994569123,100,112,49.73790611722133
100B,8337,0.0018732129992713453,100,112,53.384212067126725
100B,8338,0.0018696869992709253,100,112,53.484888133144466
100B,8339,0.0021977479991619475,100,112,45.50112207502058
100B,8340,0.002046233999863034,100,112,48.87026606277364
100B,8341,0.002743841998380958,100,112,36.445247233261384
100B,8342,0.0027326039999024943,100,112,36.59513050686021
100B,8343,0.001756474999638158,100,112,56.932207985084034
100B,8344,0.0016326860004483024,100,112,61.248764289362455
100B,8345,0.001745182000377099,100,112,57.30061390639601
100B,8346,0.007957165998959681,100,112,12.567288405579824
100B,8347,0.003231421000236878,100,112,30.946137935189977
100B,8348,0.003611088999605272,100,112,27.69247725850318
100B,8349,0.002329728999029612,100,112,42.92344733728789
100B,8350,0.0017213249993801583,100,112,58.0947816571592
100B,8351,0.0017022390002239263,100,112,58.74615725925983
100B,8352,0.0026703530002123443,100,112,37.44823249662051
100B,8353,0.0017648630000621779,100,112,56.661621891601165
100B,8354,0.0017801609992602607,100,112,56.17469433470042
100B,8355,0.001481035000324482,100,112,67.52034893037022
100B,8356,0.001752369000314502,100,112,57.06560660571647
100B,8357,0.001575086998855113,100,112,63.4885565512808
100B,8358,0.004543686000033631,100,112,22.008563091564827
100B,8359,0.001828496000598534,100,112,54.689755934531064
100B,8360,0.0025596449995646253,100,112,39.06791762803404
100B,8361,0.0020205470009386772,100,112,49.491548552715386
100B,8362,0.0015543779991276097,100,112,64.33441547430851
100B,8363,0.0019941649989050347,100,112,50.14630186313994
100B,8364,0.0018891339987021638,100,112,52.93430750211476
100B,8365,0.00233198500063736,100,112,42.881922470628574
100B,8366,0.0019794429990724893,100,112,50.51926226057389
100B,8367,0.0020811300000787014,100,112,48.05081854387681
100B,8368,0.0018875999994634185,100,112,52.97732571965811
100B,8369,0.0018838929991034092,100,112,53.08157100620494
100B,8370,0.0019044029995711753,100,112,52.5098941886342
100B,8371,0.0024884080012270715,100,112,40.1863359829612
100B,8372,0.0023003389997029444,100,112,43.471853501989735
100B,8373,0.0024252750008599833,100,112,41.23243754400668
100B,8374,0.0016538580002816161,100,112,60.4646831729037
100B,8375,0.001932973000293714,100,112,51.73378002941845
100B,8376,0.0022383260002243333,100,112,44.67624465336043
100B,8377,0.002107928001350956,100,112,47.4399504802397
100B,8378,0.0022292150006251177,100,112,44.85884043125403
100B,8379,0.0027204109992453596,100,112,36.75915147664818
100B,8380,0.0022082470004534116,100,112,45.28478923755692
100B,8381,0.0020820320005441317,100,112,48.03000144755958
100B,8382,0.001949157998751616,100,112,51.304204207174244
100B,8383,0.002067546000034781,100,112,48.36651760024577
100B,8384,0.0023300429984374205,100,112,42.917662921698124
100B,8385,0.0024590770008217078,100,112,40.66566438000303
100B,8386,0.0054659699999319855,100,112,18.29501442584652
100B,8387,0.004390636999232811,100,112,22.775738467441805
100B,8388,0.006043133000275702,100,112,16.54770795139504
100B,8389,0.0018706509999901755,100,112,53.45732581893961
100B,8390,0.002033299000686384,100,112,49.181158288202006
100B,8391,0.0025642700002208585,100,112,38.99745346292983
100B,8392,0.0021759589999419404,100,112,45.95674826716323
100B,8393,0.0019722240012924885,100,112,50.70417961370789
100B,8394,0.0024689820002095075,100,112,40.5025228987147
100B,8395,0.002725815998928738,100,112,36.68626203650599
100B,8396,0.0016704270001355326,100,112,59.86493273389759
100B,8397,0.005243360999884317,100,112,19.07173662126378
100B,8398,0.0039165279995359015,100,112,25.532818867080675
100B,8399,0.0022468249990197364,100,112,44.50724913761812
100B,8400,0.003886654998495942,100,112,25.729065234423434
100B,8401,0.002168536999306525,100,112,46.114039111151406
100B,8402,0.0018120969998562941,100,112,55.184683826489625
100B,8403,0.001897645001008641,100,112,52.69689533440014
100B,8404,0.0019915680004487513,100,112,50.21169248424731
100B,8405,0.002246031999675324,100,112,44.522963169917226
100B,8406,0.0021750739997514756,100,112,45.97544727739195
100B,8407,0.0028782449990103487,100,112,34.74339398987364
100B,8408,0.002116904999638791,100,112,47.23877548452248
100B,8409,0.0026698050005506957,100,112,37.45591905752412
100B,8410,0.001984962000278756,100,112,50.37879817646716
100B,8411,0.001872806000392302,100,112,53.39581354344909
100B,8412,0.0018539570010034367,100,112,53.938683554082395
100B,8413,0.001656320000620326,100,112,60.37480677800663
100B,8414,0.0018324330012546852,100,112,54.57225444615383
100B,8415,0.0018907230005424935,100,112,52.88982043975115
100B,8416,0.001730125999529264,100,112,57.799258566837445
100B,8417,0.0019882669985236134,100,112,50.29505598305205
100B,8418,0.0018079229994327761,100,112,55.312090189335684
100B,8419,0.002073075000225799,100,112,48.237521550888424
100B,8420,0.001778489000571426,100,112,56.22750546552165
100B,8421,0.00207940700056497,100,112,48.09063351851284
100B,8422,0.0018090039993694518,100,112,55.27903754488995
100B,8423,0.0018139370004064403,100,112,55.1287062216568
100B,8424,0.002571332999650622,100,112,38.890334318265054
100B,8425,0.0019591029995353892,100,112,51.043768512281126
100B,8426,0.0021160509986657416,100,112,47.257840223630794
100B,8427,0.0017264049984078156,100,112,57.92383600153234
100B,8428,0.0028291990001889644,100,112,35.34569324862653
100B,8429,0.0020745780002471292,100,112,48.2025742045311
100B,8430,0.002055140999800642,100,112,48.65846188154509
100B,8431,0.0017990960004681256,100,112,55.58347079532163
100B,8432,0.0026300969984731637,100,112,38.02141139967556
100B,8433,0.0017510609995952109,100,112,57.10823325007912
100B,8434,0.002273549000165076,100,112,43.984097106655405
100B,8435,0.0020694449995062314,100,112,48.3221346901512
100B,8436,0.0027118289999634726,100,112,36.87548145600146
100B,8437,0.0022073439995438093,100,112,45.30331476229666
100B,8438,0.0027779419997386867,100,112,35.997871809205066
100B,8439,0.0023097079993021907,100,112,43.29551615624659
100B,8440,0.002181096999265719,100,112,45.84848818446207
100B,8441,0.0016708610000932822,100,112,59.849383039293585
100B,8442,0.0021515720000024885,100,112,46.477645182166505
100B,8443,0.0021805730011692503,100,112,45.85950571082865
100B,8444,0.0022440279990405543,100,112,44.56272383533339
100B,8445,0.00197405200015055,100,112,50.65722685743514
100B,8446,0.0020766229990840657,100,112,48.15510569039586
100B,8447,0.0020321729989518644,100,112,49.208408955131816
100B,8448,0.002434984000501572,100,112,41.06803165006481
100B,8449,0.002687031001187279,100,112,37.21579689844087
100B,8450,0.002291377000801731,100,112,43.641879954721965
100B,8451,0.002201792000050773,100,112,45.41755079394149
100B,8452,0.0018374859992036363,100,112,54.42218337627599
100B,8453,0.002068782001515501,100,112,48.33762084489534
100B,8454,0.001810838000892545,100,112,55.22305139979994
100B,8455,0.002339839000342181,100,112,42.73798324815335
100B,8456,0.0022245769996516174,100,112,44.95236623216936
100B,8457,0.0022538110006280476,100,112,44.36929271005154
100B,8458,0.0018331819992454257,100,112,54.549957418937126
100B,8459,0.0020427529998414684,100,112,48.95354455862294
100B,8460,0.0022849770011816872,100,112,43.76411664024824
100B,8461,0.0020491850009420887,100,112,48.79988871381851
100B,8462,0.0018768210011330666,100,112,53.28158622459382
100B,8463,0.002105866999045247,100,112,47.486379740666315
100B,8464,0.002403417000095942,100,112,41.60742808926129
100B,8465,0.0021489099999598693,100,112,46.53522018226333
100B,8466,0.002098814999044407,100,112,47.645933560380556
100B,8467,0.0022063930009608157,100,112,45.32284137796535
100B,8468,0.002555617000325583,100,112,39.129493968485924
100B,8469,0.0023285009992832784,100,112,42.94608421073489
100B,8470,0.0024189150008169236,100,112,41.3408490857379
100B,8471,0.0020796919998247176,100,112,48.084043218143975
100B,8472,0.0018339629987167427,100,112,54.52672713133897
100B,8473,0.002095932000884204,100,112,47.711471535247
100B,8474,0.002292283999850042,100,112,43.62461196193048
100B,8475,0.0020479190006881254,100,112,48.830056250466356
100B,8476,0.001817267999285832,100,112,55.027656921983436
100B,8477,0.0022555100003955886,100,112,44.335870815230805
100B,8478,0.0022924790009710705,100,112,43.62090119806595
100B,8479,0.0023829849997127894,100,112,41.96417518870348
100B,8480,0.002131320999978925,100,112,46.91925805685245
100B,8481,0.0020192440006212564,100,112,49.523485011832754
100B,8482,0.0021204590011620894,100,112,47.15960079642961
100B,8483,0.0022153059999254765,100,112,45.14049075087777
100B,8484,0.0023282250003830995,100,112,42.95117524446538
100B,8485,0.002505123000446474,100,112,39.91819961821338
100B,8486,0.0029365380014496623,100,112,34.05370540092913
100B,8487,0.0037584139990940457,100,112,26.606967732693814
100B,8488,0.0025955960009014234,100,112,38.52679691495558
100B,8489,0.002381953001531656,100,112,41.98235646786375
100B,8490,0.0019168729995726608,100,112,52.16829702452565
100B,8491,0.002381518999754917,100,112,41.99000722240345
100B,8492,0.0020952619997842703,100,112,47.726728213605774
100B,8493,0.001947732000189717,100,112,51.34176569993182
100B,8494,0.001805068000976462,100,112,55.39957494449208
100B,8495,0.004618430999471457,100,112,21.652375019014947
100B,8496,0.0022690469995723106,100,112,44.071365652121294
100B,8497,0.0023583549991599284,100,112,42.402437307199754
100B,8498,0.001967201998922974,100,112,50.83362057112037
100B,8499,0.002232565000667819,100,112,44.791529012632274
100B,8500,0.0022457140003098175,100,112,44.529267745672
100B,8501,0.0037156700000195997,100,112,26.91304663747656
100B,8502,0.0021919920000073034,100,112,45.62060445460878
100B,8503,0.0018072779985232046,100,112,55.33183056603013
100B,8504,0.0024256409997178707,100,112,41.226216085410464
100B,8505,0.0026275959990016418,100,112,38.05760095463501
100B,8506,0.0019061809998675017,100,112,52.46091531022027
100B,8507,0.0020753709995915415,100,112,48.18415599894247
100B,8508,0.0022937789999559755,100,112,43.59617905731952
100B,8509,0.0021781100003863685,100,112,45.911363513441145
100B,8510,0.002232520999314147,100,112,44.79241182086126
100B,8511,0.0034823539990611607,100,112,28.716207492678777
100B,8512,0.003202316000169958,100,112,31.227399168193475
100B,8513,0.004715828001280897,100,112,21.205183898318246
100B,8514,0.005827041000884492,100,112,17.16136886368586
100B,8515,0.0029855190005037002,100,112,33.49501375912482
100B,8516,0.0030564509997930145,100,112,32.71768466328172
100B,8517,0.004141077999520348,100,112,24.14830148371578
100B,8518,0.002653108000231441,100,112,37.69164315635722
100B,8519,0.0018898909984272905,100,112,52.91310455640931
100B,8520,0.005903540999497636,100,112,16.938986281031934
100B,8521,0.00605236899900774,100,112,16.522455920383337
100B,8522,0.003030481999303447,100,112,32.998051142684524
100B,8523,0.0025573759994586,100,112,39.102580152926336
100B,8524,0.0024433489998045843,100,112,40.92743198290456
100B,8525,0.0014022519990248838,100,112,71.31385804373201
100B,8526,0.001555566001115949,100,112,64.28528260984163
100B,8527,0.0020296590009820648,100,112,49.2693600016625
100B,8528,0.0013510280004993547,100,112,74.01771093052025
100B,8529,0.0018665820007299772,100,112,53.57385850763176
100B,8530,0.0019698809992405586,100,112,50.76448782365669
100B,8531,0.002121479001289117,100,112,47.13692661545789
100B,8532,0.0021230660004221136,100,112,47.1016916007876
100B,8533,0.002061073999357177,100,112,48.51839382340893
100B,8534,0.002087306998873828,100,112,47.90862103847366
100B,8535,0.002758220000032452,100,112,36.25526607697118
100B,8536,0.0022154119997139787,100,112,45.1383309347925
100B,8537,0.002287671999511076,100,112,43.712560201537684
100B,8538,0.0026037779989565024,100,112,38.40573199407795
100B,8539,0.0020465850011532893,100,112,48.86188452649076
100B,8540,0.00297476399828156,100,112,33.61611208746888
100B,8541,0.0022955179993005004,100,112,43.56315220811704
100B,8542,0.00232139300169365,100,112,43.07758312661477
100B,8543,0.0021673619994544424,100,112,46.139039083074955
100B,8544,0.0023584360005770577,100,112,42.40098097872157
100B,8545,0.0029197200001362944,100,112,34.249859573976934
100B,8546,0.0015743759995530127,100,112,63.517228431068176
100B,8547,0.002213842000855948,100,112,45.170341858785115
100B,8548,0.0020823860013479134,100,112,48.021836458404316
100B,8549,0.002317898999535828,100,112,43.14251829783159
100B,8550,0.00197375599964289,100,112,50.664823827308396
100B,8551,0.0023247379995154915,100,112,43.01560004647467
100B,8552,0.001985635999517399,100,112,50.361697725214796
100B,8553,0.0019022989999939455,100,112,52.567971701776784
100B,8554,0.0022040269996068673,100,112,45.37149500339017
100B,8555,0.0019481260005704826,100,112,51.33138204136505
100B,8556,0.0019948839999415213,100,112,50.128228008712
100B,8557,0.0017395140002918197,100,112,57.48732116167163
100B,8558,0.00198873800036381,100,112,50.283144376839225
100B,8559,0.0020358840010885615,100,112,49.11871204181145
100B,8560,0.002061172001049272,100,112,48.51608693941769
100B,8561,0.002221808999820496,100,112,45.008369309908815
100B,8562,0.00200959799985867,100,112,49.76119602379817
100B,8563,0.0023237959994730772,100,112,43.03303733317171
100B,8564,0.00199574199905328,100,112,50.10667713934818
100B,8565,0.002050049999525072,100,112,48.77929807720136
100B,8566,0.002383331999226357,100,112,41.95806544470538
100B,8567,0.002221952001491445,100,112,45.00547263526701
100B,8568,0.002105031999235507,100,112,47.505216089977445
100B,8569,0.0019076740009040805,100,112,52.41985787540651
100B,8570,0.0021960159992886474,100,112,45.537008852573415
100B,8571,0.002103511000314029,100,112,47.53956598518915
100B,8572,0.002305502001036075,100,112,43.37450149904913
100B,8573,0.0021957290009595454,100,112,45.542960882831835
100B,8574,0.002390452000327059,100,112,41.83309264788337
100B,8575,0.0025853620009002043,100,112,38.679302923606336
100B,8576,0.0020855140010098694,100,112,47.949809951684315
100B,8577,0.0022784550001233583,100,112,43.88938995704804
100B,8578,0.002480635999745573,100,112,40.31224250968563
100B,8579,0.0020053270000062184,100,112,49.8671787691932
100B,8580,0.001977609001187375,100,112,50.56611288680375
100B,8581,0.0017695870010356884,100,112,56.51036085904387
100B,8582,0.0023823740011721384,100,112,41.9749375836034
100B,8583,0.0021819459998368984,100,112,45.83064842460586
100B,8584,0.00211163700078032,100,112,47.35662425078112
100B,8585,0.00228296000022965,100,112,43.80278234832878
100B,8586,0.0020518340006674407,100,112,48.73688610651301
100B,8587,0.0023834479998185998,100,112,41.95602337773294
100B,8588,0.0021372909995989176,100,112,46.78820058605306
100B,8589,0.0019430929987720447,100,112,51.46434064823244
100B,8590,0.0023275780004041735,100,112,42.9631144402617
100B,8591,0.002030953000939917,100,112,49.2379685564956
100B,8592,0.002024822000748827,100,112,49.387057214420636
100B,8593,0.0025646220001362963,100,112,38.99210097811121
100B,8594,0.003217772999050794,100,112,31.077394219386775
100B,8595,0.0048243039982480695,100,112,20.728378650332708
100B,8596,0.0033542199998919386,100,112,29.813190548986547
100B,8597,0.0019901569994544843,100,112,50.24729206158644
100B,8598,0.004440347000127076,100,112,22.520762453280827
100B,8599,0.0048199180000665365,100,112,20.747240927878764
100B,8600,0.0038528910008608364,100,112,25.954536470836416
100B,8601,0.0021082069997646613,100,112,47.4336723154619
100B,8602,0.004089169999133446,100,112,24.454840474030533
100B,8603,0.003781062001507962,100,112,26.44759592942883
100B,8604,0.002974281000206247,100,112,33.621571059716835
100B,8605,0.002354664000449702,100,112,42.46890426018389
100B,8606,0.002589034998891293,100,112,38.62442958199606
100B,8607,0.0024290349992952542,100,112,41.168612238610564
100B,8608,0.0018393589998595417,100,112,54.36676581767684
100B,8609,0.0019755859993892955,100,112,50.61789263080047
100B,8610,0.002784931999485707,100,112,35.907519472097334
100B,8611,0.0043285930005367845,100,112,23.10219509840706
100B,8612,0.0024419750006927643,100,112,40.95046016917904
100B,8613,0.002293314999405993,100,112,43.604999760565676
100B,8614,0.001970101999177132,100,112,50.75879322074075
100B,8615,0.0019294949997856747,100,112,51.82703246761865
100B,8616,0.002070210999590927,100,112,48.30425498645306
100B,8617,0.0020513809995463816,100,112,48.74764854608326
100B,8618,0.0020117240001127357,100,112,49.70860813630303
100B,8619,0.0020761610012414167,100,112,48.165821407976615
100B,8620,0.002252922999105067,100,112,44.38678110158367
100B,8621,0.0017215700008819113,100,112,58.08651402427601
100B,8622,0.0020112350011913804,100,112,49.720693971994194
100B,8623,0.0020206930003041634,100,112,49.487972683108005
100B,8624,0.005621149999569752,100,112,17.789954014330537
100B,8625,0.0038290339998638956,100,112,26.116247597580628
100B,8626,0.00465293400156952,100,112,21.491815694413066
100B,8627,0.0038331619998643873,100,112,26.088122548313347
100B,8628,0.002357676999963587,100,112,42.41463101245185
100B,8629,0.0020981529996788595,100,112,47.66096658122924
100B,8630,0.002217334000306437,100,112,45.09920471439122
100B,8631,0.0018604229990160093,100,112,53.75121682159955
100B,8632,0.0017479910002293764,100,112,57.20853253070395
100B,8633,0.001580273999934434,100,112,63.28016534104151
100B,8634,0.002282550000018091,100,112,43.81065036875749
100B,8635,0.0018814480008586543,100,112,53.150552103678685
100B,8636,0.0022377299992513144,100,112,44.68814380352293
100B,8637,0.0019395269991946407,100,112,51.55896259321138
100B,8638,0.002115352001055726,100,112,47.27345611987612
100B,8639,0.0017430890002287924,100,112,57.36941715935004
100B,8640,0.002291629998580902,100,112,43.637061856375276
100B,8641,0.0018660250007087598,100,112,53.58985006203972
100B,8642,0.0020043629992869683,100,112,49.89116244690906
100B,8643,0.0025151709996862337,100,112,39.75872813915036
100B,8644,0.001812922000681283,100,112,55.15957110257404
100B,8645,0.0026300029985577567,100,112,38.02277033708254
100B,8646,0.0016886969988263445,100,112,59.21725452789971
100B,8647,0.002048278000074788,100,112,48.821497861300436
100B,8648,0.002025806999881752,100,112,49.36304396511469
100B,8649,0.0021650279995810706,100,112,46.1887790917022
100B,8650,0.001962794000064605,100,112,50.94778157906969
100B,8651,0.002397760999883758,100,112,41.70557449422521
100B,8652,0.0020683309994637966,100,112,48.34816092101527
100B,8653,0.0016899109996302286,100,112,59.17471394758724
100B,8654,0.0019203140000172425,100,112,52.0748169305135
100B,8655,0.0017614150001463713,100,112,56.77253798320675
100B,8656,0.00282988400067552,100,112,35.33713748553971
100B,8657,0.004039792000185116,100,112,24.753749696869956
100B,8658,0.004436700999576715,100,112,22.53926960810308
100B,8659,0.004594174000885687,100,112,21.76669842733896
100B,8660,0.006638107999606291,100,112,15.064533449279681
100B,8661,0.005659373999151285,100,112,17.669798817854524
100B,8662,0.0054072880011517555,100,112,18.49355905931031
100B,8663,0.005271163998258999,100,112,18.97114186411745
100B,8664,0.003421843000978697,100,112,29.2240175751484
100B,8665,0.0026264120006089797,100,112,38.07475749304117
100B,8666,0.005802329998914502,100,112,17.234455816664678
100B,8667,0.005225245000474388,100,112,19.13785860584934
100B,8668,0.00427390699951502,100,112,23.39779504124621
100B,8669,0.004814210999029456,100,112,20.771835721400656
100B,8670,0.00233060599930468,100,112,42.907295368601254
100B,8671,0.002092393000566517,100,112,47.792169048990765
100B,8672,0.0021823170009156456,100,112,45.822857063406694
100B,8673,0.0018109360007656505,100,112,55.220062971701225
100B,8674,0.0021779560011054855,100,112,45.914609821888995
100B,8675,0.001935627999046119,100,112,51.66281953416678
100B,8676,0.002138154000931536,100,112,46.769315940962485
100B,8677,0.0017862130007415544,100,112,55.984364663388156
100B,8678,0.002093369999784045,100,112,47.76986390858575
100B,8679,0.0026561680006125243,100,112,37.64822103757727
100B,8680,0.0027419069992902223,100,112,36.47096711372278
100B,8681,0.0019718330004252493,100,112,50.71423390238108
100B,8682,0.0020195750003040303,100,112,49.51536832499206
100B,8683,0.0024886119990696898,100,112,40.183041806992286
100B,8684,0.0023651489991607377,100,112,42.28063434290378
100B,8685,0.003079688000070746,100,112,32.470821718856854
100B,8686,0.0022387949993571965,100,112,44.66688554723055
100B,8687,0.0017946350017155055,100,112,55.721636936986755
100B,8688,0.0022028809999028454,100,112,45.3950985116356
100B,8689,0.0026144140010728734,100,112,38.24948916237564
100B,8690,0.0021741370001109317,100,112,45.995261565806416
100B,8691,0.0014451530005317181,100,112,69.19682550097242
100B,8692,0.005255063000731752,100,112,19.029267581773098
100B,8693,0.004629438999472768,100,112,21.600889440683563
100B,8694,0.002155796000806731,100,112,46.386578304523475
100B,8695,0.0026758060012070928,100,112,37.37191708026988
100B,8696,0.0013469329987856327,100,112,74.24274265324108
100B,8697,0.001608828000826179,100,112,62.15704845306469
100B,8698,0.001638149000427802,100,112,61.04450814540377
100B,8699,0.002520254000046407,100,112,39.67854033687027
100B,8700,0.002792070999930729,100,112,35.81570812578941
100B,8701,0.0015589119993819622,100,112,64.14730275964612
100B,8702,0.0019935000000259606,100,112,50.1630298463495
100B,8703,0.0028733929993904894,100,112,34.80206154229937
100B,8704,0.002090408999720239,100,112,47.83752845179248
100B,8705,0.0029252360000100452,100,112,34.1852759912898
100B,8706,0.0018314410008315463,100,112,54.6018135198437
100B,8707,0.0022063330015953397,100,112,45.324073894417886
100B,8708,0.0020365009986562654,100,112,49.10383057311659
100B,8709,0.001769337999576237,100,112,56.5183136427016
100B,8710,0.0020894380013487535,100,112,47.859759387667395
100B,8711,0.0020252089998393785,100,112,49.377619795256244
100B,8712,0.001626368999495753,100,112,61.486661410174726
100B,8713,0.0019215580014133593,100,112,52.04110410742076
100B,8714,0.0026858470009756275,100,112,37.23220271433006
100B,8715,0.005020427999625099,100,112,19.918620485637383
100B,8716,0.002278410000144504,100,112,43.89025679910889
100B,8717,0.002090732999931788,100,112,47.830115085600404
100B,8718,0.0023206610003398964,100,112,43.091171000569865
100B,8719,0.0021268750006129267,100,112,47.01733762970641
100B,8720,0.0020911760002491064,100,112,47.81998262608587
100B,8721,0.002404187000138336,100,112,41.59410228665492
100B,8722,0.0021116909992997535,100,112,47.3554132840271
100B,8723,0.00225902700003644,100,112,44.26684585814465
100B,8724,0.002550041001086356,100,112,39.21505574122082
100B,8725,0.00256052999975509,100,112,39.05441451948027
100B,8726,0.0023233379997691372,100,112,43.0415204373779
100B,8727,0.0021324400004232302,100,112,46.894637119990605
100B,8728,0.002116800000294461,100,112,47.24111866311855
100B,8729,0.0019660020006995182,100,112,50.8646481358713
100B,8730,0.002332918998945388,100,112,42.86475443219661
100B,8731,0.0019628629997896496,100,112,50.945990632416276
100B,8732,0.0023432199996022973,100,112,42.67631721177375
100B,8733,0.0024220230006903876,100,112,41.28779948476766
100B,8734,0.0026114110005437396,100,112,38.29347428619176
100B,8735,0.00198969700068119,100,112,50.25890875131447
100B,8736,0.001900102999570663,100,112,52.62872592832886
100B,8737,0.0023424789997079642,100,112,42.689817075186994
100B,8738,0.0021749930001533357,100,112,45.97715946347876
100B,8739,0.0019462729997030692,100,112,51.38025344607687
100B,8740,0.0017728570001054322,100,112,56.40612863533437
100B,8741,0.002050725999652059,100,112,48.76321849772555
100B,8742,0.0019889819996024016,100,112,50.276975870063204
100B,8743,0.002199829999881331,100,112,45.45805812512534
100B,8744,0.0022335989997372963,100,112,44.77079368846487
100B,8745,0.0021001339991926216,100,112,47.61600928247633
100B,8746,0.0018460719984432217,100,112,54.1690682077022
100B,8747,0.0020793590010725893,100,112,48.0917436327336
100B,8748,0.0020025089997943724,100,112,49.93735359504926
100B,8749,0.0019505529999150895,100,112,51.267512343603656
100B,8750,0.03209748799963563,100,112,3.1155086030762034
100B,8751,0.021162326000194298,100,112,4.725378486234541
100B,8752,0.008004370998605737,100,112,12.493174044208944
100B,8753,0.0018944160001410637,100,112,52.78671632447874
100B,8754,0.002122152000083588,100,112,47.12197806569047
100B,8755,0.002057223999145208,100,112,48.609193768666294
100B,8756,0.002504754000256071,100,112,39.924080364689154
100B,8757,0.002025578000029782,100,112,49.36862465850721
100B,8758,0.002240075000372599,100,112,44.64136244695676
100B,8759,0.0021114770006533945,100,112,47.360212765308404
100B,8760,0.002453413000694127,100,112,40.759545976037344
100B,8761,0.002071052000246709,100,112,48.284639877747026
100B,8762,0.0018181530012952862,100,112,55.000871724633804
100B,8763,0.0019268100004410371,100,112,51.89925315786741
100B,8764,0.001966197000001557,100,112,50.859603590037416
100B,8765,0.0018548509997344809,100,112,53.91268625583125
100B,8766,0.001871246999144205,100,112,53.44029946112616
100B,8767,0.002506295999410213,100,112,39.89951706563479
100B,8768,0.0020092479990125867,100,112,49.76986417263744
100B,8769,0.0016703399996913504,100,112,59.8680508270641
100B,8770,0.0020709510008600773,100,112,48.286994698797535
100B,8771,0.0022704759994667256,100,112,44.043627866353724
100B,8772,0.001730121000946383,100,112,57.79942555769198
100B,8773,0.002144969001165009,100,112,46.620720367374275
100B,8774,0.004061673998876358,100,112,24.620390515749047
100B,8775,0.0021410560002550483,100,112,46.70592454755398
100B,8776,0.0018011699994531227,100,112,55.51946791827664
100B,8777,0.0022641590003331657,100,112,44.16650950100467
100B,8778,0.0017713090001052478,100,112,56.455423640967325
100B,8779,0.002020526999331196,100,112,49.49203847961471
100B,8780,0.0020216089997120434,100,112,49.465549477789196
100B,8781,0.0024185219990613405,100,112,41.347566835782885
100B,8782,0.0017976109993469436,100,112,55.62938813588097
100B,8783,0.0019218849993194453,100,112,52.03224960671986
100B,8784,0.0021336640002118656,100,112,46.867735496343535
100B,8785,0.0027962949989159824,100,112,35.76160599606487
100B,8786,0.0026444770010130014,100,112,37.81466050250908
100B,8787,0.0020571719996951288,100,112,48.61042247066357
100B,8788,0.002009518000704702,100,112,49.76317702301338
100B,8789,0.0018596429999888642,100,112,53.77376195355711
100B,8790,0.00240569700144988,100,112,41.56799461433896
100B,8791,0.0024994710001919884,100,112,40.00846578828834
100B,8792,0.001656021999224322,100,112,60.385671233135696
100B,8793,0.0017290930009039585,100,112,57.833789129746435
100B,8794,0.0024047419992712094,100,112,41.58450263284227
100B,8795,0.0022804029995313613,100,112,43.851898116495505
100B,8796,0.0022880939995957306,100,112,43.704498162080924
100B,8797,0.002036764000877156,100,112,49.09748991877991
100B,8798,0.0022131229998194613,100,112,45.185016832845555
100B,8799,0.002516365000701626,100,112,39.739862846652805
100B,8800,0.002173118000428076,100,112,46.01682926573766
100B,8801,0.0021141639990673866,100,112,47.30002026527394
100B,8802,0.001974585000425577,100,112,50.64355293818563
100B,8803,0.0020005669994134223,100,112,49.98582903212968
100B,8804,0.0027699940001184586,100,112,36.10116122840826
100B,8805,0.0021099620007589692,100,112,47.39421845702873
100B,8806,0.002256051999211195,100,112,44.325219469659366
100B,8807,0.0020387269996717805,100,112,49.05021614767413
100B,8808,0.0022177339997142553,100,112,45.09107044076726
100B,8809,0.0020492389994615223,100,112,48.79860281122747
100B,8810,0.0018510279987822287,100,112,54.02403424788221
100B,8811,0.002039048000369803,100,112,49.04249433160177
100B,8812,0.0019989490010630107,100,112,50.02628878816895
100B,8813,0.00257934799992654,100,112,38.769487483987426
100B,8814,0.0019266509989392944,100,112,51.90353626840272
100B,8815,0.0019351199989614543,100,112,51.67638185418387
100B,8816,0.0020888620001642266,100,112,47.87295665876348
100B,8817,0.0024669680005899863,100,112,40.53558861569528
100B,8818,0.002432428000247455,100,112,41.111186020645555
100B,8819,0.001980342000024393,100,112,50.49632841133917
100B,8820,0.0020294619989726925,100,112,49.27414263022401
100B,8821,0.0022660869999526767,100,112,44.128932385247495
100B,8822,0.002335895000214805,100,112,42.810143431448836
100B,8823,0.001891238000098383,100,112,52.87541810961812
100B,8824,0.002043448999756947,100,112,48.93687095293019
100B,8825,0.002372024999203859,100,112,42.15807170395075
100B,8826,0.0021624529999826336,100,112,46.24377963396341
100B,8827,0.0017154480010503903,100,112,58.29381009437112
100B,8828,0.002243386001282488,100,112,44.575476508649196
100B,8829,0.0024048390005191322,100,112,41.58282528618881
100B,8830,0.0028211939988977974,100,112,35.445984940797636
100B,8831,0.0022203759999683825,100,112,45.03741708675646
100B,8832,0.0026547450015641516,100,112,37.6684012743525
100B,8833,0.0017404449990863213,100,112,57.4565700453027
100B,8834,0.002189946000726195,100,112,45.66322638404764
100B,8835,0.0026306060008209897,100,112,38.014054544386674
100B,8836,0.001940558000569581,100,112,51.53156977047251
100B,8837,0.0019666320004034787,100,112,50.848353926654184
100B,8838,0.002099506000377005,100,112,47.630252060267104
100B,8839,0.002124431999618537,100,112,47.07140544764719
100B,8840,0.002068737001536647,100,112,48.33867230378754
100B,8841,0.0016586359997745603,100,112,60.29050377152785
100B,8842,0.0019691729994519847,100,112,50.78273977341235
100B,8843,0.0020617720001609996,100,112,48.50196820608254
100B,8844,0.002231645999927423,100,112,44.80997434326599
100B,8845,0.0017837470004451461,100,112,56.06176210810408
100B,8846,0.002000110998778837,100,112,49.99722518452964
100B,8847,0.002312093000000459,100,112,43.25085539378396
100B,8848,0.0021094919993629446,100,112,47.404778036702425
100B,8849,0.0021566499999607913,100,112,46.36820995609767
100B,8850,0.0022480879997601733,100,112,44.48224447204382
100B,8851,0.0023403560007864144,100,112,42.728542139058185
100B,8852,0.002075645001241355,100,112,48.177795307094534
100B,8853,0.0018276040009368444,100,112,54.71644839294464
100B,8854,0.0021903560009377543,100,112,45.65467894588237
100B,8855,0.0020011779997730628,100,112,49.97056734150594
100B,8856,0.0022180569994816324,100,112,45.084504150871844
100B,8857,0.002111492000040016,100,112,47.35987633299337
100B,8858,0.0020822869992116466,100,112,48.02411965202682
100B,8859,0.0027192739999009063,100,112,36.77452143610542
100B,8860,0.003027927999937674,100,112,33.02588436781138
100B,8861,0.0025876119998429203,100,112,38.64567021874626
100B,8862,0.0033931380003195954,100,112,29.47124460914384
100B,8863,0.0022760140000173124,100,112,43.93646084744617
100B,8864,0.0025419379999220837,100,112,39.34006258337742
100B,8865,0.002556882998760557,100,112,39.11011964508144
100B,8866,0.003070519000175409,100,112,32.56778414147163
100B,8867,0.002835544999470585,100,112,35.26658896920016
100B,8868,0.001910667999254656,100,112,52.33771646304309
100B,8869,0.0018824079998012166,100,112,53.123446144810295
100B,8870,0.002781760998914251,100,112,35.94845137272073
100B,8871,0.002200758999606478,100,112,45.43886905285004
100B,8872,0.0019518369990692008,100,112,51.23378645229513
100B,8873,0.001772468000126537,100,112,56.41850797467767
100B,8874,0.0024109509995469125,100,112,41.47740871498131
100B,8875,0.002349411999603035,100,112,42.5638415130664
100B,8876,0.0018438009992678417,100,112,54.23578794008094
100B,8877,0.001492913999754819,100,112,66.98309481753334
100B,8878,0.0013655359998665517,100,112,73.23131723350582
100B,8879,0.0018970069995702943,100,112,52.71461835546826
100B,8880,0.0017648400007601595,100,112,56.66236030287594
100B,8881,0.002114009001161321,100,112,47.303488275151835
100B,8882,0.0019048459998884937,100,112,52.49768223040279
100B,8883,0.0018171829997299938,100,112,55.03023086549814
100B,8884,0.002307734001078643,100,112,43.3325504383346
100B,8885,0.001813056000173674,100,112,55.155494364443754
100B,8886,0.0020022110002173577,100,112,49.944786033611905
100B,8887,0.002196743000240531,100,112,45.52193861050226
100B,8888,0.0018780680002237204,100,112,53.246208331161455
100B,8889,0.001857191000453895,100,112,53.84475801119009
100B,8890,0.001989538999623619,100,112,50.26290010847639
100B,8891,0.0021995739989506546,100,112,45.46334883377725
100B,8892,0.0017330259997834219,100,112,57.702538803513114
100B,8893,0.002026338999712607,100,112,49.35008407486747
100B,8894,0.001965370000107214,100,112,50.881004591779075
100B,8895,0.0019619340000645025,100,112,50.97011418157405
100B,8896,0.001772178000464919,100,112,56.427740313764005
100B,8897,0.0017881870007840917,100,112,55.922562884167924
100B,8898,0.0017722110005706782,100,112,56.42668958030309
100B,8899,0.002242583001134335,100,112,44.59143761877191
100B,8900,0.0023953640011313837,100,112,41.74730853129953
100B,8901,0.002043821999905049,100,112,48.9279399109344
100B,8902,0.0019477440000628121,100,112,51.34144938799716
100B,8903,0.002270255001349142,100,112,44.04791529611128
100B,8904,0.0019122039993817452,100,112,52.29567558290436
100B,8905,0.0020139209991612006,100,112,49.65438070393529
100B,8906,0.0017268249994231155,100,112,57.90974767762062
100B,8907,0.0022130760007712524,100,112,45.1859764260921
100B,8908,0.0020714310012408532,100,112,48.275805440826566
100B,8909,0.0018156610003643436,100,112,55.07636060912983
100B,8910,0.0019840559998556273,100,112,50.40180317857794
100B,8911,0.00275634399986302,100,112,36.27994183780022
100B,8912,0.0022396809999918332,100,112,44.64921566971575
100B,8913,0.0018449369999871124,100,112,54.20239281921201
100B,8914,0.001986322999073309,100,112,50.34427937785224
100B,8915,0.002037184998698649,100,112,49.08734359612891
100B,8916,0.0021575620012299623,100,112,46.348610117805634
100B,8917,0.001644366000618902,100,112,60.81371176633564
100B,8918,0.0019317289988975972,100,112,51.76709572464263
100B,8919,0.0017836829993029824,100,112,56.06377368572635
100B,8920,0.0019028959995921468,100,112,52.5514794405124
100B,8921,0.0016849470011948142,100,112,59.34904773211794
100B,8922,0.0026297089989384403,100,112,38.02702125610398
100B,8923,0.0018317630001547514,100,112,54.59221525467638
100B,8924,0.0021408590000646655,100,112,46.71022239062893
100B,8925,0.0024235410000983393,100,112,41.26193862449298
100B,8926,0.0018670409990590997,100,112,53.56068776764692
100B,8927,0.0019492079991323408,100,112,51.30288817022782
100B,8928,0.0017691290013317484,100,112,56.52499050364498
100B,8929,0.0017802940001274692,100,112,56.17049767782174
100B,8930,0.002119116999892867,100,112,47.18946618098743
100B,8931,0.002318726999874343,100,112,43.12711242221237
100B,8932,0.002339441000003717,100,112,42.745254101232355
100B,8933,0.001774624999598018,100,112,56.34993309721866
100B,8934,0.0019999719988845754,100,112,50.000700037686535
100B,8935,0.0023711680005362723,100,112,42.173308672090556
100B,8936,0.0015526290007983334,100,112,64.40688660883046
100B,8937,0.004306652001105249,100,112,23.219893312563038
100B,8938,0.0032130470008269185,100,112,31.123105256245466
100B,8939,0.0028215519996592775,100,112,35.44148752604089
100B,8940,0.0027934970003116177,100,112,35.79742523039935
100B,8941,0.002813960998537368,100,112,35.5370952376304
100B,8942,0.0038891889998922125,100,112,25.712301459962852
100B,8943,0.0019739020008273656,100,112,50.66107636452305
100B,8944,0.0017878970011224737,100,112,55.93163361044748
100B,8945,0.0027845919994433643,100,112,35.911903797752004
100B,8946,0.003942392999306321,100,112,25.365304782550947
100B,8947,0.004057841999383527,100,112,24.643640638347218
100B,8948,0.0019297230010124622,100,112,51.8209089841046
100B,8949,0.0025892760004353477,100,112,38.620834543396114
100B,8950,0.0020433270001376513,100,112,48.93979279540836
100B,8951,0.0017281310010730522,100,112,57.86598350351147
100B,8952,0.0019287129998701857,100,112,51.84804582471867
100B,8953,0.0017199879985128064,100,112,58.139940561483776
100B,8954,0.0019351709997863509,100,112,51.675019939344025
100B,8955,0.0024321669989149086,100,112,41.1155977548475
100B,8956,0.0017711760010570288,100,112,56.45966292470116
100B,8957,0.0016026160010369495,100,112,62.397979263464514
100B,8958,0.0017130029991676565,100,112,58.37701396237469
100B,8959,0.002151507000235142,100,112,46.47904933103672
100B,8960,0.0018815709991031326,100,112,53.14707765354901
100B,8961,0.0015824319998500869,100,112,63.19386868407211
100B,8962,0.0033466019995103125,100,112,29.881055474966065
100B,8963,0.0037552470002992777,100,112,26.629406798548914
100B,8964,0.0058288889995310456,100,112,17.15592800069539
100B,8965,0.0064477579999220325,100,112,15.50926694227811
100B,8966,0.0030849730010231724,100,112,32.41519454686756
100B,8967,0.005054466000729008,100,112,19.784483659713402
100B,8968,0.0023038109993649414,100,112,43.40633846594428
100B,8969,0.0016056460008258,100,112,62.28022861114404
100B,8970,0.0019395589988562278,100,112,51.558111951722395
100B,8971,0.0023231010000017704,100,112,43.04591147777207
100B,8972,0.001759258999300073,100,112,56.84211366250526
100B,8973,0.0021881009997741785,100,112,45.701729495265724
100B,8974,0.0016813120000733761,100,112,59.477360534889286
100B,8975,0.002004156000111834,100,112,49.89631545369716
100B,8976,0.0017215260013472289,100,112,58.08799862548818
100B,8977,0.0020950540001649642,100,112,47.731466583737706
100B,8978,0.0016752240007917862,100,112,59.69350961586958
100B,8979,0.0017836820006777998,100,112,56.0638050739986
100B,8980,0.0017883359996631043,100,112,55.91790358122774
100B,8981,0.002252869999210816,100,112,44.38782532282385
100B,8982,0.002455331999954069,100,112,40.727689779577936
100B,8983,0.002078928000628366,100,112,48.101713945732854
100B,8984,0.001751609001075849,100,112,57.090366593560205
100B,8985,0.0022214110013010213,100,112,45.0164332225926
100B,8986,0.0023258540004462702,100,112,42.994960122523864
100B,8987,0.0015963179994287202,100,112,62.644159895326204
100B,8988,0.0016886930006876355,100,112,59.217394730291424
100B,8989,0.002127360001395573,100,112,47.0066185010524
100B,8990,0.0029575150001619477,100,112,33.81217001250178
100B,8991,0.0023197939990495797,100,112,43.10727592233191
100B,8992,0.0017192329996760236,100,112,58.16547263741694
100B,8993,0.0022581390003324486,100,112,44.28425353146009
100B,8994,0.002674593999472563,100,112,37.38885229672999
100B,8995,0.0019898649989045225,100,112,50.254665545176614
100B,8996,0.0017679980010143481,100,112,56.561149923601334
100B,8997,0.0018025200006377418,100,112,55.47788649480695
100B,8998,0.0018709750002017245,100,112,53.44806851466119
100B,8999,0.0016553770001337398,100,112,60.40919983298118
100B,9000,0.0018181909999839263,100,112,54.999722251888855
100B,9001,0.0022614299996348564,100,112,44.2198078278552
100B,9002,0.00189936199967633,100,112,52.64925802297876
100B,9003,0.0015479049998248229,100,112,64.60344789332487
100B,9004,0.0017361369991704123,100,112,57.599141109131104
100B,9005,0.001866038001026027,100,112,53.58947671216543
100B,9006,0.0018697029991017189,100,112,53.48443044058017
100B,9007,0.002104203998896992,100,112,47.523909303669825
100B,9008,0.0015646890005882597,100,112,63.91046397233191
100B,9009,0.0017302159994869726,100,112,57.79625204578565
100B,9010,0.004413921999002923,100,112,22.655588391138167
100B,9011,0.006078473999878042,100,112,16.451497530795788
100B,9012,0.0029914199985796586,100,112,33.428940117897355
100B,9013,0.006083541000407422,100,112,16.43779502649902
100B,9014,0.0038356100012606476,100,112,26.071472325688237
100B,9015,0.004649943000913481,100,112,21.505639957383348
100B,9016,0.005057867001596605,100,112,19.771180216568215
100B,9017,0.0049810149994300446,100,112,20.07622944549305
100B,9018,0.007969803999003489,100,112,12.547360011927971
100B,9019,0.004454343999896082,100,112,22.449994881924916
100B,9020,0.005553790000703884,100,112,18.00572221623901
100B,9021,0.004884273999778088,100,112,20.47387185987997
100B,9022,0.006972818999201991,100,112,14.341401951125444
100B,9023,0.009217172000717255,100,112,10.849314734738407
100B,9024,0.002855218999684439,100,112,35.023583133571215
100B,9025,0.003974680999817792,100,112,25.159251775069297
100B,9026,0.005203505999816116,100,112,19.217811991287
100B,9027,0.003475139999864041,100,112,28.775819104816595
100B,9028,0.003580271000828361,100,112,27.930846569118142
100B,9029,0.0038827580010547535,100,112,25.754888657195462
100B,9030,0.005123667000589194,100,112,19.517271514425225
100B,9031,0.002518476998375263,100,112,39.706536952496556
100B,9032,0.004687747999923886,100,112,21.33220471783545
100B,9033,0.0032693640005163616,100,112,30.58698877953206
100B,9034,0.007189001000369899,100,112,13.910138556783433
100B,9035,0.006397443999958341,100,112,15.631242727666109
100B,9036,0.006396393999239081,100,112,15.633808675934608
100B,9037,0.006532755000080215,100,112,15.307477472945505
100B,9038,0.014989868001066498,100,112,6.671172821060546
100B,9039,0.008886560999599169,100,112,11.252947006666643
100B,9040,0.006033731000570697,100,112,16.573493248297208
100B,9041,0.00619498299965926,100,112,16.142094337547054
100B,9042,0.0026854560001083883,100,112,37.23762370188299
100B,9043,0.0033202960003109183,100,112,30.117796723736625
100B,9044,0.003153641999233514,100,112,31.709369682514627
100B,9045,0.004216134000671445,100,112,23.71841122319034
100B,9046,0.0040325270001631,100,112,24.798346048508886
100B,9047,0.002407619000223349,100,112,41.53481094422467
100B,9048,0.0031260689993359847,100,112,31.9890571901136
100B,9049,0.0052543660003721016,100,112,19.03179184566097
100B,9050,0.004262693999407929,100,112,23.459342850762823
100B,9051,0.0033479630001238547,100,112,29.868908347045828
100B,9052,0.004249081001034938,100,112,23.534500748666186
100B,9053,0.004076356999576092,100,112,24.53170809386891
100B,9054,0.0028095219986425946,100,112,35.593243280641495
100B,9055,0.003209480999430525,100,112,31.15768562510372
100B,9056,0.004851675999816507,100,112,20.61143407016092
100B,9057,0.003944905000025756,100,112,25.34915289451764
100B,9058,0.005664766000336385,100,112,17.652979839601812
100B,9059,0.00376789199981431,100,112,26.540038834692773
100B,9060,0.003455023001151858,100,112,28.943367371696613
100B,9061,0.005247401000815444,100,112,19.057053193468548
100B,9062,0.004726436000055401,100,112,21.157591047213558
100B,9063,0.0018832229998224648,100,112,53.10045597862133
100B,9064,0.0019030319999728817,100,112,52.54772384354283
100B,9065,0.0029493149995687418,100,112,33.90617821922118
100B,9066,0.002482522999343928,100,112,40.28160062421482
100B,9067,0.002210414999353816,100,112,45.240373427267556
100B,9068,0.0019503260009514634,100,112,51.27347938304425
100B,9069,0.0022002250007062685,100,112,45.44989715501831
100B,9070,0.0031729460006317822,100,112,31.516451896782506
100B,9071,0.0018253510006616125,100,112,54.78398399198523
100B,9072,0.0018783899995469255,100,112,53.237080704284175
100B,9073,0.0025503060005576117,100,112,39.2109809482217
100B,9074,0.0022181959993758937,100,112,45.08167899867088
100B,9075,0.002240591998997843,100,112,44.63106181077472
100B,9076,0.002138838999599102,100,112,46.754337291747404
100B,9077,0.002380851999987499,100,112,42.001770794877245
100B,9078,0.0021577389998128638,100,112,46.344808157368796
100B,9079,0.001895888999570161,100,112,52.745704006232515
100B,9080,0.0019490689992380794,100,112,51.306546889356675
100B,9081,0.0021129369997652248,100,112,47.32748776282081
100B,9082,0.002332145000764285,100,112,42.87898049530721
100B,9083,0.0022424830003728857,100,112,44.593426118892204
100B,9084,0.0023903740002424456,100,112,41.83445769986513
100B,9085,0.002545166000345489,100,112,39.29016810157989
100B,9086,0.002318430999366683,100,112,43.132618580115874
100B,9087,0.0026628209998307284,100,112,37.554157792189876
100B,9088,0.0037544410006375983,100,112,26.635123573127796
100B,9089,0.0017566660008014878,100,112,56.92601778276263
100B,9090,0.0020277370003896067,100,112,49.316060209379295
100B,9091,0.002470220000759582,100,112,40.48222424288138
100B,9092,0.0023796049990778556,100,112,42.02378127409885
100B,9093,0.0019192809995729476,100,112,52.10284477481444
100B,9094,0.0026648829989426304,100,112,37.525099615884784
100B,9095,0.0022890619984536897,100,112,43.68601639778745
100B,9096,0.0036819659999309806,100,112,27.159403427917187
100B,9097,0.0021201939998718444,100,112,47.16549523583432
100B,9098,0.0020229340007063,100,112,49.43315005090891
100B,9099,0.0020405270006449427,100,112,49.00694769948808
100B,9100,0.0021650910002790624,100,112,46.18743507183339
100B,9101,0.0027984249991277466,100,112,35.73438631772138
100B,9102,0.0019305269997857977,100,112,51.799327339682655
100B,9103,0.0022836389998701634,100,112,43.78975836622404
100B,9104,0.00234187600108271,100,112,42.70080907518904
100B,9105,0.0025139579993265215,100,112,39.77791197259046
100B,9106,0.0023062649997882545,100,112,43.36015159107098
100B,9107,0.001978016000066418,100,112,50.55570834444321
100B,9108,0.002283750000060536,100,112,43.78762999336586
100B,9109,0.002535648998673423,100,112,39.437635119181344
100B,9110,0.00285977599924081,100,112,34.96777370904126
100B,9111,0.0021790690007037483,100,112,45.891158089855885
100B,9112,0.0019532110000000102,100,112,51.19774566086279
100B,9113,0.002255785000670585,100,112,44.330465877853015
100B,9114,0.002625282999360934,100,112,38.09113151776123
100B,9115,0.0020117980002396507,100,112,49.70677970059009
100B,9116,0.002208169000368798,100,112,45.286388851260234
100B,9117,0.0021188509999774396,100,112,47.19539033233802
100B,9118,0.0023394600011670263,100,112,42.744906923014526
100B,9119,0.0021270090001053177,100,112,47.01437558329492
100B,9120,0.0020981680008844705,100,112,47.660625821118984
100B,9121,0.0021675419993698597,100,112,46.1352075434163
100B,9122,0.0022649840011581546,100,112,44.150422232063
100B,9123,0.0027845709992107004,100,112,35.91217463241033
100B,9124,0.0022866639992571436,100,112,43.7318294390809
100B,9125,0.0019558519998099655,100,112,51.12861300840565
100B,9126,0.0025290599987783935,100,112,39.540382611841075
100B,9127,0.0023138090000429656,100,112,43.21877907733226
100B,9128,0.002785313001368195,100,112,35.902607696470106
100B,9129,0.0022921840009075822,100,112,43.62651513159736
100B,9130,0.0025352909997309325,100,112,39.443203959866096
100B,9131,0.0020437250004761154,100,112,48.93026213248042
100B,9132,0.004354149001301266,100,112,22.9666003552277
100B,9133,0.0026782129989442183,100,112,37.33832971441073
100B,9134,0.0022440109987655887,100,112,44.56306143553179
100B,9135,0.002260196999486652,100,112,44.243930959430756
100B,9136,0.001972940999621642,100,112,50.68575290349654
100B,9137,0.002964932999020675,100,112,33.72757496814607
100B,9138,0.0021914610006206203,100,112,45.63165850164802
100B,9139,0.0020879849998891586,100,112,47.89306436842627
100B,9140,0.0020460949999687728,100,112,48.87358602681018
100B,9141,0.002304256999195786,100,112,43.397936964019735
100B,9142,0.0022522459985339083,100,112,44.40012328364426
100B,9143,0.0020828430006076815,100,112,48.0112999255462
100B,9144,0.00215803800165304,100,112,46.338386962324485
100B,9145,0.002448449000439723,100,112,40.8421821251089
100B,9146,0.0027412210001784842,100,112,36.48009408708341
100B,9147,0.002084150999507983,100,112,47.981168362372756
100B,9148,0.0020525469990388956,100,112,48.71995625280443
100B,9149,0.002345609000258264,100,112,42.63285142109766
100B,9150,0.002287141000124393,100,112,43.72270882930314
100B,9151,0.0020108030003029853,100,112,49.73137596519009
100B,9152,0.002219762998720398,100,112,45.04985444736482
100B,9153,0.0017631969985814067,100,112,56.71516006461884
100B,9154,0.0022181309996085474,100,112,45.08300006521159
100B,9155,0.001957235999725526,100,112,51.09245896459269
100B,9156,0.0018670419995032717,100,112,53.56065906744738
100B,9157,0.0019878769999195356,100,112,50.30492329457393
100B,9158,0.0024740850003581727,100,112,40.4189831737887
100B,9159,0.0020396319996507373,100,112,49.02845219977124
100B,9160,0.002291374999913387,100,112,43.64191806394848
100B,9161,0.00196130299991637,100,112,50.986512540012434
100B,9162,0.002196965000621276,100,112,45.517338679369566
100B,9163,0.0036563600006047636,100,112,27.349604520194934
100B,9164,0.001850672000728082,100,112,54.03442639249878
100B,9165,0.0025798099995881785,100,112,38.76254453466079
100B,9166,0.002322481999726733,100,112,43.05738430341598
100B,9167,0.004626438998457161,100,112,21.61489647509636
100B,9168,0.0032362040001316927,100,112,30.900400591535835
100B,9169,0.0019004099995072465,100,112,52.620224070557825
100B,9170,0.0017953320002561668,100,112,55.70000422525277
100B,9171,0.0021972970007482218,100,112,45.51046124668085
100B,9172,0.0025559690002410207,100,112,39.12410517912004
100B,9173,0.0020616130004782462,100,112,48.50570886815437
100B,9174,0.0023668300000281306,100,112,42.2506052394179
100B,9175,0.002446136000799015,100,112,40.88080138117244
100B,9176,0.0022877120009070495,100,112,43.71179587306061
100B,9177,0.0026280219990439946,100,112,38.05143185117072
100B,9178,0.0024084510005195625,100,112,41.520462728296124
100B,9179,0.0020504050007730257,100,112,48.77085256927236
100B,9180,0.002348899999560672,100,112,42.573119340416184
100B,9181,0.002834021999660763,100,112,35.28554118915455
100B,9182,0.0022868550004204735,100,112,43.7281768986724
100B,9183,0.0018003570003202185,100,112,55.54453921206384
100B,9184,0.002550356999563519,100,112,39.21019685366186
100B,9185,0.0022994440005277283,100,112,43.48877379794844
100B,9186,0.0021641669991367962,100,112,46.207155011552345
100B,9187,0.0017650009995122673,100,112,56.6571917112985
100B,9188,0.0020415050003066426,100,112,48.983470520512846
100B,9189,0.0025709660003485624,100,112,38.89588582129921
100B,9190,0.002241046000563074,100,112,44.62202024183105
100B,9191,0.0025221639989467803,100,112,39.64849234298744
100B,9192,0.0020401870006026,100,112,49.015114776470725
100B,9193,0.0023961909992067376,100,112,41.732900270932134
100B,9194,0.0024653740001667757,100,112,40.561797112014354
100B,9195,0.0028399399998306762,100,112,35.21201152346959
100B,9196,0.0025899230004142737,100,112,38.61118650400201
100B,9197,0.0022214830005395925,100,112,45.01497422024398
100B,9198,0.001974187000087113,100,112,50.65376278720678
100B,9199,0.001976027999262442,100,112,50.60657037113102
100B,9200,0.0021852619993296685,100,112,45.761103259323185
100B,9201,0.002289112000653404,100,112,43.68506214263697
100B,9202,0.0026091340005223174,100,112,38.32689313005051
100B,9203,0.0027127229986945167,100,112,36.86332885743382
100B,9204,0.0023939279999467544,100,112,41.77235071490212
100B,9205,0.0017948469994735206,100,112,55.71505539432209
100B,9206,0.001812426999094896,100,112,55.174636026686194
100B,9207,0.0019036840003536781,100,112,52.52972656250795
100B,9208,0.0023371330007648794,100,112,42.78746651015271
100B,9209,0.0020026279999001417,100,112,49.93438621900141
100B,9210,0.0018942820006486727,100,112,52.790450400603646
100B,9211,0.0024218849994213087,100,112,41.29015210214121
100B,9212,0.001896688001579605,100,112,52.72348426136387
100B,9213,0.001950686000782298,100,112,51.26401684325221
100B,9214,0.0024793259999569273,100,112,40.33354226178295
100B,9215,0.0016124459998536622,100,112,62.01758074941766
100B,9216,0.0020240120011294493,100,112,49.40682167111534
100B,9217,0.0020497169989539543,100,112,48.78722284638985
100B,9218,0.0021251830003166106,100,112,47.054771276215725
100B,9219,0.001971317000425188,100,112,50.727508553130356
100B,9220,0.0022396560016204603,100,112,44.64971403092569
100B,9221,0.0020793280000361847,100,112,48.0924606402933
100B,9222,0.002674729999853298,100,112,37.386951208340555
100B,9223,0.001953218999915407,100,112,51.19753596720641
100B,9224,0.0024644060013088165,100,112,40.57772945971208
100B,9225,0.00226887499957229,100,112,44.07470663604262
100B,9226,0.0019029550003324402,100,112,52.54985009237229
100B,9227,0.0017914700001711026,100,112,55.82008071050536
100B,9228,0.002017734999753884,100,112,49.560522076584704
100B,9229,0.0016773179995652754,100,112,59.61898699347282
100B,9230,0.0018624929998622974,100,112,53.69147696522535
100B,9231,0.002131101000486524,100,112,46.92410166255391
100B,9232,0.0019815539999399334,100,112,50.46544278027815
100B,9233,0.001962333999472321,100,112,50.95972450504877
100B,9234,0.002035167000940419,100,112,49.13601682505247
100B,9235,0.0020781370003533084,100,112,48.1200228777019
100B,9236,0.0022301870012597647,100,112,44.83928923606543
100B,9237,0.0018302919997950085,100,112,54.63609085938196
100B,9238,0.0021077630008221604,100,112,47.443664188522945
100B,9239,0.0020574930003931513,100,112,48.60283849368709
100B,9240,0.0024564010000176495,100,112,40.7099655142957
100B,9241,0.002641169001435628,100,112,37.862022439928765
100B,9242,0.0021347029996832134,100,112,46.84492410177895
100B,9243,0.00197970600129338,100,112,50.51255082050976
100B,9244,0.0022268020002229605,100,112,44.90745023131262
100B,9245,0.0030585700005758554,100,112,32.69501760011129
100B,9246,0.002261648000057903,100,112,44.215545477209446
100B,9247,0.002331158999368199,100,112,42.8971168535061
100B,9248,0.0028470470006141113,100,112,35.12411280123928
100B,9249,0.00213756399898557,100,112,46.78222502224836
100B,9250,0.002671509000720107,100,112,37.43202810585513
100B,9251,0.0022924629993212875,100,112,43.62120567686643
100B,9252,0.0020542759993986692,100,112,48.67895065184627
100B,9253,0.001962685999387759,100,112,50.95058508146186
100B,9254,0.0019696420004038373,100,112,50.770647650434405
100B,9255,0.0022119559998827754,100,112,45.20885587475501
100B,9256,0.002086087999487063,100,112,47.936616300265605
100B,9257,0.0021729710006184177,100,112,46.019942268691324
100B,9258,0.0018675629999052035,100,112,53.54571706821989
100B,9259,0.0027644590009003878,100,112,36.17344296566882
100B,9260,0.001901101999465027,100,112,52.601070341381025
100B,9261,0.002123659998687799,100,112,47.08851702334159
100B,9262,0.0020965210005670087,100,112,47.698067404502396
100B,9263,0.0018593650002003415,100,112,53.7818018459126
100B,9264,0.0016574430010223296,100,112,60.333899831438465
100B,9265,0.002012340999499429,100,112,49.693367090803726
100B,9266,0.0019097459990007337,100,112,52.36298442427661
100B,9267,0.0019736579997697845,100,112,50.66733953484565
100B,9268,0.0018548280004324624,100,112,53.91335475671302
100B,9269,0.002035607998550404,100,112,49.12537191404826
100B,9270,0.0018484169995645061,100,112,54.10034641726427
100B,9271,0.0021711850004066946,100,112,46.05779792199584
100B,9272,0.0018747899994195905,100,112,53.339307352268065
100B,9273,0.00196122200031823,100,112,50.988618312345004
100B,9274,0.0020449660005397163,100,112,48.90056850510354
100B,9275,0.0024250110000139102,100,112,41.23692634772642
100B,9276,0.0020165179994364735,100,112,49.59043263087437
100B,9277,0.002115713999955915,100,112,47.26536762628772
100B,9278,0.002228625000498141,100,112,44.87071623877865
100B,9279,0.0021112719987286255,100,112,47.364811383951675
100B,9280,0.0022541269991052104,100,112,44.36307272824274
100B,9281,0.0019320039991725935,100,112,51.75972722770053
100B,9282,0.0018947970002045622,100,112,52.77610213083724
100B,9283,0.001997090999793727,100,112,50.072830937763314
100B,9284,0.002464281000357005,100,112,40.579787769947025
100B,9285,0.0030063630001677666,100,112,33.26278296879639
100B,9286,0.0019504089996189578,100,112,51.27129746608867
100B,9287,0.0018483700005162973,100,112,54.1017220427011
100B,9288,0.0021141119996173074,100,112,47.301183673382404
100B,9289,0.0023284529997908976,100,112,42.946969515373645
100B,9290,0.0030608630004280712,100,112,32.67052461544822
100B,9291,0.00221170999975584,100,112,45.213884284575926
100B,9292,0.002249355999083491,100,112,44.457169092284815
100B,9293,0.004129760000068927,100,112,24.21448219710854
100B,9294,0.0021533019989874447,100,112,46.440304261558936
100B,9295,0.0027244089997111587,100,112,36.70520836284199
100B,9296,0.0038997200008452637,100,112,25.64286666179239
100B,9297,0.002332997000848991,100,112,42.863321283143286
100B,9298,0.0023294950005947612,100,112,42.92775900977175
100B,9299,0.0023902579996502027,100,112,41.83648795010174
100B,9300,0.002203845999247278,100,112,45.375221333139855
100B,9301,0.002331915999093326,100,112,42.88319134946588
100B,9302,0.0024853579998307396,100,112,40.23565217035546
100B,9303,0.0019879909996234346,100,112,50.302038600246185
100B,9304,0.0024307249987032264,100,112,41.13998911985076
100B,9305,0.0020722509998449823,100,112,48.25670249766107
100B,9306,0.002394942999671912,100,112,41.75464719356544
100B,9307,0.002269178999995347,100,112,44.068801976488
100B,9308,0.0024662849991727853,100,112,40.54681435176426
100B,9309,0.002328438000404276,100,112,42.947246172170985
100B,9310,0.0019045450007979525,100,112,52.50597909637353
100B,9311,0.002428464000331587,100,112,41.178292116476015
100B,9312,0.002258425000036368,100,112,44.27864551552063
100B,9313,0.0024373189990001265,100,112,41.028687685536234
100B,9314,0.002038705000813934,100,112,49.0507454291209
100B,9315,0.002253992000987637,100,112,44.36572976132247
100B,9316,0.002274591999594122,100,112,43.96392848380896
100B,9317,0.002344968999750563,100,112,42.64448698922549
100B,9318,0.002121387999068247,100,112,47.13894867130475
100B,9319,0.0022369929993146798,100,112,44.702866763836894
100B,9320,0.0022787689995311666,100,112,43.88334228724981
100B,9321,0.002101124000546406,100,112,47.59357371292441
100B,9322,0.0023416750009346288,100,112,42.70447434425664
100B,9323,0.001953523000338464,100,112,51.18956878556033
100B,9324,0.002154107998649124,100,112,46.422927756041766
100B,9325,0.002404725000815233,100,112,41.584796584265845
100B,9326,0.002142092998838052,100,112,46.68331396173909
100B,9327,0.0022993359998508822,100,112,43.49081648201274
100B,9328,0.002379304998612497,100,112,42.02907994490638
100B,9329,0.0021597159993689274,100,112,46.30238421589698
100B,9330,0.002598645000034594,100,112,38.48159329137638
100B,9331,0.0020272779984225053,100,112,49.32722600344572
100B,9332,0.0022039070008759154,100,112,45.37396539883772
100B,9333,0.0020312710003054235,100,112,49.23026025821464
100B,9334,0.0026422530008858303,100,112,37.846489328037265
100B,9335,0.0018479579994163942,100,112,54.11378398837047
100B,9336,0.001806111000405508,100,112,55.3675826001547
100B,9337,0.001959496999916155,100,112,51.03350502923909
100B,9338,0.002054936001513852,100,112,48.66331599929679
100B,9339,0.00256269599958614,100,112,39.02140558854792
100B,9340,0.002203231999374111,100,112,45.38786656530395
100B,9341,0.0021800099984830013,100,112,45.87134924591483
100B,9342,0.0019140370004606666,100,112,52.24559398586976
100B,9343,0.002416750001430046,100,112,41.377883496773656
100B,9344,0.0017845469992607832,100,112,56.03663004752647
100B,9345,0.0017873609995149309,100,112,55.9484066325375
100B,9346,0.0022620190011366503,100,112,44.20829354207486
100B,9347,0.003123334001429612,100,112,32.01706892513834
100B,9348,0.0026905979993898654,100,112,37.16645891458945
100B,9349,0.0026065139991260367,100,112,38.36541834554887
100B,9350,0.0025044390004040906,100,112,39.929101880247444
100B,9351,0.002181658999688807,100,112,45.83667750746751
100B,9352,0.0030310330002976116,100,112,32.99205254122314
100B,9353,0.0029960550000396324,100,112,33.37722438295598
100B,9354,0.002111607000188087,100,112,47.357297068579854
100B,9355,0.0020544979997794144,100,112,48.673690609938156
100B,9356,0.001971417001186637,100,112,50.72493538394358
100B,9357,0.0021670400001312373,100,112,46.14589485839853
100B,9358,0.0020702760011772625,100,112,48.302738351376824
100B,9359,0.001999490999878617,100,112,50.01272824237303
100B,9360,0.0022583270001632627,100,112,44.28056698289071
100B,9361,0.002564483000242035,100,112,38.994214424724994
100B,9362,0.0019277829997008666,100,112,51.87305833463464
100B,9363,0.0020162840010016225,100,112,49.596187813980244
100B,9364,0.0021064000011392636,100,112,47.4743638178476
100B,9365,0.001981195000553271,100,112,50.47458729305993
100B,9366,0.001914098998895497,100,112,52.2439017301109
100B,9367,0.0014778780005144654,100,112,67.66458392721789
100B,9368,0.00240603999918676,100,112,41.562068807584225
100B,9369,0.0027110199989692774,100,112,36.88648554345587
100B,9370,0.0018566809994808864,100,112,53.85954831657093
100B,9371,0.0017605130014999304,100,112,56.80162538691933
100B,9372,0.0018243239992443705,100,112,54.81482458237665
100B,9373,0.0034748119996947935,100,112,28.7785353592607
100B,9374,0.0020764639994013123,100,112,48.15879303895087
100B,9375,0.005272003998470609,100,112,18.968119149570004
100B,9376,0.005271096000797115,100,112,18.9713865930117
100B,9377,0.003261126999859698,100,112,30.66424582799206
100B,9378,0.0035358160002942896,100,112,28.282014672617837
100B,9379,0.0031805279995751334,100,112,31.441320439046084
100B,9380,0.0036198159996274626,100,112,27.6257135750247
100B,9381,0.0058317090006312355,100,112,17.147632021621074
100B,9382,0.004258895000020857,100,112,23.480268942885484
100B,9383,0.002486777999365586,100,112,40.2126768153456
100B,9384,0.0018971570007124683,100,112,52.71045040681687
100B,9385,0.002365499000006821,100,112,42.27437847139722
100B,9386,0.0023845499999879394,100,112,41.93663374662129
100B,9387,0.0014978039998823078,100,112,66.76440976780516
100B,9388,0.003376841001227149,100,112,29.613476016093102
100B,9389,0.00532537200160732,100,112,18.778030899966744
100B,9390,0.0022172309982124716,100,112,45.10129981071879
100B,9391,0.002715892000196618,100,112,36.82031538542786
100B,9392,0.003384575999007211,100,112,29.54579835977468
100B,9393,0.002776836001430638,100,112,36.0122095609822
100B,9394,0.004431792000104906,100,112,22.564235866131096
100B,9395,0.002591499000118347,100,112,38.58770541506413
100B,9396,0.0021997609983372968,100,112,45.45948404194166
100B,9397,0.002463949000230059,100,112,40.58525561635529
100B,9398,0.0020044840002810815,100,112,49.88815075898703
100B,9399,0.0020446290000109,100,112,48.90862841105496
100B,9400,0.0020803300012630643,100,112,48.06929666893492
100B,9401,0.005595388000074308,100,112,17.871861611504325
100B,9402,0.013899075998779153,100,112,7.194722872857422
100B,9403,0.002426676999675692,100,112,41.208615738050135
100B,9404,0.002998586000103387,100,112,33.349051851956936
100B,9405,0.006218736001756042,100,112,16.080438206697
100B,9406,0.005137148000358138,100,112,19.466053925841432
100B,9407,0.005199027998969541,100,112,19.234364581190988
100B,9408,0.005815452999740955,100,112,17.195564989426348
100B,9409,0.005635100998915732,100,112,17.74591085754121
100B,9410,0.011337126999933389,100,112,8.820576853429229
100B,9411,0.0035077060001640348,100,112,28.508660644684472
100B,9412,0.005509210999662173,100,112,18.151419505648274
100B,9413,0.004665364000175032,100,112,21.434554730616576
100B,9414,0.004592134999256814,100,112,21.776363285527076
100B,9415,0.0064076819999172585,100,112,15.606267602120594
100B,9416,0.0033659190012258478,100,112,29.709568163577494
100B,9417,0.0044833270003437065,100,112,22.304864220774814
100B,9418,0.004297063000194612,100,112,23.27170907093311
100B,9419,0.006825664000643883,100,112,14.650589303922189
100B,9420,0.005000323000786011,100,112,19.99870808031417
100B,9421,0.004555839999738964,100,112,21.94984898629664
100B,9422,0.004333826998845325,100,112,23.074294388456973
100B,9423,0.002021738999246736,100,112,49.46236880094722
100B,9424,0.0019528930006345036,100,112,51.206082446662236
100B,9425,0.0027657680002448615,100,112,36.15632258061657
100B,9426,0.0018320530016353587,100,112,54.58357367976597
100B,9427,0.002162134000172955,100,112,46.25060241039674
100B,9428,0.002017984999838518,100,112,49.554382221870895
100B,9429,0.002058035001027747,100,112,48.590038531930574
100B,9430,0.0025551589988026535,100,112,39.13650776599811
100B,9431,0.0025152389989671065,100,112,39.75765326518292
100B,9432,0.0023906179994810373,100,112,41.83018785172216
100B,9433,0.0021577910010819323,100,112,46.343691279581414
100B,9434,0.0030010310001671314,100,112,33.32188171146212
100B,9435,0.0022465429992735153,100,112,44.512835958331486
100B,9436,0.0023912639990157913,100,112,41.81888743407608
100B,9437,0.0022775180004828144,100,112,43.90744660582303
100B,9438,0.0019355660006112885,100,112,51.664474354487574
100B,9439,0.0028433289990061894,100,112,35.17004188926162
100B,9440,0.0021695639989047777,100,112,46.09221025536984
100B,9441,0.0018817279997165315,100,112,53.14264336560027
100B,9442,0.0019387629999982892,100,112,51.57928019055875
100B,9443,0.0021114680002938258,100,112,47.360414643311806
100B,9444,0.0017558100007590838,100,112,56.95377059976154
100B,9445,0.0018953519993374357,100,112,52.760648172454154
100B,9446,0.0021625780009344453,100,112,46.24110665917725
100B,9447,0.0024219620008807397,100,112,41.28883936396826
100B,9448,0.002064149000943871,100,112,48.446115059655625
100B,9449,0.002187034000598942,100,112,45.724026225753214
100B,9450,0.002158683000743622,100,112,46.32454138266344
100B,9451,0.002027341999564669,100,112,49.32566879267187
100B,9452,0.002029015000516665,100,112,49.284997880516485
100B,9453,0.0018287490001966944,100,112,54.68218984083891
100B,9454,0.001929674999701092,100,112,51.8221980465571
100B,9455,0.0028424949996406212,100,112,35.18036091977051
100B,9456,0.001992318000702653,100,112,50.19279049064049
100B,9457,0.0017871240015665535,100,112,55.95582618348934
100B,9458,0.002093959001285839,100,112,47.75642691122077
100B,9459,0.0019590230003814213,100,112,51.04585294839827
100B,9460,0.00266913399900659,100,112,37.4653352125515
100B,9461,0.0027026430016121594,100,112,37.00081732598378
100B,9462,0.002159064999432303,100,112,46.316345282005706
100B,9463,0.0020697630006907275,100,112,48.31471041207505
100B,9464,0.003055111999856308,100,112,32.73202422847455
100B,9465,0.002867708000849234,100,112,34.87105380686817
100B,9466,0.002125438000803115,100,112,47.04912585651247
100B,9467,0.002097618000334478,100,112,47.6731225533221
100B,9468,0.002137867999408627,100,112,46.77557268627521
100B,9469,0.002034697999988566,100,112,49.14734275089568
100B,9470,0.0021173630011617206,100,112,47.22855738252421
100B,9471,0.0023097260000213282,100,112,43.29517873508659
100B,9472,0.001856963001046097,100,112,53.85136911379831
100B,9473,0.002311121999809984,100,112,43.26902690910381
100B,9474,0.0017450759987696074,100,112,57.304094532562786
100B,9475,0.0019090019995928742,100,112,52.38339196152054
100B,9476,0.0019576659997255774,100,112,51.081236540869504
100B,9477,0.002650540000104229,100,112,37.7281610524903
100B,9478,0.00222385300003225,100,112,44.96700096568875
100B,9479,0.0020471879997785436,100,112,48.84749227272609
100B,9480,0.0020273950012779096,100,112,49.32437928325161
100B,9481,0.002171928999814554,100,112,46.04202071455296
100B,9482,0.0019231039987062104,100,112,51.99926788529175
100B,9483,0.002109007000399288,100,112,47.415679502755324
100B,9484,0.0021388539989857236,100,112,46.75400941224669
100B,9485,0.0025683469993964536,100,112,38.93554882712477
100B,9486,0.002027122000072268,100,112,49.331022008756726
100B,9487,0.0019050209994020406,100,112,52.49285967524169
100B,9488,0.0019934669999202015,100,112,50.16386025151307
100B,9489,0.002574520000052871,100,112,38.84219194177803
100B,9490,0.002480236998962937,100,112,40.318727622325234
100B,9491,0.0029464109993568854,100,112,33.93959635021287
100B,9492,0.002020488000198384,100,112,49.49299376694214
100B,9493,0.0022642730000370648,100,112,44.16428584290104
100B,9494,0.002237181999589666,100,112,44.69909020291669
100B,9495,0.0017668989985395456,100,112,56.596330680280175
100B,9496,0.0019656220010801917,100,112,50.87448143389004
100B,9497,0.002185594999900786,100,112,45.754131028182
100B,9498,0.002125058999808971,100,112,47.057516995523116
100B,9499,0.0018427930008328985,100,112,54.2654546412985
100B,9500,0.002224646999820834,100,112,44.950951772597485
100B,9501,0.00204675700115331,100,112,48.85777839951291
100B,9502,0.0023250630001712125,100,112,43.009587263930584
100B,9503,0.0019689089986059116,100,112,50.78954896889858
100B,9504,0.002095239000482252,100,112,47.72725210679232
100B,9505,0.0022838459990452975,100,112,43.785789427922204
100B,9506,0.0022724669997842284,100,112,44.005039461296924
100B,9507,0.0017846319988166215,100,112,56.03396110027691
100B,9508,0.002019543000642443,100,112,49.516152896070395
100B,9509,0.0020122030000493396,100,112,49.69677512534668
100B,9510,0.0022390390004147775,100,112,44.6620179378185
100B,9511,0.0021967709999444196,100,112,45.52135839490329
100B,9512,0.0021427350002340972,100,112,46.66932681319661
100B,9513,0.002053172000159975,100,112,48.70512552879564
100B,9514,0.002535469999202178,100,112,39.440419342948815
100B,9515,0.002304522000486031,100,112,43.39294655417031
100B,9516,0.002217767001639004,100,112,45.090399454089024
100B,9517,0.00205325999922934,100,112,48.703038113796346
100B,9518,0.002347727000596933,100,112,42.5943902227874
100B,9519,0.002328994998606504,100,112,42.93697498699332
100B,9520,0.0019143919998896308,100,112,52.23590571093341
100B,9521,0.0021733399989898317,100,112,46.01212881853736
100B,9522,0.0021905809990130365,100,112,45.64998968084489
100B,9523,0.002050810999207897,100,112,48.761197418301286
100B,9524,0.001783613000952755,100,112,56.06597392292098
100B,9525,0.002057256999250967,100,112,48.60841403694789
100B,9526,0.002111579999109381,100,112,47.35790263318361
100B,9527,0.0019369610017747618,100,112,51.62726555071264
100B,9528,0.0017778090004867408,100,112,56.24901211132428
100B,9529,0.002040686000327696,100,112,49.003129331970655
100B,9530,0.002081291999274981,100,112,48.047078466085026
100B,9531,0.003266871999585419,100,112,30.610320824535048
100B,9532,0.0026244860000588233,100,112,38.10269896572459
100B,9533,0.0013890200007153908,100,112,71.9932038044785
100B,9534,0.0016683489993738476,100,112,59.93949709415192
100B,9535,0.00240715200015984,100,112,41.5428689145346
100B,9536,0.0026598989988997346,100,112,37.59541247294162
100B,9537,0.001856900000348105,100,112,53.853196177098084
100B,9538,0.0015820520002307603,100,112,63.2090474810018
100B,9539,0.0021564049984590383,100,112,46.37347811355462
100B,9540,0.0022255200001382036,100,112,44.93331895188093
100B,9541,0.001820032999603427,100,112,54.944058718599784
100B,9542,0.002110198000082164,100,112,47.38891800490112
100B,9543,0.00250943900027778,100,112,39.84954405703051
100B,9544,0.0024118209985317662,100,112,41.46244686520126
100B,9545,0.002225193000413128,100,112,44.93992205684363
100B,9546,0.0028292930001043715,100,112,35.34451892975066
100B,9547,0.002728211000430747,100,112,36.65405644365901
100B,9548,0.003477403999568196,100,112,28.757084311290093
100B,9549,0.0023209619994304376,100,112,43.085582626746984
100B,9550,0.001569134999954258,100,112,63.72937956448305
100B,9551,0.001317918999120593,100,112,75.87719735941809
100B,9552,0.0032068500004243106,100,112,31.18324835485558
100B,9553,0.0023770059997332282,100,112,42.06972974036373
100B,9554,0.001562064000609098,100,112,64.01786351968092
100B,9555,0.0018746020014077658,100,112,53.34465658571965
100B,9556,0.002091058000587509,100,112,47.82268113648868
100B,9557,0.0025585519997548545,100,112,39.08460723470987
100B,9558,0.0013618609991681296,100,112,73.42893295357115
100B,9559,0.0014692900003865361,100,112,68.06008342375728
100B,9560,0.0018930020014522597,100,112,52.82614594347112
100B,9561,0.0021321599997463636,100,112,46.900795443069825
100B,9562,0.001805175001209136,100,112,55.396291181197576
100B,9563,0.0016253619996859925,100,112,61.52475572784354
100B,9564,0.0020589280011336086,100,112,48.56896401668334
100B,9565,0.0021898750001128064,100,112,45.664706887310345
100B,9566,0.002073257999654743,100,112,48.23326378899919
100B,9567,0.0024305950009875232,100,112,41.142189447181096
100B,9568,0.0021105779997014906,100,112,47.38038585361142
100B,9569,0.0019657619995996356,100,112,50.870858232261526
100B,9570,0.0019517699984135106,100,112,51.23554521346503
100B,9571,0.0029039920009381603,100,112,34.435356560105575
100B,9572,0.002450258998578647,100,112,40.812012141576986
100B,9573,0.0033115590013039764,100,112,30.197257533573612
100B,9574,0.0018834879992937203,100,112,53.09298494999623
100B,9575,0.0018963989987241803,100,112,52.73151908816442
100B,9576,0.0020062860003235983,100,112,49.8433423668763
100B,9577,0.001667909000389045,100,112,59.95530929845374
100B,9578,0.0017832890007412061,100,112,56.07616037469867
100B,9579,0.0021238059998722747,100,112,47.085279920112285
100B,9580,0.0022915200006536907,100,112,43.63915652993362
100B,9581,0.001928305999172153,100,112,51.858989207590135
100B,9582,0.011045045999708236,100,112,9.053832822664711
100B,9583,0.00217939399954048,100,112,45.8843146402554
100B,9584,0.0027734000013879267,100,112,36.05682553903359
100B,9585,0.0036313179989519995,100,112,27.538210652126875
100B,9586,0.0020899990013276692,100,112,47.84691281501816
100B,9587,0.004585364000377012,100,112,21.80851945271475
100B,9588,0.002316181000423967,100,112,43.174518736530274
100B,9589,0.0023111690006771823,100,112,43.26814697267901
100B,9590,0.0020170600000710692,100,112,49.577107273197925
100B,9591,0.0037323549986467697,100,112,26.792735427433012
100B,9592,0.00303746400095406,100,112,32.922200878295264
100B,9593,0.0035871449999831384,100,112,27.87732305230763
100B,9594,0.0019162820008205017,100,112,52.184386200560574
100B,9595,0.0019166760012012674,100,112,52.17365894774363
100B,9596,0.0040934660009952495,100,112,24.429175660842642
100B,9597,0.004770363000716316,100,112,20.962765304230317
100B,9598,0.0024809650003589923,100,112,40.30689670572948
100B,9599,0.002381956999670365,100,112,41.98228600005744
100B,9600,0.0019697019997693133,100,112,50.76910111870311
100B,9601,0.002059109998299391,100,112,48.56467118443867
100B,9602,0.0019045179997192463,100,112,52.50672349368263
100B,9603,0.0024857939988578437,100,112,40.228594986530396
100B,9604,0.002021125999817741,100,112,49.47737053950011
100B,9605,0.0020690909987024497,100,112,48.33040212475485
100B,9606,0.0018676500003493857,100,112,53.54322275656187
100B,9607,0.001992496001548716,100,112,50.18830648707579
100B,9608,0.0020380960013426375,100,112,49.065402186218385
100B,9609,0.0021301400010997895,100,112,46.945271178593934
100B,9610,0.002040232999206637,100,112,49.01400969344477
100B,9611,0.0018028169997705845,100,112,55.468746973611516
100B,9612,0.0021297100010997383,100,112,46.95474968346022
100B,9613,0.002354521999222925,100,112,42.47146555989008
100B,9614,0.0022513089988933643,100,112,44.4186027103144
100B,9615,0.0018622890002006898,100,112,53.69735846005829
100B,9616,0.00220885700036888,100,112,45.27228334985015
100B,9617,0.0025105189997702837,100,112,39.832401192402905
100B,9618,0.0019684460003190907,100,112,50.80149518137136
100B,9619,0.0019675310013553826,100,112,50.8251203824044
100B,9620,0.002719781999985571,100,112,36.76765270177188
100B,9621,0.0018644939991645515,100,112,53.63385457116425
100B,9622,0.0019669279990921495,100,112,50.84070186918675
100B,9623,0.0018676239997148514,100,112,53.543968173073374
100B,9624,0.0020493280007940484,100,112,48.79648351130382
100B,9625,0.002024866998908692,100,112,49.38595969705432
100B,9626,0.002624687998832087,100,112,38.09976654158407
100B,9627,0.0019311380001454381,100,112,51.782938346440694
100B,9628,0.002081665999867255,100,112,48.03844613226948
100B,9629,0.0022260929999902146,100,112,44.921753044656974
100B,9630,0.0031828880000830395,100,112,31.418007795873137
100B,9631,0.0023699660014244728,100,112,42.19469812642662
100B,9632,0.0020487599995249184,100,112,48.81001192096133
100B,9633,0.0023793139989720657,100,112,42.02892095923571
100B,9634,0.00196195200078364,100,112,50.9696465357247
100B,9635,0.0022248579989536665,100,112,44.946688753632465
100B,9636,0.001531062000140082,100,112,65.3141414200409
100B,9637,0.002771251000012853,100,112,36.08478625701396
100B,9638,0.0019979959997726837,100,112,50.05015025624537
100B,9639,0.002006132999667898,100,112,49.847143741992355
100B,9640,0.0023648760015930748,100,112,42.285515152860455
100B,9641,0.002056430001175613,100,112,48.62796202293894
100B,9642,0.002112775000568945,100,112,47.33111664662408
100B,9643,0.0026495550009713043,100,112,37.742186881699325
100B,9644,0.002257705000374699,100,112,44.292766319516296
100B,9645,0.0048899630000960315,100,112,20.450052484658094
100B,9646,0.004883599000095273,100,112,20.476701710777057
100B,9647,0.004408335000334773,100,112,22.684301440885484
100B,9648,0.004427272999237175,100,112,22.587267606318864
100B,9649,0.004131342999244225,100,112,24.20520397805113
100B,9650,0.0032338599994545802,100,112,30.922798147373697
100B,9651,0.005212562000451726,100,112,19.184424087681624
100B,9652,0.004675758000303176,100,112,21.386906677701457
100B,9653,0.0053454649987543235,100,112,18.707446409863955
100B,9654,0.00514329399993585,100,112,19.442792887446696
100B,9655,0.005449673999464721,100,112,18.349721471380164
100B,9656,0.0044293890005064895,100,112,22.576477249698605
100B,9657,0.006034017998899799,100,112,16.57270495683528
100B,9658,0.007015142999080126,100,112,14.25487691599625
100B,9659,0.0033699640007398557,100,112,29.673907489233
100B,9660,0.0025204480007232632,100,112,39.67548625137443
100B,9661,0.002266801000587293,100,112,44.115032582962314
100B,9662,0.0020724599999084603,100,112,48.25183598449039
100B,9663,0.0021749300012743333,100,112,45.97849123484805
100B,9664,0.0022968719986238284,100,112,43.53747185734122
100B,9665,0.002124220998666715,100,112,47.07608109644234
100B,9666,0.0021874600006412948,100,112,45.715121634536466
100B,9667,0.0020039089995407267,100,112,49.90246564236144
100B,9668,0.0030091109983914066,100,112,33.23240653251323
100B,9669,0.0019714760001079412,100,112,50.72341737587719
100B,9670,0.0020446939997782465,100,112,48.9070736309909
100B,9671,0.0021738220002589514,100,112,46.00192655520449
100B,9672,0.0030160980004438898,100,112,33.155421337530356
100B,9673,0.002154545998564572,100,112,46.413490390376076
100B,9674,0.0021489189985004487,100,112,46.5350253172789
100B,9675,0.0028129050006100442,100,112,35.55043628501946
100B,9676,0.003664220001155627,100,112,27.290937762596638
100B,9677,0.0027963560005446197,100,112,35.76082586785228
100B,9678,0.002291817998411716,100,112,43.63348227010276
100B,9679,0.0021109699991939124,100,112,47.371587487356834
100B,9680,0.0021163660003367113,100,112,47.25080632749256
100B,9681,0.001963162998436019,100,112,50.93820537554263
100B,9682,0.002550829000028898,100,112,39.20294147466063
100B,9683,0.0024186909995478345,100,112,41.344677769377995
100B,9684,0.0021169310002733255,100,112,47.238195286992635
100B,9685,0.002294795000125305,100,112,43.576877235020824
100B,9686,0.0024581770012446214,100,112,40.68055308847496
100B,9687,0.0022792180006945273,100,112,43.87469736090529
100B,9688,0.002169258999856538,100,112,46.098690846327436
100B,9689,0.0021639580008923076,100,112,46.21161776650241
100B,9690,0.0021481430012499914,100,112,46.55183567472492
100B,9691,0.0027489589992910624,100,112,36.37740687503499
100B,9692,0.002616282999952091,100,112,38.22216480473679
100B,9693,0.002211910999903921,100,112,45.20977562132641
100B,9694,0.0022958760000619804,100,112,43.55635931439693
100B,9695,0.0019649989990284666,100,112,50.89061116542142
100B,9696,0.0019362090006325161,100,112,51.64731698248084
100B,9697,0.0018311629992240341,100,112,54.610103001412526
100B,9698,0.0024702990012883674,100,112,40.480929615340365
100B,9699,0.00167542599956505,100,112,59.68631263091331
100B,9700,0.0014238909989217063,100,112,70.23009491297344
100B,9701,0.0016433879991382128,100,112,60.84990279376487
100B,9702,0.0016671920002409024,100,112,59.98109395051705
100B,9703,0.0021503210009541363,100,112,46.50468462877319
100B,9704,0.0017296360001637368,100,112,57.815632879133794
100B,9705,0.0016460220012959326,100,112,60.7525293837317
100B,9706,0.0016083720001915935,100,112,62.17467102640914
100B,9707,0.001891447000161861,100,112,52.86957551094081
100B,9708,0.0017609250007808441,100,112,56.78833565067062
100B,9709,0.0020513199997367337,100,112,48.749098147940835
100B,9710,0.0020809130000998266,100,112,48.055829337989024
100B,9711,0.002170196999941254,100,112,46.07876612247964
100B,9712,0.0022169740004756022,100,112,45.10652807770738
100B,9713,0.0020683250004367437,100,112,48.3483011513588
100B,9714,0.0024472800014336826,100,112,40.86169132319036
100B,9715,0.0021411359994090162,100,112,46.70417947650285
100B,9716,0.0029162360006012022,100,112,34.29077755688645
100B,9717,0.0023683620001975214,100,112,42.22327498569053
100B,9718,0.0016380469987780089,100,112,61.048309404187115
100B,9719,0.0017051419999916106,100,112,58.64614208112404
100B,9720,0.002298352999787312,100,112,43.50941739987458
100B,9721,0.0015402259996335488,100,112,64.92553691717453
100B,9722,0.0014727509988006204,100,112,67.90014067648778
100B,9723,0.0023117010005080374,100,112,43.258189522790026
100B,9724,0.002439141999275307,100,112,40.99802308750822
100B,9725,0.002352020999751403,100,112,42.516627194472115
100B,9726,0.002023438999458449,100,112,49.42081279779815
100B,9727,0.002229545998488902,100,112,44.85218069857093
100B,9728,0.001970659999642521,100,112,50.744420660154496
100B,9729,0.0017441150012018625,100,112,57.33566876673293
100B,9730,0.0016201790003833594,100,112,61.72157519406094
100B,9731,0.0023640919989702525,100,112,42.29953827666514
100B,9732,0.002077817000099458,100,112,48.12743374186146
100B,9733,0.0021538769997277996,100,112,46.42790652049197
100B,9734,0.0015802779998921324,100,112,63.28000516796783
100B,9735,0.001884604000224499,100,112,53.06154501852259
100B,9736,0.0028270940001675626,100,112,35.37201097454594
100B,9737,0.0021543029997701524,100,112,46.418725690243775
100B,9738,0.002130527000190341,100,112,46.93674381552828
100B,9739,0.002531663001718698,100,112,39.49972801755679
100B,9740,0.00299002300016582,100,112,33.44455878582012
100B,9741,0.0023072390013112454,100,112,43.341847092203366
100B,9742,0.0021602030010399176,100,112,46.29194568837289
100B,9743,0.002216275001046597,100,112,45.1207543977064
100B,9744,0.004125260998989688,100,112,24.240890461110425
100B,9745,0.0030865240005368832,100,112,32.39890568892566
100B,9746,0.0019780809998337645,100,112,50.554047083210385
100B,9747,0.0022385950014722766,100,112,44.67087612285032
100B,9748,0.0019970590001321398,100,112,50.07363327442168
100B,9749,0.004731389999506064,100,112,21.135438002455846
100B,9750,0.003464766001343378,100,112,28.861977969429237
100B,9751,0.0026655460005713394,100,112,37.51576599262056
100B,9752,0.0023414169991156086,100,112,42.70917996998041
100B,9753,0.0020177810001769103,100,112,49.55939221909237
100B,9754,0.002671656000529765,100,112,37.42996852146044
100B,9755,0.002170121999370167,100,112,46.08035862915676
100B,9756,0.0022999009997874964,100,112,43.48013240971663
100B,9757,0.0020498260000749724,100,112,48.784628547175465
100B,9758,0.002683575999981258,100,112,37.26371081001559
100B,9759,0.0023785289995430503,100,112,42.04279200262492
100B,9760,0.00209797700154013,100,112,47.66496483354668
100B,9761,0.0024117960001603933,100,112,41.46287662528241
100B,9762,0.0024017499999899883,100,112,41.636306859755116
100B,9763,0.002283776999320253,100,112,43.78711232741383
100B,9764,0.0021679020010196837,100,112,46.12754633418139
100B,9765,0.0024004610004340066,100,112,41.658664723950885
100B,9766,0.0021377770008257357,100,112,46.77756377834269
100B,9767,0.002359512000111863,100,112,42.381645016113104
100B,9768,0.002115408999088686,100,112,47.27218237375363
100B,9769,0.002159212999686133,100,112,46.31317059249651
100B,9770,0.0022057240003050538,100,112,45.33658788958632
100B,9771,0.002056893999906606,100,112,48.616992418928994
100B,9772,0.002819700999680208,100,112,35.46475318175273
100B,9773,0.0021700729994336143,100,112,46.081399117034245
100B,9774,0.0021742179997090716,100,112,45.99354803123736
100B,9775,0.002229773001090507,100,112,44.84761451102572
100B,9776,0.0033437570000387495,100,112,29.90647944777122
100B,9777,0.0019432580011198297,100,112,51.459970802834
100B,9778,0.0019928270012314897,100,112,50.179970433060106
100B,9779,0.0021807410012115724,100,112,45.85597278376578
100B,9780,0.0023805019991414156,100,112,42.007946238258725
100B,9781,0.0025305660001322394,100,112,39.51685116877976
100B,9782,0.0023429930006386712,100,112,42.680451871918194
100B,9783,0.002455407000525156,100,112,40.726445749569116
100B,9784,0.0023065139994287165,100,112,43.3554706473788
100B,9785,0.0023599560008733533,100,112,42.37367135785278
100B,9786,0.002311370999450446,100,112,43.264365618404014
100B,9787,0.0021734270012530033,100,112,46.01028695343757
100B,9788,0.002205773998866789,100,112,45.33556023934218
100B,9789,0.002314787001523655,100,112,43.200519069001736
100B,9790,0.0022361920000548707,100,112,44.71887923646371
100B,9791,0.0019738020000659162,100,112,50.663643058756875
100B,9792,0.002095197000016924,100,112,47.72820885061989
100B,9793,0.002028761000474333,100,112,49.291168341968124
100B,9794,0.009595819999958621,100,112,10.42120423272125
100B,9795,0.0026677629994082963,100,112,37.48458915660041
100B,9796,0.0020431990014913026,100,112,48.942858687289586
100B,9797,0.0021551699992414797,100,112,46.40005198438888
100B,9798,0.0025878109991026577,100,112,38.64269841757212
100B,9799,0.0020082530008949107,100,112,49.79452287905874
100B,9800,0.002066065000690287,100,112,48.401187748976575
100B,9801,0.002068412000880926,100,112,48.346267550860524
100B,9802,0.0029492650010070065,100,112,33.90675302689167
100B,9803,0.0018672480000532232,100,112,53.55475009058767
100B,9804,0.0021210549984971294,100,112,47.14634937371019
100B,9805,0.002140331000191509,100,112,46.72174537071714
100B,9806,0.0022182600005180575,100,112,45.08037830400664
100B,9807,0.0026289519992133137,100,112,38.037971035577655
100B,9808,0.001921093000419205,100,112,52.05370066841055
100B,9809,0.0021192630010773428,100,112,47.186215183846585
100B,9810,0.0023305699996853946,100,112,42.90795814478822
100B,9811,0.002980615001433762,100,112,33.55012302893769
100B,9812,0.0024083680000330787,100,112,41.521893663520906
100B,9813,0.002344665999771678,100,112,42.649997914303334
100B,9814,0.002210526001363178,100,112,45.238101672783955
100B,9815,0.0018494079995434731,100,112,54.071356901605824
100B,9816,0.002482388999851537,100,112,40.283775027193826
100B,9817,0.002031981999607524,100,112,49.21303437693589
100B,9818,0.0020106810006836895,100,112,49.734393454753445
100B,9819,0.0022757529986847658,100,112,43.94149982787823
100B,9820,0.00241539200033003,100,112,41.401147302937325
100B,9821,0.0021949629990558606,100,112,45.55885454242915
100B,9822,0.001968847000171081,100,112,50.79114831742161
100B,9823,0.002519465000659693,100,112,39.690966127259614
100B,9824,0.0028323269998509204,100,112,35.306657743001956
100B,9825,0.0024101700000755955,100,112,41.490849191909064
100B,9826,0.0019416260001889896,100,112,51.503224611880164
100B,9827,0.0018920120000984753,100,112,52.85378739394635
100B,9828,0.0022922319985809736,100,112,43.625601624052834
100B,9829,0.0024894060006772634,100,112,40.17022533600151
100B,9830,0.002655628999491455,100,112,37.65586232834093
100B,9831,0.002253188000395312,100,112,44.38156069642455
100B,9832,0.0022999079992587212,100,112,43.48000008358195
100B,9833,0.002477822999935597,100,112,40.35800781678076
100B,9834,0.0026283420011168346,100,112,38.04679906857936
100B,9835,0.002273059000799549,100,112,43.9935786817786
100B,9836,0.0020967979999113595,100,112,47.6917662093475
100B,9837,0.0021403120008471888,100,112,46.72216011516896
100B,9838,0.001973692998944898,100,112,50.66644105920133
100B,9839,0.0023026549988571787,100,112,43.42812972400581
100B,9840,0.0020438749997993,100,112,48.92667115641592
100B,9841,0.002379186000325717,100,112,42.031182087617246
100B,9842,0.002479535998645588,100,112,40.33012630372118
100B,9843,0.002283425999848987,100,112,43.793843114080964
100B,9844,0.0026670389997889288,100,112,37.494764796433074
100B,9845,0.0021622940002998803,100,112,46.24718007178089
100B,9846,0.002511161001166329,100,112,39.822217672843045
100B,9847,0.002536407000661711,100,112,39.42584923236353
100B,9848,0.0022778530001232866,100,112,43.90098921861402
100B,9849,0.0018675970004551345,100,112,53.544742241302565
100B,9850,0.0021671270005754195,100,112,46.14404230737184
100B,9851,0.002392406999206287,100,112,41.79890797559794
100B,9852,0.0021022350010753144,100,112,47.56842120355193
100B,9853,0.0020401479996507987,100,112,49.01605178502563
100B,9854,0.0022037290000298526,100,112,45.37763037045179
100B,9855,0.003397460999622126,100,112,29.433744790925413
100B,9856,0.0032231369987130165,100,112,31.025674688953504
100B,9857,0.0029956029993627453,100,112,33.38226060705407
100B,9858,0.002881671000068309,100,112,34.70208778088461
100B,9859,0.002275718999953824,100,112,43.94215630402043
100B,9860,0.0036427129998628516,100,112,27.452066633787783
100B,9861,0.003328597000290756,100,112,30.042687652264572
100B,9862,0.0028243079996173037,100,112,35.40690321790332
100B,9863,0.0022373470001184614,100,112,44.69579372118195
100B,9864,0.0021559599990723655,100,112,46.383049798246034
100B,9865,0.0020202030009386363,100,112,49.499975969512725
100B,9866,0.002477428000929649,100,112,40.364442463100936
100B,9867,0.0021060479994048364,100,112,47.482298612500635
100B,9868,0.0022233269992284477,100,112,44.97763938219731
100B,9869,0.0023525279993918957,100,112,42.507464321720704
100B,9870,0.00391645600029733,100,112,25.53328825663002
100B,9871,0.0024349849991267547,100,112,41.06801480742693
100B,9872,0.002216646000306355,100,112,45.11320255294682
100B,9873,0.0016444560005766107,100,112,60.81038347327996
100B,9874,0.002000280999709503,100,112,49.992975994134234
100B,9875,0.0026395400000183145,100,112,37.88538912056879
100B,9876,0.0011882860017067287,100,112,84.15482455938263
100B,9877,0.0015062820002640365,100,112,66.38863106806758
100B,9878,0.0020459629995457362,100,112,48.8767392285212
100B,9879,0.0018485839991626563,100,112,54.095459035292144
100B,9880,0.0016625779990135925,100,112,60.14755401510786
100B,9881,0.0017434649998904206,100,112,57.35704473923202
100B,9882,0.0022549860004801303,100,112,44.346173314915504
100B,9883,0.0023961509996297536,100,112,41.73359692918005
100B,9884,0.002235645000837394,100,112,44.729820683759506
100B,9885,0.0018816579995473148,100,112,53.14462034230332
100B,9886,0.0020817060012632282,100,112,48.037523040870155
100B,9887,0.0024422529986622976,100,112,40.94579884015837
100B,9888,0.001907366000523325,100,112,52.42832260434702
100B,9889,0.0019220569993194658,100,112,52.02759337283263
100B,9890,0.0021183139997447142,100,112,47.20735453386579
100B,9891,0.003299064999737311,100,112,30.311618597379116
100B,9892,0.0031088280011317693,100,112,32.166462719582746
100B,9893,0.002432328999930178,100,112,41.11285932243154
100B,9894,0.001430919999620528,100,112,69.88510889953277
100B,9895,0.0015916050015221117,100,112,62.82965930891537
100B,9896,0.0016490520010847831,100,112,60.64090152052075
100B,9897,0.001756907000526553,100,112,56.918209085642864
100B,9898,0.002165349000279093,100,112,46.181931867385316
100B,9899,0.002235667998320423,100,112,44.729360564773664
100B,9900,0.002001725000809529,100,112,49.95691214305583
100B,9901,0.0020116520008741645,100,112,49.71038726208358
100B,9902,0.0017202729995915433,100,112,58.13030840090132
100B,9903,0.0027698749981937,100,112,36.10271223979867
100B,9904,0.001580140000442043,100,112,63.28553164404741
100B,9905,0.0017158890004793648,100,112,58.27882804310954
100B,9906,0.0018849369989766274,100,112,53.05217100321769
100B,9907,0.0024227540015999693,100,112,41.27534200086377
100B,9908,0.0024813389991322765,100,112,40.30082146573684
100B,9909,0.0023016519990051165,100,112,43.4470545691637
100B,9910,0.0025314430004073074,100,112,39.503160839059014
100B,9911,0.0024322419994859956,100,112,41.114329915005555
100B,9912,0.002450084999509272,100,112,40.81491051127982
100B,9913,0.0019527860004018294,100,112,51.20888821377394
100B,9914,0.0019401189983909717,100,112,51.543230122963855
100B,9915,0.002090370000587427,100,112,47.83842093595795
100B,9916,0.00208574299904285,100,112,47.94454544298608
100B,9917,0.0019272359986644005,100,112,51.88778129367721
100B,9918,0.0023174110010586446,100,112,43.15160321337811
100B,9919,0.00221195799895213,100,112,45.20881501699986
100B,9920,0.0021333389995561447,100,112,46.87487549836462
100B,9921,0.0018356189993937733,100,112,54.477535933669095
100B,9922,0.00235958700068295,100,112,42.38029789579972
100B,9923,0.002103631999489153,100,112,47.5368315486188
100B,9924,0.0022400679990823846,100,112,44.641501972691785
100B,9925,0.0021270590004860424,100,112,47.01327042510319
100B,9926,0.0020419860011315905,100,112,48.97193219962518
100B,9927,0.0023025040009088116,100,112,43.4309777357735
100B,9928,0.0022231179991649697,100,112,44.9818678259819
100B,9929,0.002332592001039302,100,112,42.87076349204847
100B,9930,0.0026879759989242302,100,112,37.20271313435148
100B,9931,0.002139335001629661,100,112,46.74349735961126
100B,9932,0.002365053000175976,100,112,42.28235054037238
100B,9933,0.0029664720004802803,100,112,33.71007715016683
100B,9934,0.001894456001537037,100,112,52.785601734147725
100B,9935,0.0025412100003450178,100,112,39.35133262753692
100B,9936,0.0021969760000501992,100,112,45.517110791249
100B,9937,0.0023050039999361616,100,112,43.38387265391711
100B,9938,0.002404045000730548,100,112,41.596559119988065
100B,9939,0.002371537999351858,100,112,42.1667289443939
100B,9940,0.002275550999911502,100,112,43.94540047834088
100B,9941,0.0020904329994664295,100,112,47.836979240915355
100B,9942,0.0024148009997588815,100,112,41.41127985700893
100B,9943,0.00204137500077195,100,112,48.986589902484745
100B,9944,0.0019714940008270787,100,112,50.72295424589075
100B,9945,0.0022183660003065597,100,112,45.078224236298624
100B,9946,0.0027971180006716168,100,112,35.75108378552102
100B,9947,0.0023931710002216278,100,112,41.78556400304833
100B,9948,0.0021391529990069102,100,112,46.74747437253176
100B,9949,0.0020628870006476063,100,112,48.47575265567469
100B,9950,0.0029380300002230797,100,112,34.036412151137725
100B,9951,0.0019262940004409757,100,112,51.91315550850886
100B,9952,0.0021296890008670744,100,112,46.95521269034415
100B,9953,0.002154392999727861,100,112,46.41678654388119
100B,9954,0.0019569239993870724,100,112,51.100604842763936
100B,9955,0.0021983970000292175,100,112,45.48768943856408
100B,9956,0.0016982229990389897,100,112,58.885081674544026
100B,9957,0.0017978919986489927,100,112,55.62069360959611
100B,9958,0.00208182599999418,100,112,48.03475410542455
100B,9959,0.001983993000976625,100,112,50.40340361622989
100B,9960,0.0019622310010163346,100,112,50.96239940567912
100B,9961,0.0026101500006916467,100,112,38.311974397449056
100B,9962,0.0019289409992779838,100,112,51.84191742382515
100B,9963,0.0014892390008753864,100,112,67.14838917139505
100B,9964,0.002558299000156694,100,112,39.08847245528184
100B,9965,0.0019395389990677359,100,112,51.5586435993637
100B,9966,0.002141812999980175,100,112,46.68941686362237
100B,9967,0.0023762629989505513,100,112,42.082883941787514
100B,9968,0.0036260750002838904,100,112,27.578028582467503
100B,9969,0.001679445000263513,100,112,59.543480128440955
100B,9970,0.0017132230004790472,100,112,58.36951755377919
100B,9971,0.001834081998822512,100,112,54.523189292627265
100B,9972,0.0019894140004907968,100,112,50.26605823389681
100B,9973,0.001817119999032002,100,112,55.032138798357295
100B,9974,0.0019175939996785019,100,112,52.148682159396465
100B,9975,0.00231006100148079,100,112,43.28890013549349
100B,9976,0.0014498139989882475,100,112,68.97436503564249
100B,9977,0.002363214000070002,100,112,42.31525371677633
100B,9978,0.0018858729999919888,100,112,53.02584002232643
100B,9979,0.0021149209987925133,100,112,47.283090033667314
100B,9980,0.0019467149995762156,100,112,51.36858760618232
100B,9981,0.0020759359995281557,100,112,48.17104189277956
100B,9982,0.002227864000815316,100,112,44.88604329680972
100B,9983,0.002698104999581119,100,112,37.06304981293353
100B,9984,0.002425194999887026,100,112,41.233797696539185
100B,9985,0.002738848999797483,100,112,36.51168794168435
100B,9986,0.0025870790013868827,100,112,38.65363212580363
100B,9987,0.00391029599995818,100,112,25.57351157075308
100B,9988,0.0017681099998299032,100,112,56.557567125133765
100B,9989,0.002227304999905755,100,112,44.89730863273389
100B,9990,0.002726894999796059,100,112,36.67174570618923
100B,9991,0.002214366000771406,100,112,45.1596529052395
100B,9992,0.00201444600133982,100,112,49.64143984673175
100B,9993,0.002079415000480367,100,112,48.09044850445868
100B,9994,0.0014570479997928487,100,112,68.63191879349012
100B,9995,0.0018442679993313504,100,112,54.22205451499215
100B,9996,0.00221813199823373,100,112,45.08297976839463
100B,9997,0.0022871629989822395,100,112,43.72228828662357
100B,9998,0.0024641960008011665,100,112,40.58118752221321
100B,9999,0.0023797939993528416,100,112,42.020443797737904
10KB,0,0.004034501000205637,10240,10252,2538.10818227039
10KB,1,0.01251507000051788,10240,10252,818.2135616961202
10KB,2,0.01352392199987662,10240,10252,757.1768012336526
10KB,3,0.021960485999443335,10240,10252,466.2920483754125
10KB,4,0.014760964999368298,10240,10252,693.7215825955976
10KB,5,0.011909398001080262,10240,10252,859.8251564916349
10KB,6,0.011212301998966723,10240,10252,913.2825713170832
10KB,7,0.014821683000263874,10240,10252,690.8797064285948
10KB,8,0.019279256999652716,10240,10252,531.1408007157358
10KB,9,0.011424654998336337,10240,10252,896.3071533881026
10KB,10,0.0026550719994702376,10240,10252,3856.7692333929817
10KB,11,0.013535956999476184,10240,10252,756.503585257863
10KB,12,0.012313310000536148,10240,10252,831.6204172195881
10KB,13,0.03858446300000651,10240,10252,265.3917977295232
10KB,14,0.043952707999778795,10240,10252,232.97768137634515
10KB,15,0.014270759998908034,10240,10252,717.5511325804332
10KB,16,0.05598063899924455,10240,10252,182.92038431605235
10KB,17,0.04124289700121153,10240,10252,248.28517743792816
10KB,18,0.007647783999345847,10240,10252,1338.9499495377847
10KB,19,0.0033623189992795233,10240,10252,3045.5170976323852
10KB,20,0.003561424999134033,10240,10252,2875.2535859915274
10KB,21,0.012263450998943881,10240,10252,835.0015016883797
10KB,22,0.013133784001183813,10240,10252,779.6686772888163
10KB,23,0.014264032000937732,10240,10252,717.8895840479615
10KB,24,0.01302119000138191,10240,10252,786.4104585612567
10KB,25,0.012576484999954118,10240,10252,814.2179631301876
10KB,26,0.012742614000671892,10240,10252,803.6027772213821
10KB,27,0.013159782000002451,10240,10252,778.128391488407
10KB,28,0.00796840700058965,10240,10252,1285.0749214042726
10KB,29,0.0034408270003041252,10240,10252,2976.0287277142716
10KB,30,0.004231143000652082,10240,10252,2420.1498267541097
10KB,31,0.002850705001037568,10240,10252,3592.0938842401997
10KB,32,0.0035615840006357757,10240,10252,2875.1252246674694
10KB,33,0.0030906409992894623,10240,10252,3313.2285510850897
10KB,34,0.005017729999963194,10240,10252,2040.7634528113533
10KB,35,0.003322743999888189,10240,10252,3081.7902313101995
10KB,36,0.0028807210001104977,10240,10252,3554.665654746578
10KB,37,0.0063308680000773165,10240,10252,1617.4717273958236
10KB,38,0.0038947679986449657,10240,10252,2629.16815675866
10KB,39,0.0030659499989269534,10240,10252,3339.9109586209433
10KB,40,0.003162102999340277,10240,10252,3238.351186579442
10KB,41,0.003138235999358585,10240,10252,3262.9795853762826
10KB,42,0.003177915999913239,10240,10252,3222.2374664023732
10KB,43,0.0036212659997545416,10240,10252,2827.7403539795455
10KB,44,0.0026797430000442546,10240,10252,3821.2619642372015
10KB,45,0.003001379000124871,10240,10252,3411.7650585194237
10KB,46,0.013936186998762423,10240,10252,734.7777409207658
10KB,47,0.0036010440016980283,10240,10252,2843.619793363106
10KB,48,0.0034351360009168275,10240,10252,2980.9591228024083
10KB,49,0.003078153000387829,10240,10252,3326.6702463164834
10KB,50,0.0037786819993925747,10240,10252,2709.9396037152865
10KB,51,0.003565237000657362,10240,10252,2872.179324435357
10KB,52,0.003009371999723953,10240,10252,3402.703288572933
10KB,53,0.002832736001437297,10240,10252,3614.8797469317096
10KB,54,0.0036572160006471677,10240,10252,2799.9440006245095
10KB,55,0.003448965999268694,10240,10252,2969.0057838120906
10KB,56,0.004477820999454707,10240,10252,2286.826561679663
10KB,57,0.0038044229986553546,10240,10252,2691.6039577142847
10KB,58,0.004806810000445694,10240,10252,2130.310954468875
10KB,59,0.0028680010000243783,10240,10252,3570.431112092694
10KB,60,0.0037346499993873294,10240,10252,2741.8901374104335
10KB,61,0.004222851001031813,10240,10252,2424.9020383380694
10KB,62,0.00392996299888182,10240,10252,2605.622496423899
10KB,63,0.0037688989996240707,10240,10252,2716.9738432951876
10KB,64,0.004184718000033172,10240,10252,2446.9988180610567
10KB,65,0.0033919449997483753,10240,10252,3018.9168753501704
10KB,66,0.003040792000319925,10240,10252,3367.543718518938
10KB,67,0.004486227999223047,10240,10252,2282.5411463201217
10KB,68,0.003420094999455614,10240,10252,2994.06887868025
10KB,69,0.003969407998738461,10240,10252,2579.729774126124
10KB,70,0.003514677000566735,10240,10252,2913.49674475032
10KB,71,0.05183029500039993,10240,10252,197.56785100144592
10KB,72,0.0029104029999871273,10240,10252,3518.4130857634805
10KB,73,0.002612730000691954,10240,10252,3919.272177870673
10KB,74,0.004111487998670782,10240,10252,2490.582485783864
10KB,75,0.00457751900103176,10240,10252,2237.019660146016
10KB,76,0.004543745000773924,10240,10252,2253.6475964773213
10KB,77,0.004382209001050796,10240,10252,2336.721045834323
10KB,78,0.002954034000140382,10240,10252,3466.446222187481
10KB,79,0.0033901050010172185,10240,10252,3020.5554096192996
10KB,80,0.003014343999893754,10240,10252,3397.090710403633
10KB,81,0.004790925000634161,10240,10252,2137.374306348891
10KB,82,0.004392340999402222,10240,10252,2331.330832782249
10KB,83,0.004175928999757161,10240,10252,2452.148971066193
10KB,84,0.0036787089993595146,10240,10252,2783.5852201907915
10KB,85,0.004276850999303861,10240,10252,2394.284954436513
10KB,86,0.004253638000591309,10240,10252,2407.3510718534376
10KB,87,0.0035566180013120174,10240,10252,2879.1396760131447
10KB,88,0.004221180000968161,10240,10252,2425.8619622123138
10KB,89,0.0032507030009583104,10240,10252,3150.0878416087958
10KB,90,0.0038424590002250625,10240,10252,2664.960120433352
10KB,91,0.0034506129995861556,10240,10252,2967.5886577915635
10KB,92,0.0033466009990661405,10240,10252,3059.8209953494434
10KB,93,0.009900305998598924,10240,10252,1034.3114648627172
10KB,94,0.015272524000465637,10240,10252,670.4851142933413
10KB,95,0.018116028999429545,10240,10252,565.2452863882282
10KB,96,0.011849362001157715,10240,10252,864.1815482554694
10KB,97,0.0035068280012637842,10240,10252,2920.017747180565
10KB,98,0.0031731979997857707,10240,10252,3227.0283797895136
10KB,99,0.004866999999649124,10240,10252,2103.965481967995
10KB,100,0.0033874649998324458,10240,10252,3022.909461944699
10KB,101,0.0037565359998552594,10240,10252,2725.915577647745
10KB,102,0.0036163530003250344,10240,10252,2831.5819830308706
10KB,103,0.003406771998925251,10240,10252,3005.777904488606
10KB,104,0.0030029810004634783,10240,10252,3409.9449841406135
10KB,105,0.0036549930009641685,10240,10252,2801.6469517995633
10KB,106,0.0039715070015517995,10240,10252,2578.366347081572
10KB,107,0.003780162998737069,10240,10252,2708.8778984983255
10KB,108,0.004850130000704667,10240,10252,2111.2836147716143
10KB,109,0.0035559069983719382,10240,10252,2879.715359453539
10KB,110,0.011387439000827726,10240,10252,899.2364305315426
10KB,111,0.006392209999830811,10240,10252,1601.9498734038825
10KB,112,0.004539227000350365,10240,10252,2255.8907054460183
10KB,113,0.00410769399968558,10240,10252,2492.8828682915064
10KB,114,0.0042411109989188844,10240,10252,2414.4616829435286
10KB,115,0.0038983670001471182,10240,10252,2626.7408890988354
10KB,116,0.003334977000122308,10240,10252,3070.485943268711
10KB,117,0.004325670000980608,10240,10252,2367.2633367035955
10KB,118,0.0037469150011020247,10240,10252,2732.91494389071
10KB,119,0.005779249000624986,10240,10252,1771.856516113532
10KB,120,0.0031958839990693377,10240,10252,3204.121301956502
10KB,121,0.0035373339997022413,10240,10252,2894.835489343659
10KB,122,0.0036433789991860976,10240,10252,2810.5777637428155
10KB,123,0.006789928000216605,10240,10252,1508.1161390331877
10KB,124,0.00490864700077509,10240,10252,2086.114564437629
10KB,125,0.0037099950004630955,10240,10252,2760.1115361939314
10KB,126,0.0033424900011596037,10240,10252,3063.584332772112
10KB,127,0.0038860940003360156,10240,10252,2635.0366200906583
10KB,128,0.004368662001070334,10240,10252,2343.9670996500013
10KB,129,0.005045191999670351,10240,10252,2029.6551648914597
10KB,130,0.004525164000369841,10240,10252,2262.901410681046
10KB,131,0.003534248000505613,10240,10252,2897.3631727414304
10KB,132,0.003842363001240301,10240,10252,2665.0267027593604
10KB,133,0.0033354330007568933,10240,10252,3070.0661646257886
10KB,134,0.003564622000340023,10240,10252,2872.674858378595
10KB,135,0.003520570000546286,10240,10252,2908.6199105289948
10KB,136,0.004093749999810825,10240,10252,2501.374045917117
10KB,137,0.003875312000673148,10240,10252,2642.3678914681695
10KB,138,0.00576144900151121,10240,10252,1777.3306675654128
10KB,139,0.0032543220004299656,10240,10252,3146.5847567164765
10KB,140,0.003968109998822911,10240,10252,2580.5736239765447
10KB,141,0.003129028000330436,10240,10252,3272.581772652281
10KB,142,0.0031606000011379365,10240,10252,3239.8911587398625
10KB,143,0.0036989050004194723,10240,10252,2768.386860121776
10KB,144,0.0037554299997282214,10240,10252,2726.718378651996
10KB,145,0.004669862999435281,10240,10252,2192.7838142657088
10KB,146,0.0047064800000953255,10240,10252,2175.7236830481797
10KB,147,0.0037224349998723483,10240,10252,2750.887523986626
10KB,148,0.004008667001471622,10240,10252,2554.4651117792505
10KB,149,0.0038348130001395475,10240,10252,2670.2736221107443
10KB,150,0.0036276379996706964,10240,10252,2822.7733861343245
10KB,151,0.0033484169998700963,10240,10252,3058.1615134546464
10KB,152,0.0030459179997706087,10240,10252,3361.8764526067953
10KB,153,0.003928027999791084,10240,10252,2606.9060608897457
10KB,154,0.004400578000058886,10240,10252,2326.96704838841
10KB,155,0.003048824000870809,10240,10252,3358.6720640729795
10KB,156,0.0032958680003503105,10240,10252,3106.9205438177783
10KB,157,0.003678283001136151,10240,10252,2783.9075995069056
10KB,158,0.009347645998786902,10240,10252,1095.462964828675
10KB,159,0.0032616850003250875,10240,10252,3139.481586658244
10KB,160,0.0032643080012348946,10240,10252,3136.9588887219547
10KB,161,0.004197154999928898,10240,10252,2439.747876876949
10KB,162,0.004089227999429568,10240,10252,2504.140146117664
10KB,163,0.00391651300014928,10240,10252,2614.570665183467
10KB,164,0.003707038000356988,10240,10252,2762.3131996526304
10KB,165,0.00406345000010333,10240,10252,2520.026086143451
10KB,166,0.00336574799985101,10240,10252,3042.414346069073
10KB,167,0.004142953001064598,10240,10252,2471.6669480365017
10KB,168,0.0038724950009054737,10240,10252,2644.290050111276
10KB,169,0.0041590470009396086,10240,10252,2462.1024955203893
10KB,170,0.003978927001298871,10240,10252,2573.558146871576
10KB,171,0.004517866998867248,10240,10252,2266.556320176633
10KB,172,0.004163051999057643,10240,10252,2459.73386888224
10KB,173,0.004282200001398451,10240,10252,2391.294193791951
10KB,174,0.004452560000572703,10240,10252,2299.800563874018
10KB,175,0.003278379999755998,10240,10252,3123.4939210104194
10KB,176,0.0034391320004942827,10240,10252,2977.4954838977615
10KB,177,0.0041093650015682215,10240,10252,2491.8691807839405
10KB,178,0.003551003001120989,10240,10252,2883.6922967306455
10KB,179,0.003810321999480948,10240,10252,2687.4369151465203
10KB,180,0.0042186659993603826,10240,10252,2427.3075900183962
10KB,181,0.004361658000561874,10240,10252,2347.731068937746
10KB,182,0.00368001399874629,10240,10252,2782.5981106290824
10KB,183,0.003049970000574831,10240,10252,3357.4100722531884
10KB,184,0.005869610000445391,10240,10252,1744.5792819664305
10KB,185,0.005322360000718618,10240,10252,1923.9585444459617
10KB,186,0.003151151000565733,10240,10252,3249.606254400881
10KB,187,0.0038679860008414835,10240,10252,2647.3725597177136
10KB,188,0.0034770319998642663,10240,10252,2945.0404829175404
10KB,189,0.004112275999432313,10240,10252,2490.105236470898
10KB,190,0.005075464001492946,10240,10252,2017.5495278831468
10KB,191,0.004429858001458342,10240,10252,2311.5865105899366
10KB,192,0.004190740000922233,10240,10252,2443.4825347663036
10KB,193,0.004570888999296585,10240,10252,2240.2644215547207
10KB,194,0.004541840000456432,10240,10252,2254.592852009523
10KB,195,0.004168718000073568,10240,10252,2456.3906697021216
10KB,196,0.00373467399913352,10240,10252,2741.8725174876786
10KB,197,0.004787731999385869,10240,10252,2138.7997492995646
10KB,198,0.0033445909994043177,10240,10252,3061.659856713056
10KB,199,0.004149336999034858,10240,10252,2467.864143688941
10KB,200,0.0038112380007078173,10240,10252,2686.7910107157422
10KB,201,0.004630180999811273,10240,10252,2211.576610162191
10KB,202,0.004020820999357966,10240,10252,2546.743563474996
10KB,203,0.0043957590005447855,10240,10252,2329.5180647371503
10KB,204,0.004528097000729758,10240,10252,2261.435653509565
10KB,205,0.00438658600069175,10240,10252,2334.389431413219
10KB,206,0.004385911001008935,10240,10252,2334.7486981939187
10KB,207,0.004483941000216873,10240,10252,2283.7053385637155
10KB,208,0.0037183009990258142,10240,10252,2753.9459561457925
10KB,209,0.003988579999713693,10240,10252,2567.3297265530705
10KB,210,0.003962523998779943,10240,10252,2584.2114781267915
10KB,211,0.0034062499998981366,10240,10252,3006.2385321999927
10KB,212,0.004289520000384073,10240,10252,2387.213487542461
10KB,213,0.0038259449993347516,10240,10252,2676.4629396869304
10KB,214,0.0040396269996563205,10240,10252,2534.887503443063
10KB,215,0.008152227999744355,10240,10252,1256.0983329123176
10KB,216,0.0048163110004679766,10240,10252,2126.1085505078536
10KB,217,0.005352545998903224,10240,10252,1913.1082670000876
10KB,218,0.005036754999309778,10240,10252,2033.0550128809637
10KB,219,0.007971184999405523,10240,10252,1284.6270662095637
10KB,220,0.003244239000196103,10240,10252,3156.364250408502
10KB,221,0.0113888579999184,10240,10252,899.1243898267384
10KB,222,0.0034717899998213397,10240,10252,2949.487152312483
10KB,223,0.013753846998952213,10240,10252,744.518969912934
10KB,224,0.004044720999445417,10240,10252,2531.6950171356775
10KB,225,0.003376909999133204,10240,10252,3032.3579848525533
10KB,226,0.003496941999401315,10240,10252,2928.2727599580185
10KB,227,0.0045729460016445955,10240,10252,2239.2567059215935
10KB,228,0.004646432000299683,10240,10252,2203.8415711968983
10KB,229,0.003930509999918286,10240,10252,2605.259877271114
10KB,230,0.0029069150004943367,10240,10252,3522.6348201645496
10KB,231,0.004021268001451972,10240,10252,2546.4604687632386
10KB,232,0.003756853999220766,10240,10252,2725.684842190819
10KB,233,0.003422955000132788,10240,10252,2991.5672276155415
10KB,234,0.0031178669996734243,10240,10252,3284.2966044005634
10KB,235,0.004365434000646928,10240,10252,2345.700335518187
10KB,236,0.004387970999232493,10240,10252,2333.652615705777
10KB,237,0.004799219001142774,10240,10252,2133.680500423441
10KB,238,0.004047202999572619,10240,10252,2530.1424220829385
10KB,239,0.003121133000604459,10240,10252,3280.8598665987174
10KB,240,0.003582202001780388,10240,10252,2858.5769297517627
10KB,241,0.003558913000233588,10240,10252,2877.2830353897107
10KB,242,0.05565474799914227,10240,10252,183.9914898214581
10KB,243,0.013103807001243695,10240,10252,781.4522908516672
10KB,244,0.011799105999671156,10240,10252,867.8623617997323
10KB,245,0.012326473999564769,10240,10252,830.7322921673757
10KB,246,0.0043903460009460105,10240,10252,2332.3902029119195
10KB,247,0.0037720380005339393,10240,10252,2714.7128418511447
10KB,248,0.0038180169995030155,10240,10252,2682.0205361403378
10KB,249,0.003977776999818161,10240,10252,2574.3021794505094
10KB,250,0.0036508800003502984,10240,10252,2804.803225254591
10KB,251,0.003804444000707008,10240,10252,2691.58909898451
10KB,252,0.004160450000199489,10240,10252,2461.2722180314636
10KB,253,0.0037264379989210283,10240,10252,2747.932476795519
10KB,254,0.0038514280004164902,10240,10252,2658.7541033852003
10KB,255,0.003362769000887056,10240,10252,3045.1095502839526
10KB,256,0.0037936720000288915,10240,10252,2699.231773311455
10KB,257,0.0046462340014841175,10240,10252,2203.935487693711
10KB,258,0.0033823489993665135,10240,10252,3027.48178911102
10KB,259,0.0034866359983425355,10240,10252,2936.928318547693
10KB,260,0.003378805999091128,10240,10252,3030.656392451795
10KB,261,0.00454643400007626,10240,10252,2252.3146711968625
10KB,262,0.00398116900032619,10240,10252,2572.1088452062704
10KB,263,0.004215897000904079,10240,10252,2428.90184409251
10KB,264,0.004330869000114035,10240,10252,2364.4215513631034
10KB,265,0.004326637999838567,10240,10252,2366.73370880163
10KB,266,0.008362059001228772,10240,10252,1224.5787788025978
10KB,267,0.0033034999996743863,10240,10252,3099.7426974449277
10KB,268,0.004088667999894824,10240,10252,2504.483122685288
10KB,269,0.003397059001144953,10240,10252,3014.3721367655626
10KB,270,0.012786971999958041,10240,10252,800.8150796008314
10KB,271,0.0031852470001467736,10240,10252,3214.8213308192894
10KB,272,0.004432432000612607,10240,10252,2310.244127509396
10KB,273,0.003570552999008214,10240,10252,2867.9030959194124
10KB,274,0.004096027001651237,10240,10252,2499.9835196086196
10KB,275,0.003978614999141428,10240,10252,2573.7599647640595
10KB,276,0.0047804179994273,10240,10252,2142.072095207315
10KB,277,0.0036617519999708747,10240,10252,2796.4755669093506
10KB,278,0.0039050989998941077,10240,10252,2622.212650761907
10KB,279,0.0031703740005468717,10240,10252,3229.902843712968
10KB,280,0.004471369000384584,10240,10252,2290.1263570774977
10KB,281,0.00521558400032518,10240,10252,1963.3467698653803
10KB,282,0.0038086989989096764,10240,10252,2688.582112404111
10KB,283,0.0030009629990672693,10240,10252,3412.238005994309
10KB,284,0.013901450000048499,10240,10252,736.6138064708556
10KB,285,0.013343676999284071,10240,10252,767.4046666859073
10KB,286,0.015213511000183644,10240,10252,673.0859168456507
10KB,287,0.012169375999292242,10240,10252,841.4564559921188
10KB,288,0.006352607999360771,10240,10252,1611.9363891224511
10KB,289,0.00962501499998325,10240,10252,1063.894445880637
10KB,290,0.005976861999442917,10240,10252,1713.2736209995205
10KB,291,0.0034119419997296063,10240,10252,3001.223350458921
10KB,292,0.004044381001222064,10240,10252,2531.907848668522
10KB,293,0.00395442100125365,10240,10252,2589.5067815879156
10KB,294,0.004234461999658379,10240,10252,2418.252897493501
10KB,295,0.0034596490004332736,10240,10252,2959.8378328892845
10KB,296,0.0032839929990586825,10240,10252,3118.155246657095
10KB,297,0.003491217999908258,10240,10252,2933.0737869331238
10KB,298,0.002755960000285995,10240,10252,3715.5836800742245
10KB,299,0.0048242259999824455,10240,10252,2122.6202918431395
10KB,300,0.003605279000112205,10240,10252,2840.2794900703407
10KB,301,0.0037090099995111814,10240,10252,2760.8445383942217
10KB,302,0.004752360000566114,10240,10252,2154.718918343767
10KB,303,0.0034448339993105037,10240,10252,2972.567038658343
10KB,304,0.003371134000190068,10240,10252,3037.5535352266206
10KB,305,0.003982471000199439,10240,10252,2571.2679387965886
10KB,306,0.003624086999479914,10240,10252,2825.5392327693908
10KB,307,0.003358560999913607,10240,10252,3048.92482234606
10KB,308,0.0028648970001086127,10240,10252,3574.2995296556164
10KB,309,0.0056865339993237285,10240,10252,1800.7454103356795
10KB,310,0.00317083600020851,10240,10252,3229.432237847253
10KB,311,0.004141673000049195,10240,10252,2472.430826836973
10KB,312,0.004973389000952011,10240,10252,2058.95818687013
10KB,313,0.003083776000494254,10240,10252,3320.604349459487
10KB,314,0.003405876999750035,10240,10252,3006.567765292621
10KB,315,0.0032718660004320554,10240,10252,3129.7125244884082
10KB,316,0.004374902999188635,10240,10252,2340.6233239683484
10KB,317,0.0028528830007417127,10240,10252,3589.351542750871
10KB,318,0.014855396000712062,10240,10252,689.3118163601406
10KB,319,0.008499781999489642,10240,10252,1204.7367803803493
10KB,320,0.004057775000546826,10240,10252,2523.5504675887787
10KB,321,0.003730190999704064,10240,10252,2745.1677409581425
10KB,322,0.0031259229999704985,10240,10252,3275.8324501584466
10KB,323,0.003545069999745465,10240,10252,2888.518421564378
10KB,324,0.003990302000602242,10240,10252,2566.2218043783437
10KB,325,0.003305849000753369,10240,10252,3097.540147074597
10KB,326,0.0039051310013746843,10240,10252,2622.1911624463596
10KB,327,0.004680926000219188,10240,10252,2187.601342025169
10KB,328,0.006068627000786364,10240,10252,1687.3668456922983
10KB,329,0.004530790998614975,10240,10252,2260.0910090821408
10KB,330,0.004375767000965425,10240,10252,2340.1611643720403
10KB,331,0.00403011800153763,10240,10252,2540.8685294309207
10KB,332,0.003602877999583143,10240,10252,2842.17228592941
10KB,333,0.0038517469984071795,10240,10252,2658.53390792141
10KB,334,0.003751093001483241,10240,10252,2729.870999186355
10KB,335,0.00540685099986149,10240,10252,1893.8935066385818
10KB,336,0.0035096310002700193,10240,10252,2917.6856482097887
10KB,337,0.0038736259994038846,10240,10252,2643.517985880888
10KB,338,0.004258134000338032,10240,10252,2404.809242543118
10KB,339,0.004123376000279677,10240,10252,2483.4019500781515
10KB,340,0.004380161999506527,10240,10252,2337.813076583389
10KB,341,0.004347423999206512,10240,10252,2355.4178294707385
10KB,342,0.0036715349997393787,10240,10252,2789.0242094183714
10KB,343,0.003129103000901523,10240,10252,3272.5033330797237
10KB,344,0.004290450999178574,10240,10252,2386.695478391547
10KB,345,0.0036851939985353965,10240,10252,2778.686821933845
10KB,346,0.0035715909998543793,10240,10252,2867.0696057912296
10KB,347,0.003746639999008039,10240,10252,2733.115538912504
10KB,348,0.0037236059997667326,10240,10252,2750.0224246715393
10KB,349,0.003995828001279733,10240,10252,2562.672866980376
10KB,350,0.003671514001325704,10240,10252,2789.040160626531
10KB,351,0.004039621000629268,10240,10252,2534.891267870148
10KB,352,0.0032621840000501834,10240,10252,3139.001356098391
10KB,353,0.0037787370001751697,10240,10252,2709.9001596367534
10KB,354,0.007902346000264515,10240,10252,1295.8177229467346
10KB,355,0.0030453939998551505,10240,10252,3362.454907472416
10KB,356,0.0033193569997820305,10240,10252,3084.934823422856
10KB,357,0.0043219029994361335,10240,10252,2369.326660347533
10KB,358,0.04281803899903025,10240,10252,239.15154078475936
10KB,359,0.036904459999277606,10240,10252,277.4732376574659
10KB,360,0.005310327000188408,10240,10252,1928.318161882816
10KB,361,0.0038286850012809737,10240,10252,2674.5475265199343
10KB,362,0.003943339999750606,10240,10252,2596.7834375548705
10KB,363,0.003557404001185205,10240,10252,2878.5035370141777
10KB,364,0.004073332998814294,10240,10252,2513.911826747472
10KB,365,0.004092712999408832,10240,10252,2502.007837216807
10KB,366,0.005869892000191612,10240,10252,1744.49546936566
10KB,367,0.004207617999782087,10240,10252,2433.6810044377435
10KB,368,0.0037108449996594572,10240,10252,2759.4793102217204
10KB,369,0.004024070000014035,10240,10252,2544.6873438991583
10KB,370,0.003985765999459545,10240,10252,2569.14229319747
10KB,371,0.003518399000313366,10240,10252,2910.414651404794
10KB,372,0.003723171999808983,10240,10252,2750.342987249948
10KB,373,0.003992328000094858,10240,10252,2564.9195155700377
10KB,374,0.0033583540007384727,10240,10252,3049.112749206401
10KB,375,0.004020476000732742,10240,10252,2546.9621005407653
10KB,376,0.0035686570008692797,10240,10252,2869.426789267129
10KB,377,0.00523555700056022,10240,10252,1955.85684558573
10KB,378,0.0038494229993375484,10240,10252,2660.138935565723
10KB,379,0.004031033000501338,10240,10252,2540.2917809718883
10KB,380,0.0039577980005560676,10240,10252,2587.2972795886217
10KB,381,0.004166705000898219,10240,10252,2457.5773897582285
10KB,382,0.003670287000204553,10240,10252,2789.972555124246
10KB,383,0.0035746310004469706,10240,10252,2864.631342009733
10KB,384,0.003197461999661755,10240,10252,3202.5400148878216
10KB,385,0.004504013999394374,10240,10252,2273.5275692697464
10KB,386,0.0037762930005555972,10240,10252,2711.6539946697494
10KB,387,0.003529319999870495,10240,10252,2901.4087700678165
10KB,388,0.002805485000862973,10240,10252,3649.992780873951
10KB,389,0.0036315430006652605,10240,10252,2819.73805573117
10KB,390,0.004183969000223442,10240,10252,2447.4368714139946
10KB,391,0.0034292840009584324,10240,10252,2986.046065924571
10KB,392,0.0034559030009404523,10240,10252,2963.046126356381
10KB,393,0.003041298999960418,10240,10252,3366.9823322643624
10KB,394,0.0032737909987190505,10240,10252,3127.8722447482587
10KB,395,0.004462320999664371,10240,10252,2294.769919234898
10KB,396,0.006118793000496225,10240,10252,1673.532672075939
10KB,397,0.004276604999176925,10240,10252,2394.422679197819
10KB,398,0.003259761000663275,10240,10252,3141.3345941363286
10KB,399,0.004013321999082109,10240,10252,2551.502222433685
10KB,400,0.0040151329994841944,10240,10252,2550.351383457406
10KB,401,0.0036942940005246783,10240,10252,2771.8421973307145
10KB,402,0.004105653000806342,10240,10252,2494.1221281946832
10KB,403,0.004672560999097186,10240,10252,2191.517671353789
10KB,404,0.0036095450013817754,10240,10252,2836.922658141126
10KB,405,0.004433840000274358,10240,10252,2309.5104918910847
10KB,406,0.003972569998950348,10240,10252,2577.6764167039632
10KB,407,0.004348300000856398,10240,10252,2354.9433107152754
10KB,408,0.004354799999418901,10240,10252,2351.4283093061476
10KB,409,0.0047732820003147935,10240,10252,2145.27446719567
10KB,410,0.0036566320013662335,10240,10252,2800.3911785965915
10KB,411,0.003760558000067249,10240,10252,2723.000150460884
10KB,412,0.00446366600044712,10240,10252,2294.078454564986
10KB,413,0.004081224000401562,10240,10252,2509.051205959893
10KB,414,0.0036471029998210724,10240,10252,2807.707926127224
10KB,415,0.033871790999910445,10240,10252,302.31646150707155
10KB,416,0.007996954000191181,10240,10252,1280.4875456023876
10KB,417,0.003381640000952757,10240,10252,3028.116534319129
10KB,418,0.004678331999457441,10240,10252,2188.8143041553185
10KB,419,0.00458865499967942,10240,10252,2231.590738618485
10KB,420,0.004634061999240657,10240,10252,2209.7244278729845
10KB,421,0.004599406000124873,10240,10252,2226.3744491619104
10KB,422,0.004460902000573697,10240,10252,2295.4998784288646
10KB,423,0.004584842999975081,10240,10252,2233.44616163643
10KB,424,0.004283801001292886,10240,10252,2390.400487069657
10KB,425,0.0037984470000083093,10240,10252,2695.8385887647237
10KB,426,0.003439992000494385,10240,10252,2976.751108295699
10KB,427,0.0036752889991475968,10240,10252,2786.1754551478657
10KB,428,0.0037153009998291964,10240,10252,2756.169688666077
10KB,429,0.004783012000189046,10240,10252,2140.91037187347
10KB,430,0.0029868340006942162,10240,10252,3428.379346699536
10KB,431,0.004281147999790846,10240,10252,2391.8818037826
10KB,432,0.004052201000376954,10240,10252,2527.0217343728577
10KB,433,0.0037086320007801987,10240,10252,2761.1259348044705
10KB,434,0.0037136970004212344,10240,10252,2757.3601181891
10KB,435,0.0035677129999385215,10240,10252,2870.186026784232
10KB,436,0.0037857580009585945,10240,10252,2704.8744260481317
10KB,437,0.0044837639998149825,10240,10252,2283.7954897765676
10KB,438,0.004648890000680694,10240,10252,2202.676337469945
10KB,439,0.005685049000021536,10240,10252,1801.2157854683767
10KB,440,0.0035841370008711237,10240,10252,2857.033645061885
10KB,441,0.004023694000352407,10240,10252,2544.9251357342655
10KB,442,0.0034913580002466915,10240,10252,2932.956173293161
10KB,443,0.004166762000750168,10240,10252,2457.543770956064
10KB,444,0.003233948998968117,10240,10252,3166.4073871503115
10KB,445,0.004382479999549105,10240,10252,2336.576550504178
10KB,446,0.003896580999935395,10240,10252,2627.944857342829
10KB,447,0.004009153000879451,10240,10252,2554.1554532225996
10KB,448,0.004219094000291079,10240,10252,2427.061354711114
10KB,449,0.0038703430000168737,10240,10252,2645.760336992188
10KB,450,0.004045740999572445,10240,10252,2531.05673375586
10KB,451,0.003949407999243704,10240,10252,2592.793654634041
10KB,452,0.004596736000166857,10240,10252,2227.667631908445
10KB,453,0.004803108000487555,10240,10252,2131.9528936181646
10KB,454,0.004260367000824772,10240,10252,2403.5488017857665
10KB,455,0.0038710950011591194,10240,10252,2645.2463700668272
10KB,456,0.004020194999611704,10240,10252,2547.1401265334257
10KB,457,0.005261537000478711,10240,10252,1946.199370843222
10KB,458,0.004634120999980951,10240,10252,2209.6962940851336
10KB,459,0.003529163999701268,10240,10252,2901.537021477829
10KB,460,0.004335867999543552,10240,10252,2361.695513119401
10KB,461,0.004399072999149212,10240,10252,2327.763145094531
10KB,462,0.003989222001109738,10240,10252,2566.9165559478506
10KB,463,0.003863493000608287,10240,10252,2650.4512880928646
10KB,464,0.0034051929997076513,10240,10252,3007.1716936100665
10KB,465,0.00305859099898953,10240,10252,3347.9468171399835
10KB,466,0.006424272000003839,10240,10252,1593.9549259424073
10KB,467,0.004611543999999412,10240,10252,2220.5144307419173
10KB,468,0.0029488719992514234,10240,10252,3472.5142368334205
10KB,469,0.0033756030006770743,10240,10252,3033.532082400114
10KB,470,0.0035559210009523667,10240,10252,2879.7040196498924
10KB,471,0.003928984000594937,10240,10252,2606.271748230441
10KB,472,0.0033117530001618434,10240,10252,3092.018033802514
10KB,473,0.0027970400005870033,10240,10252,3661.013070192408
10KB,474,0.0049932540005102055,10240,10252,2050.7668944847765
10KB,475,0.004645330000130343,10240,10252,2204.364383092843
10KB,476,0.003953773000830552,10240,10252,2589.9311867041756
10KB,477,0.002827733000231092,10240,10252,3621.2754171497636
10KB,478,0.0034357799995632377,10240,10252,2980.4003752573585
10KB,479,0.0038325410005199956,10240,10252,2671.8566086078786
10KB,480,0.003768595001020003,10240,10252,2717.1930115144914
10KB,481,0.00991544799944677,10240,10252,1032.7319552854635
10KB,482,0.0045453610000549816,10240,10252,2252.8463635509115
10KB,483,0.0036019229992234614,10240,10252,2842.9258488334262
10KB,484,0.003948820000005071,10240,10252,2593.1797347022275
10KB,485,0.003829651999694761,10240,10252,2673.872195389077
10KB,486,0.003678025999761303,10240,10252,2784.1021245267316
10KB,487,0.0035370300010981737,10240,10252,2895.0842929861196
10KB,488,0.0042412589991727145,10240,10252,2414.377429437198
10KB,489,0.003705758001160575,10240,10252,2763.267325279476
10KB,490,0.004485429000851582,10240,10252,2282.947739905343
10KB,491,0.003865107999445172,10240,10252,2649.3438220794687
10KB,492,0.004396930999064352,10240,10252,2328.89713351859
10KB,493,0.004194398999970872,10240,10252,2441.350953991528
10KB,494,0.003914929999154992,10240,10252,2615.6278661968986
10KB,495,0.007555115998911788,10240,10252,1355.372968657918
10KB,496,0.004861088998950436,10240,10252,2106.523867843385
10KB,497,0.012224820999108488,10240,10252,837.6400767542335
10KB,498,0.004270090999852982,10240,10252,2398.0753572587932
10KB,499,0.003524022000419791,10240,10252,2905.770735477867
10KB,500,0.003795881000769441,10240,10252,2697.660964061916
10KB,501,0.003899806000845274,10240,10252,2625.7716403791633
10KB,502,0.0037891620013397187,10240,10252,2702.4444973267136
10KB,503,0.0037181919997237856,10240,10252,2754.026688444465
10KB,504,0.004004915999757941,10240,10252,2556.857622137121
10KB,505,0.003818488001343212,10240,10252,2681.6897149861206
10KB,506,0.0037387120009952923,10240,10252,2738.911153700521
10KB,507,0.003447778999543516,10240,10252,2970.027951720737
10KB,508,0.0029641660003107972,10240,10252,3454.597346749919
10KB,509,0.004061829999045585,10240,10252,2521.0311614238185
10KB,510,0.003747692999240826,10240,10252,2732.347607467935
10KB,511,0.004017561001091963,10240,10252,2548.810085824906
10KB,512,0.003963142000429798,10240,10252,2583.808503174876
10KB,513,0.0037411040011647856,10240,10252,2737.1599391013447
10KB,514,0.0033243309990211856,10240,10252,3080.3190184777213
10KB,515,0.0036669580003945157,10240,10252,2792.505395179959
10KB,516,0.004813011999431183,10240,10252,2127.5658571410577
10KB,517,0.003842611000436591,10240,10252,2664.854703959508
10KB,518,0.003330715000629425,10240,10252,3074.4149523645483
10KB,519,0.003886880000209203,10240,10252,2634.503766375307
10KB,520,0.004004438000265509,10240,10252,2557.1628276729593
10KB,521,0.0038954449992161244,10240,10252,2628.7112260757326
10KB,522,0.0033184870007971767,10240,10252,3085.743592649336
10KB,523,0.003559979000783642,10240,10252,2876.421461403541
10KB,524,0.003474537999863969,10240,10252,2947.1544131625283
10KB,525,0.0036840209995716577,10240,10252,2779.5715608544597
10KB,526,0.0052460009992501,10240,10252,1951.9630288792887
10KB,527,0.0032667679988662712,10240,10252,3134.5966421716457
10KB,528,0.0035022029987885617,10240,10252,2923.873916943733
10KB,529,0.0035806119994958863,10240,10252,2859.8463060062604
10KB,530,0.003525057998558623,10240,10252,2904.9167429832587
10KB,531,0.003314710000267951,10240,10252,3089.2596936601485
10KB,532,0.003483755999695859,10240,10252,2939.3562582723875
10KB,533,0.004066061001140042,10240,10252,2518.4078638094484
10KB,534,0.004025468999316217,10240,10252,2543.8029709679563
10KB,535,0.005702065998775652,10240,10252,1795.8403151066182
10KB,536,0.004555281999273575,10240,10252,2247.939864454706
10KB,537,0.003986626001278637,10240,10252,2568.588073402348
10KB,538,0.004769287999806693,10240,10252,2147.0710094284605
10KB,539,0.0044370949999574805,10240,10252,2307.8162626894687
10KB,540,0.004152550000071642,10240,10252,2465.954654326458
10KB,541,0.003987415000665351,10240,10252,2568.0798207087364
10KB,542,0.004110789999685949,10240,10252,2491.0053787185198
10KB,543,0.0041113110000878805,10240,10252,2490.6897093849425
10KB,544,0.005072640000435058,10240,10252,2018.672722511702
10KB,545,0.004754649999085814,10240,10252,2153.681133620533
10KB,546,0.004661843000576482,10240,10252,2196.5561686083647
10KB,547,0.0049928370008274214,10240,10252,2050.938173688228
10KB,548,0.004656709001210402,10240,10252,2198.9778612617524
10KB,549,0.004079837000972475,10240,10252,2509.904194103632
10KB,550,0.006501018000562908,10240,10252,1575.1379244163518
10KB,551,0.004286150999178062,10240,10252,2389.0898855321907
10KB,552,0.006589440001334879,10240,10252,1554.0015536867468
10KB,553,0.004253891000189469,10240,10252,2407.2078949704887
10KB,554,0.004076702000020305,10240,10252,2511.834320965574
10KB,555,0.004121698999369983,10240,10252,2484.4123749854666
10KB,556,0.00463423499968485,10240,10252,2209.641936737427
10KB,557,0.004298558998925728,10240,10252,2382.1936613081557
10KB,558,0.004032818998894072,10240,10252,2539.1667721284134
10KB,559,0.00399011999979848,10240,10252,2566.3388571063447
10KB,560,0.004532618000666844,10240,10252,2259.1800143964215
10KB,561,0.004359556000053999,10240,10252,2348.863049327308
10KB,562,0.00366374900113442,10240,10252,2794.9512908306087
10KB,563,0.004145767999943928,10240,10252,2469.988672819728
10KB,564,0.0038526169992110226,10240,10252,2657.9335558393295
10KB,565,0.004702488999100751,10240,10252,2177.5702190814645
10KB,566,0.008168042000761488,10240,10252,1253.666423243826
10KB,567,0.004756299998916802,10240,10252,2152.934003812218
10KB,568,0.005167756999071571,10240,10252,1981.5173201525727
10KB,569,0.009481736999077839,10240,10252,1079.9708957331243
10KB,570,0.0040784630000416655,10240,10252,2510.749760362026
10KB,571,0.004324928999267286,10240,10252,2367.6689262956284
10KB,572,0.003462566000962397,10240,10252,2957.34435015935
10KB,573,0.0037031660012871725,10240,10252,2765.2014509856454
10KB,574,0.004655939001168008,10240,10252,2199.341528622079
10KB,575,0.003049597000426729,10240,10252,3357.8207214156887
10KB,576,0.06287237799915601,10240,10252,162.86961501817953
10KB,577,0.0038238300003285985,10240,10252,2677.9433183797482
10KB,578,0.0042140349996770965,10240,10252,2429.975071584514
10KB,579,0.003996457999164704,10240,10252,2562.2688896368363
10KB,580,0.0045085679994372185,10240,10252,2271.231131764722
10KB,581,0.004936369999995804,10240,10252,2074.3987991193335
10KB,582,0.004514217000178178,10240,10252,2268.388958615818
10KB,583,0.00434844399933354,10240,10252,2354.8653269007086
10KB,584,0.0036952219998056535,10240,10252,2771.146090962481
10KB,585,0.004766546000610106,10240,10252,2148.3061316704607
10KB,586,0.0038965609983279137,10240,10252,2627.9583469613776
10KB,587,0.004110685998966801,10240,10252,2491.0684013747996
10KB,588,0.006289207000008901,10240,10252,1628.1861926289766
10KB,589,0.004108395000002929,10240,10252,2492.4575168630818
10KB,590,0.005232462999629206,10240,10252,1957.0133607682747
10KB,591,0.004216232000544551,10240,10252,2428.708856314701
10KB,592,0.003875783000694355,10240,10252,2642.0467807835166
10KB,593,0.0034449640006641857,10240,10252,2972.454863977022
10KB,594,0.004205507000733633,10240,10252,2434.9026165486534
10KB,595,0.003911864998372039,10240,10252,2617.677247108854
10KB,596,0.0032905139996728394,10240,10252,3111.9758192848035
10KB,597,0.00453723000100581,10240,10252,2256.883604694936
10KB,598,0.004829363000681042,10240,10252,2120.36245744127
10KB,599,0.004569851000269409,10240,10252,2240.7732767209072
10KB,600,0.004363620000731316,10240,10252,2346.675466306378
10KB,601,0.004596770000716788,10240,10252,2227.6511547028126
10KB,602,0.003751305999685428,10240,10252,2729.715997804149
10KB,603,0.0036385100011102622,10240,10252,2814.338835642982
10KB,604,0.004197686001134571,10240,10252,2439.4392523005017
10KB,605,0.0038917539986869087,10240,10252,2631.204337030298
10KB,606,0.004875008999079,10240,10252,2100.5089430469907
10KB,607,0.004711277000751579,10240,10252,2173.508371162731
10KB,608,0.004724278000139748,10240,10252,2167.52697442807
10KB,609,0.005412631000581314,10240,10252,1891.8710695224245
10KB,610,0.0037131850003788713,10240,10252,2757.740322379621
10KB,611,0.0034791020007105544,10240,10252,2943.2882387204036
10KB,612,0.004225503998895874,10240,10252,2423.3795548828534
10KB,613,0.0030909879988030298,10240,10252,3312.8566024731867
10KB,614,0.004513785999733955,10240,10252,2268.6055565335955
10KB,615,0.004322216000218759,10240,10252,2369.1550814401053
10KB,616,0.004498507998505374,10240,10252,2276.3102796309868
10KB,617,0.004522633998931269,10240,10252,2264.167297733972
10KB,618,0.0038645320000796346,10240,10252,2649.7387005176797
10KB,619,0.0042377739991934504,10240,10252,2416.3629306208677
10KB,620,0.003914990000339458,10240,10252,2615.5877790523396
10KB,621,0.0038656870001432253,10240,10252,2648.947004664528
10KB,622,0.004751462000058382,10240,10252,2155.1261485147475
10KB,623,0.003967362999901525,10240,10252,2581.0595098694453
10KB,624,0.004234649999489193,10240,10252,2418.1455377032826
10KB,625,0.0037531239995587384,10240,10252,2728.3937331151155
10KB,626,0.00439129499864066,10240,10252,2331.8861527567215
10KB,627,0.004060094999658759,10240,10252,2522.108473043278
10KB,628,0.003830245999779436,10240,10252,2673.457527425045
10KB,629,0.004583293000905542,10240,10252,2234.2014787134135
10KB,630,0.0036000079999212176,10240,10252,2844.4381235330843
10KB,631,0.003969789999246132,10240,10252,2579.4815347775548
10KB,632,0.0038334580003720475,10240,10252,2671.2174749289493
10KB,633,0.004177934000836103,10240,10252,2450.9721785817424
10KB,634,0.009236449001036817,10240,10252,1108.6511709045903
10KB,635,0.004017979999844101,10240,10252,2548.5442935000456
10KB,636,0.003522975999658229,10240,10252,2906.633482883052
10KB,637,0.0036777660006919177,10240,10252,2784.2989461737084
10KB,638,0.003148719999444438,10240,10252,3252.1151457756646
10KB,639,0.00403822399857745,10240,10252,2535.7681999827787
10KB,640,0.004171169000983355,10240,10252,2454.947281586029
10KB,641,0.004421128000103636,10240,10252,2316.1509912764263
10KB,642,0.0039190079987747595,10240,10252,2612.9061239990933
10KB,643,0.004064000000653323,10240,10252,2519.685038965018
10KB,644,0.004794268001205637,10240,10252,2135.8839341949383
10KB,645,0.0036907699995936127,10240,10252,2774.4887926171277
10KB,646,0.005037519000325119,10240,10252,2032.7466753652175
10KB,647,0.00423335100094846,10240,10252,2418.8875426832747
10KB,648,0.004918013999485993,10240,10252,2082.1412873306654
10KB,649,0.0048192650010605576,10240,10252,2124.8053381058153
10KB,650,0.005000060999009293,10240,10252,2047.9750151106045
10KB,651,0.004549637000309303,10240,10252,2250.7290140518558
10KB,652,0.0045083010008966085,10240,10252,2271.365642614252
10KB,653,0.005218805999902543,10240,10252,1962.1346338973367
10KB,654,0.004402601000037976,10240,10252,2325.897804482321
10KB,655,0.004076725999766495,10240,10252,2511.8195337598167
10KB,656,0.004632492000382626,10240,10252,2210.4733260530647
10KB,657,0.003007736000654404,10240,10252,3404.5541223604882
10KB,658,0.003659465000964701,10240,10252,2798.2232368120885
10KB,659,0.004565707000438124,10240,10252,2242.8070831127297
10KB,660,0.004215213999486878,10240,10252,2429.29540498929
10KB,661,0.003695117000461323,10240,10252,2771.224835024593
10KB,662,0.006763887999113649,10240,10252,1513.922170405818
10KB,663,0.0042750620013976,10240,10252,2395.28689798004
10KB,664,0.01764747999914107,10240,10252,580.2528179943197
10KB,665,0.006305119999524322,10240,10252,1624.0769407675884
10KB,666,0.01620107700000517,10240,10252,632.0567453630849
10KB,667,0.01708163400144258,10240,10252,599.474265701701
10KB,668,0.006912737000675406,10240,10252,1481.3235335004795
10KB,669,0.01950682099959522,10240,10252,524.9445822162662
10KB,670,0.023706378999122535,10240,10252,431.9512482433113
10KB,671,0.010374139999839826,10240,10252,987.069771581847
10KB,672,0.0035698829997272696,10240,10252,2868.44134689633
10KB,673,0.0034585379999043653,10240,10252,2960.7886338918797
10KB,674,0.004380862001198693,10240,10252,2337.4395261019695
10KB,675,0.0038327829988702433,10240,10252,2671.6879100690953
10KB,676,0.0030265969999163644,10240,10252,3383.3377883751846
10KB,677,0.00423075999970024,10240,10252,2420.368917340036
10KB,678,0.0035043660009250743,10240,10252,2922.069212318824
10KB,679,0.0036976650008000433,10240,10252,2769.3152294175993
10KB,680,0.003165557000102126,10240,10252,3234.817758666055
10KB,681,0.004010337999716285,10240,10252,2553.400735978972
10KB,682,0.004020860000309767,10240,10252,2546.71886094296
10KB,683,0.003547464000803302,10240,10252,2886.5691089976426
10KB,684,0.0034833009995054454,10240,10252,2939.7402066183377
10KB,685,0.004123737000554684,10240,10252,2483.1845480501343
10KB,686,0.004798367999683251,10240,10252,2134.0589135047503
10KB,687,0.0036564369984262157,10240,10252,2800.540527406173
10KB,688,0.004284619999452843,10240,10252,2389.9435658956163
10KB,689,0.0034235749990330078,10240,10252,2991.0254639937193
10KB,690,0.003101001000686665,10240,10252,3302.1595277565284
10KB,691,0.004183388000456034,10240,10252,2447.7767777896124
10KB,692,0.003446998000072199,10240,10252,2970.7008822707526
10KB,693,0.004022384000563761,10240,10252,2545.7539604783638
10KB,694,0.004532441000264953,10240,10252,2259.26823965307
10KB,695,0.003426380000746576,10240,10252,2988.576864728606
10KB,696,0.0043201850003242726,10240,10252,2370.2688656229734
10KB,697,0.003610079000281985,10240,10252,2836.5030236734847
10KB,698,0.003661821001514909,10240,10252,2796.422871506738
10KB,699,0.004683379000198329,10240,10252,2186.455548347969
10KB,700,0.0032147040001291316,10240,10252,3185.3632557114647
10KB,701,0.0035530900004232535,10240,10252,2881.998485481703
10KB,702,0.0037980420001986204,10240,10252,2696.1260563902383
10KB,703,0.004078916999787907,10240,10252,2510.4703038900893
10KB,704,0.003775891000259435,10240,10252,2711.94269095597
10KB,705,0.003689254001074005,10240,10252,2775.628893271908
10KB,706,0.003442780998739181,10240,10252,2974.339641048938
10KB,707,0.0035702669993042946,10240,10252,2868.132832081011
10KB,708,0.00381725099941832,10240,10252,2682.558731809983
10KB,709,0.0038992079989839112,10240,10252,2626.1743417300195
10KB,710,0.005982803000733838,10240,10252,1711.5723179827219
10KB,711,0.0036004129997309064,10240,10252,2844.118161101333
10KB,712,0.003242693999709445,10240,10252,3157.8681185821215
10KB,713,0.004506187000515638,10240,10252,2272.431214867081
10KB,714,0.003767578000406502,10240,10252,2717.9264766104798
10KB,715,0.0034026020002784207,10240,10252,3009.461582389625
10KB,716,0.004334451999966404,10240,10252,2362.4670431416403
10KB,717,0.003240456000639824,10240,10252,3160.049078888318
10KB,718,0.0030348609998327447,10240,10252,3374.124877733886
10KB,719,0.0053666780004277825,10240,10252,1908.0705045437346
10KB,720,0.0036840760003542528,10240,10252,2779.530063716206
10KB,721,0.003233417999581434,10240,10252,3166.9273818991446
10KB,722,0.0027446309995866613,10240,10252,3730.9204776679026
10KB,723,0.004915801000606734,10240,10252,2083.07862721378
10KB,724,0.002880590000131633,10240,10252,3554.8273095206423
10KB,725,0.005620265999823459,10240,10252,1821.977821035811
10KB,726,0.0036387459986144677,10240,10252,2814.1563065680057
10KB,727,0.004093438999916543,10240,10252,2501.564088339602
10KB,728,0.003758003000257304,10240,10252,2724.851470128918
10KB,729,0.0046283320007205475,10240,10252,2212.460125679363
10KB,730,0.0038518089986609994,10240,10252,2658.491115099352
10KB,731,0.0034432349984854227,10240,10252,2973.9474664100107
10KB,732,0.004939784001180669,10240,10252,2072.9651332026897
10KB,733,0.003090155998506816,10240,10252,3313.7485631625186
10KB,734,0.003452092998486478,10240,10252,2966.3163780609575
10KB,735,0.0030872819988871925,10240,10252,3316.8333840870373
10KB,736,0.002895874999012449,10240,10252,3536.0642304975336
10KB,737,0.02484975600054895,10240,10252,412.0764807418548
10KB,738,0.01727776199913933,10240,10252,592.6693515346544
10KB,739,0.0030617979991802713,10240,10252,3344.4400978580343
10KB,740,0.021590447000562563,10240,10252,474.2838348707271
10KB,741,0.0033113779991253978,10240,10252,3092.368193152395
10KB,742,0.0041481650005152915,10240,10252,2468.5613997340924
10KB,743,0.004587925999658182,10240,10252,2231.945327968001
10KB,744,0.0050142630007030675,10240,10252,2042.1744927548102
10KB,745,0.00320909199945163,10240,10252,3190.933760001213
10KB,746,0.0034651770001801196,10240,10252,2955.1160011357933
10KB,747,0.0036396169998624828,10240,10252,2813.4828473399543
10KB,748,0.004396637999889208,10240,10252,2329.0523350473795
10KB,749,0.0044732410005963175,10240,10252,2289.167965382355
10KB,750,0.0028363930014165817,10240,10252,3610.2190334293696
10KB,751,0.002909720999014098,10240,10252,3519.2377562899064
10KB,752,0.003400044999580132,10240,10252,3011.724845190145
10KB,753,0.002606378000564291,10240,10252,3928.823830535325
10KB,754,0.004488110000238521,10240,10252,2281.5840074008424
10KB,755,0.0037246510000841226,10240,10252,2749.2508693482223
10KB,756,0.002907363999838708,10240,10252,3522.090801347229
10KB,757,0.003538811999533209,10240,10252,2893.6264490316858
10KB,758,0.002861705999748665,10240,10252,3578.285121147787
10KB,759,0.0030275940007413737,10240,10252,3382.223639461734
10KB,760,0.004822823000722565,10240,10252,2123.237779712385
10KB,761,0.003213912999854074,10240,10252,3186.1472293944926
10KB,762,0.00361999599954288,10240,10252,2828.7324077963267
10KB,763,0.0034433810014888877,10240,10252,2973.821367885899
10KB,764,0.003738725999937742,10240,10252,2738.900898373007
10KB,765,0.0043304249993525445,10240,10252,2364.6639767530933
10KB,766,0.0036387780000950443,10240,10252,2814.1315572789913
10KB,767,0.0039758979983162135,10240,10252,2575.5187895505933
10KB,768,0.0042664220000006026,10240,10252,2400.137632892047
10KB,769,0.0047320459998445585,10240,10252,2163.968820323465
10KB,770,0.003702959000293049,10240,10252,2765.3560299181318
10KB,771,0.0036517799999273848,10240,10252,2804.1119673703292
10KB,772,0.0037288050007191487,10240,10252,2746.1881214021873
10KB,773,0.0032891610007936833,10240,10252,3113.2559329047926
10KB,774,0.0037784399992233375,10240,10252,2710.1131689546064
10KB,775,0.003038522001588717,10240,10252,3370.0595205978198
10KB,776,0.006612732000576216,10240,10252,1548.527900285043
10KB,777,0.015637717999197775,10240,10252,654.8270022854562
10KB,778,0.003637505000369856,10240,10252,2815.1164050520374
10KB,779,0.003949129999455181,10240,10252,2592.9761748569185
10KB,780,0.003430179998758831,10240,10252,2985.2660804112957
10KB,781,0.005231236000327044,10240,10252,1957.4723830773112
10KB,782,0.004140815999562619,10240,10252,2472.9425313951688
10KB,783,0.009135068999967189,10240,10252,1120.954860881377
10KB,784,0.0036994279998907587,10240,10252,2767.995484789102
10KB,785,0.0031869739996182034,10240,10252,3213.0792410690337
10KB,786,0.003947348999645328,10240,10252,2594.146096765214
10KB,787,0.0037196310004219413,10240,10252,2752.96124772549
10KB,788,0.0036588350012607407,10240,10252,2798.7050513268728
10KB,789,0.0030699489998369245,10240,10252,3335.5602977586755
10KB,790,0.0030469579996861285,10240,10252,3360.7289634628496
10KB,791,0.0030832489992462797,10240,10252,3321.171920433035
10KB,792,0.0037322399984986987,10240,10252,2743.6606445778034
10KB,793,0.002922359000876895,10240,10252,3504.0184990712446
10KB,794,0.005169536001631059,10240,10252,1980.8354167122816
10KB,795,0.004024370999104576,10240,10252,2544.4970163730936
10KB,796,0.004117708000194398,10240,10252,2486.8203377987384
10KB,797,0.0036306519996287534,10240,10252,2820.4300497671147
10KB,798,0.003869211001074291,10240,10252,2646.5343960711502
10KB,799,0.0037862959998165024,10240,10252,2704.490087541034
10KB,800,0.0037210149985185126,10240,10252,2751.9373085238735
10KB,801,0.0029662739998457255,10240,10252,3452.14231744356
10KB,802,0.003601717000492499,10240,10252,2843.0884488147685
10KB,803,0.003994622000391246,10240,10252,2563.446553640635
10KB,804,0.004028174000268336,10240,10252,2542.0947554196673
10KB,805,0.003889030000209459,10240,10252,2633.047314998466
10KB,806,0.003935430000638007,10240,10252,2602.0028302726523
10KB,807,0.0038764109995099716,10240,10252,2641.618755414343
10KB,808,0.0035625620002974756,10240,10252,2874.335941141503
10KB,809,0.003178944001774653,10240,10252,3221.1954643691415
10KB,810,0.002902537000409211,10240,10252,3527.9481359088018
10KB,811,0.003965668000091682,10240,10252,2582.1627024156487
10KB,812,0.003237134000301012,10240,10252,3163.291973408519
10KB,813,0.009475474000282702,10240,10252,1080.6847234971558
10KB,814,0.01121108899860701,10240,10252,913.3813852759826
10KB,815,0.025389840000570985,10240,10252,403.31093066241124
10KB,816,0.011601361000430188,10240,10252,882.6550608691766
10KB,817,0.005029825000747223,10240,10252,2035.8561179521676
10KB,818,0.00278970500039577,10240,10252,3670.63900969718
10KB,819,0.0036737560003530234,10240,10252,2787.3380809765276
10KB,820,0.003840273000605521,10240,10252,2666.477096390124
10KB,821,0.0037321229992812732,10240,10252,2743.74665625222
10KB,822,0.004482256999835954,10240,10252,2284.563335028485
10KB,823,0.00444001500000013,10240,10252,2306.298514757202
10KB,824,0.0035300310009915847,10240,10252,2900.8243828803734
10KB,825,0.003092981998634059,10240,10252,3310.720852731199
10KB,826,0.003525759999320144,10240,10252,2904.338355978436
10KB,827,0.0034788569992088014,10240,10252,2943.4955223307225
10KB,828,0.0038312190008582547,10240,10252,2672.7785589145583
10KB,829,0.004345330000433023,10240,10252,2356.5528967833416
10KB,830,0.003647155001090141,10240,10252,2807.6678937251763
10KB,831,0.004088445999514079,10240,10252,2504.6191147485
10KB,832,0.0041456679991824785,10240,10252,2470.0482532656542
10KB,833,0.004192536000118707,10240,10252,2442.4357953539493
10KB,834,0.002796447999571683,10240,10252,3661.7880974609243
10KB,835,0.0029205440005171113,10240,10252,3506.196105310143
10KB,836,0.002863409999918076,10240,10252,3576.1557025689553
10KB,837,0.0036308350008766865,10240,10252,2820.2878945277025
10KB,838,0.003829773000688874,10240,10252,2673.78771487451
10KB,839,0.0032484769999427954,10240,10252,3152.24642199416
10KB,840,0.0032029129997681594,10240,10252,3197.0896495600145
10KB,841,0.0037595289995806525,10240,10252,2723.7454482043354
10KB,842,0.0035970619992440334,10240,10252,2846.767723812395
10KB,843,0.004030901000078302,10240,10252,2540.3749682269754
10KB,844,0.0036723529992741533,10240,10252,2788.4029672593983
10KB,845,0.004969653000443941,10240,10252,2060.5060351467714
10KB,846,0.0036849879998044344,10240,10252,2778.84215648557
10KB,847,0.004337278000093647,10240,10252,2360.9277523319706
10KB,848,0.003255073999753222,10240,10252,3145.8578209823586
10KB,849,0.00329179800064594,10240,10252,3110.7619598744013
10KB,850,0.004347042000517831,10240,10252,2355.6248130982362
10KB,851,0.0034218450000480516,10240,10252,2992.537651429625
10KB,852,0.004092900999239646,10240,10252,2501.8929121184033
10KB,853,0.003557835001629428,10240,10252,2878.1548316069334
10KB,854,0.005374764999942272,10240,10252,1905.1995761879791
10KB,855,0.003524042000208283,10240,10252,2905.754244527954
10KB,856,0.004126501999053289,10240,10252,2481.520668679982
10KB,857,0.003652355999292922,10240,10252,2803.6697413895063
10KB,858,0.0037177939993853215,10240,10252,2754.3215147727446
10KB,859,0.0035695490005309694,10240,10252,2868.7097441376495
10KB,860,0.004000205999545869,10240,10252,2559.868167080024
10KB,861,0.0044989220004936215,10240,10252,2276.1008078994187
10KB,862,0.004451142000107211,10240,10252,2300.5332114215535
10KB,863,0.0033647790005488787,10240,10252,3043.2905098164256
10KB,864,0.004214140999465599,10240,10252,2429.913949556635
10KB,865,0.0035499269997671945,10240,10252,2884.566358877674
10KB,866,0.003717225999935181,10240,10252,2754.7423805220774
10KB,867,0.004281681000065873,10240,10252,2391.584053048898
10KB,868,0.004043715000079828,10240,10252,2532.324854693728
10KB,869,0.003681547001178842,10240,10252,2781.4394320434108
10KB,870,0.003653310001027421,10240,10252,2802.9376092147127
10KB,871,0.0036733289998664986,10240,10252,2787.6620908097684
10KB,872,0.0032967409988486907,10240,10252,3106.097811012779
10KB,873,0.004015011998490081,10240,10252,2550.428243763889
10KB,874,0.0038632470004813513,10240,10252,2650.6200609808593
10KB,875,0.003980827001214493,10240,10252,2572.3298191244994
10KB,876,0.00336926000090898,10240,10252,3039.24303771077
10KB,877,0.0038371779992303345,10240,10252,2668.62783067503
10KB,878,0.003941171999031212,10240,10252,2598.211903087994
10KB,879,0.005036398999436642,10240,10252,2033.1987201858744
10KB,880,0.004756714000905049,10240,10252,2152.7466225742514
10KB,881,0.003934652999305399,10240,10252,2602.516664571872
10KB,882,0.003433641000810894,10240,10252,2982.2570261660157
10KB,883,0.004872180999882403,10240,10252,2101.728158343698
10KB,884,0.003933533998861094,10240,10252,2603.257021031181
10KB,885,0.0035027369995077606,10240,10252,2923.4281653001713
10KB,886,0.0034418819996062666,10240,10252,2975.1165208950806
10KB,887,0.004702824999185395,10240,10252,2177.414639450486
10KB,888,0.0032913009999901988,10240,10252,3111.2316983559067
10KB,889,0.004195511000943952,10240,10252,2440.7038851038865
10KB,890,0.003617678001319291,10240,10252,2830.544895445556
10KB,891,0.0036349309993966017,10240,10252,2817.109871329013
10KB,892,0.003958915998737211,10240,10252,2586.5666266387784
10KB,893,0.003290779999588267,10240,10252,3111.724272446411
10KB,894,0.004058638000060455,10240,10252,2523.0138780170764
10KB,895,0.0030855240001983475,10240,10252,3318.7231729008554
10KB,896,0.0030772579993936233,10240,10252,3327.63778728264
10KB,897,0.0034980439995706547,10240,10252,2927.3502566739708
10KB,898,0.002859411999452277,10240,10252,3581.1558467130585
10KB,899,0.006150201999844285,10240,10252,1664.985963104832
10KB,900,0.0037920960003248183,10240,10252,2700.353577315257
10KB,901,0.0036331839983176906,10240,10252,2818.464466633545
10KB,902,0.0038287930001388304,10240,10252,2674.4720854924
10KB,903,0.0032286890000250423,10240,10252,3171.565920384582
10KB,904,0.019475503999274224,10240,10252,525.7887036136063
10KB,905,0.05088085100032913,10240,10252,201.2544955259054
10KB,906,0.002831318999596988,10240,10252,3616.6889006352058
10KB,907,0.004009442000096897,10240,10252,2553.9713505651234
10KB,908,0.004216748000544612,10240,10252,2428.4116572006337
10KB,909,0.003771863999645575,10240,10252,2714.8380750107126
10KB,910,0.0040409440007351805,10240,10252,2534.061347580419
10KB,911,0.004048634000355378,10240,10252,2529.2481363099655
10KB,912,0.004911380001431098,10240,10252,2084.9537191209447
10KB,913,0.00402263599971775,10240,10252,2545.5944810115793
10KB,914,0.003798535999521846,10240,10252,2695.7754253978364
10KB,915,0.003685093000967754,10240,10252,2778.7629775723003
10KB,916,0.004115648998777033,10240,10252,2488.0644591030045
10KB,917,0.0043662869993568165,10240,10252,2345.2420790269675
10KB,918,0.0063236269998014905,10240,10252,1619.3238469507216
10KB,919,0.00408378499923856,10240,10252,2507.4777447660185
10KB,920,0.004538133000096423,10240,10252,2256.434529305868
10KB,921,0.004364225998870097,10240,10252,2346.3496167822536
10KB,922,0.0034341030004725326,10240,10252,2981.8558146307714
10KB,923,0.002984483000545879,10240,10252,3431.0800222775756
10KB,924,0.003560705999916536,10240,10252,2875.8341745260714
10KB,925,0.0035870020001311786,10240,10252,2854.7516838924307
10KB,926,0.004964673000358744,10240,10252,2062.5729024368907
10KB,927,0.0037783789994136896,10240,10252,2710.1569222116136
10KB,928,0.0031278120004571974,10240,10252,3273.8540546884537
10KB,929,0.004607479000696912,10240,10252,2222.4735041551203
10KB,930,0.004142984000282013,10240,10252,2471.648454182532
10KB,931,0.004375642000013613,10240,10252,2340.2280168185935
10KB,932,0.0035527319996617734,10240,10252,2882.288897945262
10KB,933,0.0032116270012920722,10240,10252,3188.4150917526654
10KB,934,0.0035588600003393367,10240,10252,2877.325884981038
10KB,935,0.003760600000532577,10240,10252,2722.9697384858296
10KB,936,0.003661164000732242,10240,10252,2796.9246933357736
10KB,937,0.003073744001085288,10240,10252,3331.4420447455695
10KB,938,0.0032950450004136655,10240,10252,3107.6965561060483
10KB,939,0.004467992999707349,10240,10252,2291.8567689498877
10KB,940,0.0032319980000465875,10240,10252,3168.3187922308107
10KB,941,0.003876800999933039,10240,10252,2641.3530124906765
10KB,942,0.004102965998754371,10240,10252,2495.755510308588
10KB,943,0.003587491999496706,10240,10252,2854.3617662245892
10KB,944,0.0038395270003093174,10240,10252,2666.995179139267
10KB,945,0.004242719000103534,10240,10252,2413.546595885826
10KB,946,0.003030555999430362,10240,10252,3378.917928566494
10KB,947,0.003397135998966405,10240,10252,3014.3038144824254
10KB,948,0.0027745620009227423,10240,10252,3690.672616648848
10KB,949,0.0030000039987498894,10240,10252,3413.3287836506347
10KB,950,0.004493632999583497,10240,10252,2278.7797759516898
10KB,951,0.002901413001382025,10240,10252,3529.314852839771
10KB,952,0.003279548000136856,10240,10252,3122.381498783577
10KB,953,0.003901300999132218,10240,10252,2624.765431397814
10KB,954,0.003805514999839943,10240,10252,2690.8315958367493
10KB,955,0.004727633999209502,10240,10252,2165.988315024431
10KB,956,0.0095776019988989,10240,10252,1069.161153405336
10KB,957,0.004316594000556506,10240,10252,2372.240706140034
10KB,958,0.0037039060007373337,10240,10252,2764.648994321544
10KB,959,0.004147817000557552,10240,10252,2468.768510911531
10KB,960,0.00322332500036282,10240,10252,3176.8437867256257
10KB,961,0.003618161999838776,10240,10252,2830.1662558106273
10KB,962,0.003666159000204061,10240,10252,2793.113991899979
10KB,963,0.004716785000709933,10240,10252,2170.970268617026
10KB,964,0.005272202999549336,10240,10252,1942.2620868117765
10KB,965,0.004360535000159871,10240,10252,2348.3356972537936
10KB,966,0.004206663999866578,10240,10252,2434.232921936428
10KB,967,0.0042257249988324475,10240,10252,2423.252815275314
10KB,968,0.004497267000260763,10240,10252,2276.93841602161
10KB,969,0.003796660999796586,10240,10252,2697.106747362651
10KB,970,0.004001375000370899,10240,10252,2559.120302158839
10KB,971,0.004514296999332146,10240,10252,2268.348759843432
10KB,972,0.004143648000535904,10240,10252,2471.252384052807
10KB,973,0.00441971299915167,10240,10252,2316.8925226514684
10KB,974,0.0038214860014704755,10240,10252,2679.5858982761506
10KB,975,0.003418472000703332,10240,10252,2995.4903822214064
10KB,976,0.0038278170013654744,10240,10252,2675.1540098043206
10KB,977,0.004027206001410377,10240,10252,2542.705785702004
10KB,978,0.0048369370015279856,10240,10252,2117.042251483778
10KB,979,0.004058956001244951,10240,10252,2522.8162110797007
10KB,980,0.0037187529997027013,10240,10252,2753.61122419764
10KB,981,0.0031410830015374813,10240,10252,3260.0220990619405
10KB,982,0.003712989999257843,10240,10252,2757.8851551032412
10KB,983,0.003282968000348774,10240,10252,3119.1287880089385
10KB,984,0.004151221999563859,10240,10252,2466.743527827673
10KB,985,0.0038867589992150897,10240,10252,2634.5857826708357
10KB,986,0.003950084999814862,10240,10252,2592.34927868133
10KB,987,0.003966553000282147,10240,10252,2581.5865814150507
10KB,988,0.003676172000268707,10240,10252,2785.5062274701822
10KB,989,0.003236954999010777,10240,10252,3163.466901186261
10KB,990,0.00365959299961105,10240,10252,2798.1253656044078
10KB,991,0.0031777450003573904,10240,10252,3222.4108601691896
10KB,992,0.0035909550006181234,10240,10252,2851.6091118483396
10KB,993,0.0038421139997808496,10240,10252,2665.1994190136156
10KB,994,0.0037556719998974586,10240,10252,2726.542680052886
10KB,995,0.0034645989999262383,10240,10252,2955.6090041641214
10KB,996,0.006050562000382342,10240,10252,1692.4047715489771
10KB,997,0.004216926001390675,10240,10252,2428.3091514110065
10KB,998,0.003023987001142814,10240,10252,3386.25794228948
10KB,999,0.0033660420012893155,10240,10252,3042.1486113594874
1MB,0,0.22994688499966287,1048576,1048588,4560.079167854513
1MB,1,0.2347264840009302,1048576,1048588,4467.224925483248
1MB,2,0.21694494300027145,1048576,1048588,4833.373783682471
1MB,3,0.17536397699950612,1048576,1048588,5979.426436040243
1MB,4,0.23684451400004036,1048576,1048588,4427.275862508774
1MB,5,0.20249561900163826,1048576,1048588,5178.265115906121
1MB,6,0.20334354399892618,1048576,1048588,5156.672198088262
1MB,7,0.2173883340001339,1048576,1048588,4823.515506583504
1MB,8,0.21448736300044402,1048576,1048588,4888.7542153139775
1MB,9,0.20611051599917118,1048576,1048588,5087.445416924853
1MB,10,0.22502902100131905,1048576,1048588,4659.736754548888
1MB,11,0.1862241679991712,1048576,1048588,5630.719209359909
1MB,12,0.18397625400029938,1048576,1048588,5699.518156284961
1MB,13,0.22074232100021618,1048576,1048588,4750.226396319232
1MB,14,0.20387093699901015,1048576,1048588,5143.332421163548
1MB,15,0.1955875849998847,1048576,1048588,5361.1582759745115
1MB,16,0.21186853000108385,1048576,1048588,4949.182400966466
1MB,17,0.21749575299872959,1048576,1048588,4821.133220040967
1MB,18,0.23543974300082482,1048576,1048588,4453.691575752045
1MB,19,0.2290416110008664,1048576,1048588,4578.102622566837
1MB,20,0.15968335300021863,1048576,1048588,6566.59557993227
1MB,21,0.19745114099896455,1048576,1048588,5310.559334805256
1MB,22,0.2027001240003301,1048576,1048588,5173.04074268002
1MB,23,0.22607416400023794,1048576,1048588,4638.194747449763
1MB,24,0.20838076200016076,1048576,1048588,5032.019222576751
1MB,25,0.202904234000016,1048576,1048588,5167.836960957243
1MB,26,0.21687720400041144,1048576,1048588,4834.8834301553
1MB,27,0.1895643250009016,1048576,1048588,5531.504938996369
1MB,28,0.26165587100149423,1048576,1048588,4007.46215243155
1MB,29,0.1933818940015044,1048576,1048588,5422.307012836696
1MB,30,0.21240539800055558,1048576,1048588,4936.673031244042
1MB,31,0.21648585900038597,1048576,1048588,4843.623527383054
1MB,32,0.1469810509988747,1048576,1048588,7134.089686214231
1MB,33,0.16234924499985937,1048576,1048588,6458.767332123462
1MB,34,0.2130031249998865,1048576,1048588,4922.819794313153
1MB,35,0.19082137999976112,1048576,1048588,5495.065594857939
1MB,36,0.2196767009991163,1048576,1048588,4773.2690596269385
1MB,37,0.2344781520005199,1048576,1048588,4471.95609080745
1MB,38,0.19674652499998047,1048576,1048588,5329.578247951796
1MB,39,0.1841297669998312,1048576,1048588,5694.766343787104
1MB,40,0.21145284500016714,1048576,1048588,4958.911761150204
1MB,41,0.17674783599977673,1048576,1048588,5932.610116942674
1MB,42,0.22579086199948506,1048576,1048588,4644.014335719181
1MB,43,0.20498012700045365,1048576,1048588,5115.500782169382
1MB,44,0.2027579829991737,1048576,1048588,5171.564564263165
1MB,45,0.18165576799947303,1048576,1048588,5772.324278759163
1MB,46,0.19290196199835918,1048576,1048588,5435.797485610432
1MB,47,0.19470424199971603,1048576,1048588,5385.4810210120095
1MB,48,0.23895225600062986,1048576,1048588,4388.223896899454
1MB,49,0.22831615399991279,1048576,1048588,4592.649191175498
1MB,50,0.18488249400070345,1048576,1048588,5671.580782526713
1MB,51,0.20760124899970833,1048576,1048588,5050.913735116656
1MB,52,0.17097293700135197,1048576,1048588,6132.9940187651355
1MB,53,0.20260518299983232,1048576,1048588,5175.464834978421
1MB,54,0.338136784001108,1048576,1048588,3101.040908925673
1MB,55,0.21855826600040018,1048576,1048588,4797.69545754943
1MB,56,0.1930388579985447,1048576,1048588,5431.942619593746
1MB,57,0.18892708699968352,1048576,1048588,5550.162322683546
1MB,58,0.2027323759994033,1048576,1048588,5172.217781352724
1MB,59,0.21174044600047637,1048576,1048588,4952.176212935911
1MB,60,0.22181012699911662,1048576,1048588,4727.3585484407395
1MB,61,0.22013058599986834,1048576,1048588,4763.427105039493
1MB,62,0.21029636799903528,1048576,1048588,4986.182167467629
1MB,63,0.20591879000130575,1048576,1048588,5092.182214130876
1MB,64,0.1997302400013723,1048576,1048588,5249.961147559806
1MB,65,0.19394665300023917,1048576,1048588,5406.517636572501
1MB,66,0.15173860600043554,1048576,1048588,6910.410129884746
1MB,67,0.14877104699917254,1048576,1048588,7048.253145693275
1MB,68,0.18845893099933164,1048576,1048588,5563.949633162882
1MB,69,0.17466167400016275,1048576,1048588,6003.469312901599
1MB,70,0.16402139800084115,1048576,1048588,6392.921977135096
1MB,71,0.08818213399899832,1048576,1048588,11891.025454338755
1MB,72,0.2001353920004476,1048576,1048588,5239.3331809980655
1MB,73,0.20126690700089966,1048576,1048588,5209.877846412738
1MB,74,0.1878445179991104,1048576,1048588,5582.148529907942
1MB,75,0.19306196500110673,1048576,1048588,5431.292486813698
1MB,76,0.18695215600018855,1048576,1048588,5608.793300029888
1MB,77,0.17748100599965255,1048576,1048588,5908.102639456826
1MB,78,0.09372883300056856,1048576,1048588,11187.336558363415
1MB,79,0.16450872000132222,1048576,1048588,6373.984309108795
1MB,80,0.10880322400043951,1048576,1048588,9637.361481087768
1MB,81,0.08339079399956972,1048576,1048588,12574.241708328263
1MB,82,0.1976454810010182,1048576,1048588,5305.337590767371
1MB,83,0.20422162700015178,1048576,1048588,5134.500275033166
1MB,84,0.19254053100121382,1048576,1048588,5446.001392784096
1MB,85,0.19868090999989363,1048576,1048588,5277.688732151274
1MB,86,0.15261873000054038,1048576,1048588,6870.559072246816
1MB,87,0.08216973200069333,1048576,1048588,12761.097967207103
1MB,88,0.09389748300054634,1048576,1048588,11167.242896105094
1MB,89,0.10960065499966731,1048576,1048588,9567.242093609593
1MB,90,0.0813201230012055,1048576,1048588,12894.422208196313
1MB,91,0.1096368850012368,1048576,1048588,9564.080555446017
1MB,92,0.15474002399969322,1048576,1048588,6776.372220299506
1MB,93,0.12951197300026251,1048576,1048588,8096.363414970712
1MB,94,0.09697014300036244,1048576,1048588,10813.390261743563
1MB,95,0.09753725599875906,1048576,1048588,10750.51773051049
1MB,96,0.1280106819995126,1048576,1048588,8191.316409078991
1MB,97,0.12305982099860557,1048576,1048588,8520.864011429707
1MB,98,0.12994948900086456,1048576,1048588,8069.1044502146815
1MB,99,0.1282311220002157,1048576,1048588,8177.234852536315
10MB,0,1.0634017009997478,10320162,10320174,9704.857524957493
10MB,1,0.9037406980005471,10320162,10320174,11419.383925978458
10MB,2,0.9162892950007517,10320162,10320174,11262.99527486189
10MB,3,1.245131998000943,10320162,10320174,8288.407989328842
10MB,4,1.4580593789996783,10320162,10320174,7078.01215001291
10MB,5,1.0877892749995226,10320162,10320174,9487.280521316528
10MB,6,1.45336440400024,10320162,10320174,7100.877090146688
10MB,7,1.591985779999959,10320162,10320174,6482.571722468693
10MB,8,1.1745037999990018,10320162,10320174,8786.82725420622
10MB,9,1.1511714569987817,10320162,10320174,8964.921721483339
